date,value,series_id
1947-01-01,21.48,CPIAUCSL
1947-02-01,21.62,CPIAUCSL
1947-03-01,22.0,CPIAUCSL
1947-04-01,22.0,CPIAUCSL
1947-05-01,21.95,CPIAUCSL
1947-06-01,22.08,CPIAUCSL
1947-07-01,22.23,CPIAUCSL
1947-08-01,22.4,CPIAUCSL
1947-09-01,22.84,CPIAUCSL
1947-10-01,22.91,CPIAUCSL
1947-11-01,23.06,CPIAUCSL
1947-12-01,23.41,CPIAUCSL
1948-01-01,23.68,CPIAUCSL
1948-02-01,23.67,CPIAUCSL
1948-03-01,23.5,CPIAUCSL
1948-04-01,23.82,CPIAUCSL
1948-05-01,24.01,CPIAUCSL
1948-06-01,24.15,CPIAUCSL
1948-07-01,24.4,CPIAUCSL
1948-08-01,24.43,CPIAUCSL
1948-09-01,24.36,CPIAUCSL
1948-10-01,24.31,CPIAUCSL
1948-11-01,24.16,CPIAUCSL
1948-12-01,24.05,CPIAUCSL
1949-01-01,24.01,CPIAUCSL
1949-02-01,23.91,CPIAUCSL
1949-03-01,23.91,CPIAUCSL
1949-04-01,23.92,CPIAUCSL
1949-05-01,23.91,CPIAUCSL
1949-06-01,23.92,CPIAUCSL
1949-07-01,23.7,CPIAUCSL
1949-08-01,23.7,CPIAUCSL
1949-09-01,23.75,CPIAUCSL
1949-10-01,23.67,CPIAUCSL
1949-11-01,23.7,CPIAUCSL
1949-12-01,23.61,CPIAUCSL
1950-01-01,23.51,CPIAUCSL
1950-02-01,23.61,CPIAUCSL
1950-03-01,23.64,CPIAUCSL
1950-04-01,23.65,CPIAUCSL
1950-05-01,23.77,CPIAUCSL
1950-06-01,23.88,CPIAUCSL
1950-07-01,24.07,CPIAUCSL
1950-08-01,24.2,CPIAUCSL
1950-09-01,24.34,CPIAUCSL
1950-10-01,24.5,CPIAUCSL
1950-11-01,24.6,CPIAUCSL
1950-12-01,24.98,CPIAUCSL
1951-01-01,25.38,CPIAUCSL
1951-02-01,25.83,CPIAUCSL
1951-03-01,25.88,CPIAUCSL
1951-04-01,25.92,CPIAUCSL
1951-05-01,25.99,CPIAUCSL
1951-06-01,25.93,CPIAUCSL
1951-07-01,25.91,CPIAUCSL
1951-08-01,25.86,CPIAUCSL
1951-09-01,26.03,CPIAUCSL
1951-10-01,26.16,CPIAUCSL
1951-11-01,26.32,CPIAUCSL
1951-12-01,26.47,CPIAUCSL
1952-01-01,26.45,CPIAUCSL
1952-02-01,26.41,CPIAUCSL
1952-03-01,26.39,CPIAUCSL
1952-04-01,26.46,CPIAUCSL
1952-05-01,26.47,CPIAUCSL
1952-06-01,26.53,CPIAUCSL
1952-07-01,26.68,CPIAUCSL
1952-08-01,26.69,CPIAUCSL
1952-09-01,26.63,CPIAUCSL
1952-10-01,26.69,CPIAUCSL
1952-11-01,26.69,CPIAUCSL
1952-12-01,26.71,CPIAUCSL
1953-01-01,26.64,CPIAUCSL
1953-02-01,26.59,CPIAUCSL
1953-03-01,26.63,CPIAUCSL
1953-04-01,26.69,CPIAUCSL
1953-05-01,26.7,CPIAUCSL
1953-06-01,26.77,CPIAUCSL
1953-07-01,26.79,CPIAUCSL
1953-08-01,26.85,CPIAUCSL
1953-09-01,26.89,CPIAUCSL
1953-10-01,26.95,CPIAUCSL
1953-11-01,26.85,CPIAUCSL
1953-12-01,26.87,CPIAUCSL
1954-01-01,26.94,CPIAUCSL
1954-02-01,26.99,CPIAUCSL
1954-03-01,26.93,CPIAUCSL
1954-04-01,26.86,CPIAUCSL
1954-05-01,26.93,CPIAUCSL
1954-06-01,26.94,CPIAUCSL
1954-07-01,26.86,CPIAUCSL
1954-08-01,26.85,CPIAUCSL
1954-09-01,26.81,CPIAUCSL
1954-10-01,26.72,CPIAUCSL
1954-11-01,26.78,CPIAUCSL
1954-12-01,26.77,CPIAUCSL
1955-01-01,26.77,CPIAUCSL
1955-02-01,26.82,CPIAUCSL
1955-03-01,26.79,CPIAUCSL
1955-04-01,26.79,CPIAUCSL
1955-05-01,26.77,CPIAUCSL
1955-06-01,26.71,CPIAUCSL
1955-07-01,26.76,CPIAUCSL
1955-08-01,26.72,CPIAUCSL
1955-09-01,26.85,CPIAUCSL
1955-10-01,26.82,CPIAUCSL
1955-11-01,26.88,CPIAUCSL
1955-12-01,26.87,CPIAUCSL
1956-01-01,26.83,CPIAUCSL
1956-02-01,26.86,CPIAUCSL
1956-03-01,26.89,CPIAUCSL
1956-04-01,26.93,CPIAUCSL
1956-05-01,27.03,CPIAUCSL
1956-06-01,27.15,CPIAUCSL
1956-07-01,27.29,CPIAUCSL
1956-08-01,27.31,CPIAUCSL
1956-09-01,27.35,CPIAUCSL
1956-10-01,27.51,CPIAUCSL
1956-11-01,27.51,CPIAUCSL
1956-12-01,27.63,CPIAUCSL
1957-01-01,27.67,CPIAUCSL
1957-02-01,27.8,CPIAUCSL
1957-03-01,27.86,CPIAUCSL
1957-04-01,27.93,CPIAUCSL
1957-05-01,28.0,CPIAUCSL
1957-06-01,28.11,CPIAUCSL
1957-07-01,28.19,CPIAUCSL
1957-08-01,28.28,CPIAUCSL
1957-09-01,28.32,CPIAUCSL
1957-10-01,28.32,CPIAUCSL
1957-11-01,28.41,CPIAUCSL
1957-12-01,28.47,CPIAUCSL
1958-01-01,28.64,CPIAUCSL
1958-02-01,28.7,CPIAUCSL
1958-03-01,28.87,CPIAUCSL
1958-04-01,28.94,CPIAUCSL
1958-05-01,28.94,CPIAUCSL
1958-06-01,28.91,CPIAUCSL
1958-07-01,28.89,CPIAUCSL
1958-08-01,28.94,CPIAUCSL
1958-09-01,28.91,CPIAUCSL
1958-10-01,28.91,CPIAUCSL
1958-11-01,28.95,CPIAUCSL
1958-12-01,28.97,CPIAUCSL
1959-01-01,29.01,CPIAUCSL
1959-02-01,29.0,CPIAUCSL
1959-03-01,28.97,CPIAUCSL
1959-04-01,28.98,CPIAUCSL
1959-05-01,29.04,CPIAUCSL
1959-06-01,29.11,CPIAUCSL
1959-07-01,29.15,CPIAUCSL
1959-08-01,29.18,CPIAUCSL
1959-09-01,29.25,CPIAUCSL
1959-10-01,29.35,CPIAUCSL
1959-11-01,29.35,CPIAUCSL
1959-12-01,29.41,CPIAUCSL
1960-01-01,29.37,CPIAUCSL
1960-02-01,29.41,CPIAUCSL
1960-03-01,29.41,CPIAUCSL
1960-04-01,29.54,CPIAUCSL
1960-05-01,29.57,CPIAUCSL
1960-06-01,29.61,CPIAUCSL
1960-07-01,29.55,CPIAUCSL
1960-08-01,29.61,CPIAUCSL
1960-09-01,29.61,CPIAUCSL
1960-10-01,29.75,CPIAUCSL
1960-11-01,29.78,CPIAUCSL
1960-12-01,29.81,CPIAUCSL
1961-01-01,29.84,CPIAUCSL
1961-02-01,29.84,CPIAUCSL
1961-03-01,29.84,CPIAUCSL
1961-04-01,29.81,CPIAUCSL
1961-05-01,29.84,CPIAUCSL
1961-06-01,29.84,CPIAUCSL
1961-07-01,29.92,CPIAUCSL
1961-08-01,29.94,CPIAUCSL
1961-09-01,29.98,CPIAUCSL
1961-10-01,29.98,CPIAUCSL
1961-11-01,29.98,CPIAUCSL
1961-12-01,30.01,CPIAUCSL
1962-01-01,30.04,CPIAUCSL
1962-02-01,30.11,CPIAUCSL
1962-03-01,30.17,CPIAUCSL
1962-04-01,30.21,CPIAUCSL
1962-05-01,30.24,CPIAUCSL
1962-06-01,30.21,CPIAUCSL
1962-07-01,30.22,CPIAUCSL
1962-08-01,30.28,CPIAUCSL
1962-09-01,30.42,CPIAUCSL
1962-10-01,30.38,CPIAUCSL
1962-11-01,30.38,CPIAUCSL
1962-12-01,30.38,CPIAUCSL
1963-01-01,30.44,CPIAUCSL
1963-02-01,30.48,CPIAUCSL
1963-03-01,30.51,CPIAUCSL
1963-04-01,30.48,CPIAUCSL
1963-05-01,30.51,CPIAUCSL
1963-06-01,30.61,CPIAUCSL
1963-07-01,30.69,CPIAUCSL
1963-08-01,30.75,CPIAUCSL
1963-09-01,30.72,CPIAUCSL
1963-10-01,30.75,CPIAUCSL
1963-11-01,30.78,CPIAUCSL
1963-12-01,30.88,CPIAUCSL
1964-01-01,30.94,CPIAUCSL
1964-02-01,30.91,CPIAUCSL
1964-03-01,30.94,CPIAUCSL
1964-04-01,30.95,CPIAUCSL
1964-05-01,30.98,CPIAUCSL
1964-06-01,31.01,CPIAUCSL
1964-07-01,31.02,CPIAUCSL
1964-08-01,31.05,CPIAUCSL
1964-09-01,31.08,CPIAUCSL
1964-10-01,31.12,CPIAUCSL
1964-11-01,31.21,CPIAUCSL
1964-12-01,31.25,CPIAUCSL
1965-01-01,31.28,CPIAUCSL
1965-02-01,31.28,CPIAUCSL
1965-03-01,31.31,CPIAUCSL
1965-04-01,31.38,CPIAUCSL
1965-05-01,31.48,CPIAUCSL
1965-06-01,31.61,CPIAUCSL
1965-07-01,31.58,CPIAUCSL
1965-08-01,31.55,CPIAUCSL
1965-09-01,31.62,CPIAUCSL
1965-10-01,31.65,CPIAUCSL
1965-11-01,31.75,CPIAUCSL
1965-12-01,31.85,CPIAUCSL
1966-01-01,31.88,CPIAUCSL
1966-02-01,32.08,CPIAUCSL
1966-03-01,32.18,CPIAUCSL
1966-04-01,32.28,CPIAUCSL
1966-05-01,32.35,CPIAUCSL
1966-06-01,32.38,CPIAUCSL
1966-07-01,32.45,CPIAUCSL
1966-08-01,32.65,CPIAUCSL
1966-09-01,32.75,CPIAUCSL
1966-10-01,32.85,CPIAUCSL
1966-11-01,32.88,CPIAUCSL
1966-12-01,32.92,CPIAUCSL
1967-01-01,32.9,CPIAUCSL
1967-02-01,33.0,CPIAUCSL
1967-03-01,33.0,CPIAUCSL
1967-04-01,33.1,CPIAUCSL
1967-05-01,33.1,CPIAUCSL
1967-06-01,33.3,CPIAUCSL
1967-07-01,33.4,CPIAUCSL
1967-08-01,33.5,CPIAUCSL
1967-09-01,33.6,CPIAUCSL
1967-10-01,33.7,CPIAUCSL
1967-11-01,33.9,CPIAUCSL
1967-12-01,34.0,CPIAUCSL
1968-01-01,34.1,CPIAUCSL
1968-02-01,34.2,CPIAUCSL
1968-03-01,34.3,CPIAUCSL
1968-04-01,34.4,CPIAUCSL
1968-05-01,34.5,CPIAUCSL
1968-06-01,34.7,CPIAUCSL
1968-07-01,34.9,CPIAUCSL
1968-08-01,35.0,CPIAUCSL
1968-09-01,35.1,CPIAUCSL
1968-10-01,35.3,CPIAUCSL
1968-11-01,35.4,CPIAUCSL
1968-12-01,35.6,CPIAUCSL
1969-01-01,35.7,CPIAUCSL
1969-02-01,35.8,CPIAUCSL
1969-03-01,36.1,CPIAUCSL
1969-04-01,36.3,CPIAUCSL
1969-05-01,36.4,CPIAUCSL
1969-06-01,36.6,CPIAUCSL
1969-07-01,36.8,CPIAUCSL
1969-08-01,36.9,CPIAUCSL
1969-09-01,37.1,CPIAUCSL
1969-10-01,37.3,CPIAUCSL
1969-11-01,37.5,CPIAUCSL
1969-12-01,37.7,CPIAUCSL
1970-01-01,37.9,CPIAUCSL
1970-02-01,38.1,CPIAUCSL
1970-03-01,38.3,CPIAUCSL
1970-04-01,38.5,CPIAUCSL
1970-05-01,38.6,CPIAUCSL
1970-06-01,38.8,CPIAUCSL
1970-07-01,38.9,CPIAUCSL
1970-08-01,39.0,CPIAUCSL
1970-09-01,39.2,CPIAUCSL
1970-10-01,39.4,CPIAUCSL
1970-11-01,39.6,CPIAUCSL
1970-12-01,39.8,CPIAUCSL
1971-01-01,39.9,CPIAUCSL
1971-02-01,39.9,CPIAUCSL
1971-03-01,40.0,CPIAUCSL
1971-04-01,40.1,CPIAUCSL
1971-05-01,40.3,CPIAUCSL
1971-06-01,40.5,CPIAUCSL
1971-07-01,40.6,CPIAUCSL
1971-08-01,40.7,CPIAUCSL
1971-09-01,40.8,CPIAUCSL
1971-10-01,40.9,CPIAUCSL
1971-11-01,41.0,CPIAUCSL
1971-12-01,41.1,CPIAUCSL
1972-01-01,41.2,CPIAUCSL
1972-02-01,41.4,CPIAUCSL
1972-03-01,41.4,CPIAUCSL
1972-04-01,41.5,CPIAUCSL
1972-05-01,41.6,CPIAUCSL
1972-06-01,41.7,CPIAUCSL
1972-07-01,41.8,CPIAUCSL
1972-08-01,41.9,CPIAUCSL
1972-09-01,42.1,CPIAUCSL
1972-10-01,42.2,CPIAUCSL
1972-11-01,42.4,CPIAUCSL
1972-12-01,42.5,CPIAUCSL
1973-01-01,42.7,CPIAUCSL
1973-02-01,43.0,CPIAUCSL
1973-03-01,43.4,CPIAUCSL
1973-04-01,43.7,CPIAUCSL
1973-05-01,43.9,CPIAUCSL
1973-06-01,44.2,CPIAUCSL
1973-07-01,44.2,CPIAUCSL
1973-08-01,45.0,CPIAUCSL
1973-09-01,45.2,CPIAUCSL
1973-10-01,45.6,CPIAUCSL
1973-11-01,45.9,CPIAUCSL
1973-12-01,46.3,CPIAUCSL
1974-01-01,46.8,CPIAUCSL
1974-02-01,47.3,CPIAUCSL
1974-03-01,47.8,CPIAUCSL
1974-04-01,48.1,CPIAUCSL
1974-05-01,48.6,CPIAUCSL
1974-06-01,49.0,CPIAUCSL
1974-07-01,49.3,CPIAUCSL
1974-08-01,49.9,CPIAUCSL
1974-09-01,50.6,CPIAUCSL
1974-10-01,51.0,CPIAUCSL
1974-11-01,51.5,CPIAUCSL
1974-12-01,51.9,CPIAUCSL
1975-01-01,52.3,CPIAUCSL
1975-02-01,52.6,CPIAUCSL
1975-03-01,52.8,CPIAUCSL
1975-04-01,53.0,CPIAUCSL
1975-05-01,53.1,CPIAUCSL
1975-06-01,53.5,CPIAUCSL
1975-07-01,54.0,CPIAUCSL
1975-08-01,54.2,CPIAUCSL
1975-09-01,54.6,CPIAUCSL
1975-10-01,54.9,CPIAUCSL
1975-11-01,55.3,CPIAUCSL
1975-12-01,55.6,CPIAUCSL
1976-01-01,55.8,CPIAUCSL
1976-02-01,55.9,CPIAUCSL
1976-03-01,56.0,CPIAUCSL
1976-04-01,56.1,CPIAUCSL
1976-05-01,56.4,CPIAUCSL
1976-06-01,56.7,CPIAUCSL
1976-07-01,57.0,CPIAUCSL
1976-08-01,57.3,CPIAUCSL
1976-09-01,57.6,CPIAUCSL
1976-10-01,57.9,CPIAUCSL
1976-11-01,58.1,CPIAUCSL
1976-12-01,58.4,CPIAUCSL
1977-01-01,58.7,CPIAUCSL
1977-02-01,59.3,CPIAUCSL
1977-03-01,59.6,CPIAUCSL
1977-04-01,60.0,CPIAUCSL
1977-05-01,60.2,CPIAUCSL
1977-06-01,60.5,CPIAUCSL
1977-07-01,60.8,CPIAUCSL
1977-08-01,61.1,CPIAUCSL
1977-09-01,61.3,CPIAUCSL
1977-10-01,61.6,CPIAUCSL
1977-11-01,62.0,CPIAUCSL
1977-12-01,62.3,CPIAUCSL
1978-01-01,62.7,CPIAUCSL
1978-02-01,63.0,CPIAUCSL
1978-03-01,63.4,CPIAUCSL
1978-04-01,63.9,CPIAUCSL
1978-05-01,64.5,CPIAUCSL
1978-06-01,65.0,CPIAUCSL
1978-07-01,65.5,CPIAUCSL
1978-08-01,65.9,CPIAUCSL
1978-09-01,66.5,CPIAUCSL
1978-10-01,67.1,CPIAUCSL
1978-11-01,67.5,CPIAUCSL
1978-12-01,67.9,CPIAUCSL
1979-01-01,68.5,CPIAUCSL
1979-02-01,69.2,CPIAUCSL
1979-03-01,69.9,CPIAUCSL
1979-04-01,70.6,CPIAUCSL
1979-05-01,71.4,CPIAUCSL
1979-06-01,72.2,CPIAUCSL
1979-07-01,73.0,CPIAUCSL
1979-08-01,73.7,CPIAUCSL
1979-09-01,74.4,CPIAUCSL
1979-10-01,75.2,CPIAUCSL
1979-11-01,76.0,CPIAUCSL
1979-12-01,76.9,CPIAUCSL
1980-01-01,78.0,CPIAUCSL
1980-02-01,79.0,CPIAUCSL
1980-03-01,80.1,CPIAUCSL
1980-04-01,80.9,CPIAUCSL
1980-05-01,81.7,CPIAUCSL
1980-06-01,82.5,CPIAUCSL
1980-07-01,82.6,CPIAUCSL
1980-08-01,83.2,CPIAUCSL
1980-09-01,83.9,CPIAUCSL
1980-10-01,84.7,CPIAUCSL
1980-11-01,85.6,CPIAUCSL
1980-12-01,86.4,CPIAUCSL
1981-01-01,87.2,CPIAUCSL
1981-02-01,88.0,CPIAUCSL
1981-03-01,88.6,CPIAUCSL
1981-04-01,89.1,CPIAUCSL
1981-05-01,89.7,CPIAUCSL
1981-06-01,90.5,CPIAUCSL
1981-07-01,91.5,CPIAUCSL
1981-08-01,92.2,CPIAUCSL
1981-09-01,93.1,CPIAUCSL
1981-10-01,93.4,CPIAUCSL
1981-11-01,93.8,CPIAUCSL
1981-12-01,94.1,CPIAUCSL
1982-01-01,94.4,CPIAUCSL
1982-02-01,94.7,CPIAUCSL
1982-03-01,94.7,CPIAUCSL
1982-04-01,95.0,CPIAUCSL
1982-05-01,95.9,CPIAUCSL
1982-06-01,97.0,CPIAUCSL
1982-07-01,97.5,CPIAUCSL
1982-08-01,97.7,CPIAUCSL
1982-09-01,97.7,CPIAUCSL
1982-10-01,98.1,CPIAUCSL
1982-11-01,98.0,CPIAUCSL
1982-12-01,97.7,CPIAUCSL
1983-01-01,97.9,CPIAUCSL
1983-02-01,98.0,CPIAUCSL
1983-03-01,98.1,CPIAUCSL
1983-04-01,98.8,CPIAUCSL
1983-05-01,99.2,CPIAUCSL
1983-06-01,99.4,CPIAUCSL
1983-07-01,99.8,CPIAUCSL
1983-08-01,100.1,CPIAUCSL
1983-09-01,100.4,CPIAUCSL
1983-10-01,100.8,CPIAUCSL
1983-11-01,101.1,CPIAUCSL
1983-12-01,101.4,CPIAUCSL
1984-01-01,102.1,CPIAUCSL
1984-02-01,102.6,CPIAUCSL
1984-03-01,102.9,CPIAUCSL
1984-04-01,103.3,CPIAUCSL
1984-05-01,103.5,CPIAUCSL
1984-06-01,103.7,CPIAUCSL
1984-07-01,104.1,CPIAUCSL
1984-08-01,104.4,CPIAUCSL
1984-09-01,104.7,CPIAUCSL
1984-10-01,105.1,CPIAUCSL
1984-11-01,105.3,CPIAUCSL
1984-12-01,105.5,CPIAUCSL
1985-01-01,105.7,CPIAUCSL
1985-02-01,106.3,CPIAUCSL
1985-03-01,106.8,CPIAUCSL
1985-04-01,107.0,CPIAUCSL
1985-05-01,107.2,CPIAUCSL
1985-06-01,107.5,CPIAUCSL
1985-07-01,107.7,CPIAUCSL
1985-08-01,107.9,CPIAUCSL
1985-09-01,108.1,CPIAUCSL
1985-10-01,108.5,CPIAUCSL
1985-11-01,109.0,CPIAUCSL
1985-12-01,109.5,CPIAUCSL
1986-01-01,109.9,CPIAUCSL
1986-02-01,109.7,CPIAUCSL
1986-03-01,109.1,CPIAUCSL
1986-04-01,108.7,CPIAUCSL
1986-05-01,109.0,CPIAUCSL
1986-06-01,109.4,CPIAUCSL
1986-07-01,109.5,CPIAUCSL
1986-08-01,109.6,CPIAUCSL
1986-09-01,110.0,CPIAUCSL
1986-10-01,110.2,CPIAUCSL
1986-11-01,110.4,CPIAUCSL
1986-12-01,110.8,CPIAUCSL
1987-01-01,111.4,CPIAUCSL
1987-02-01,111.8,CPIAUCSL
1987-03-01,112.2,CPIAUCSL
1987-04-01,112.7,CPIAUCSL
1987-05-01,113.0,CPIAUCSL
1987-06-01,113.5,CPIAUCSL
1987-07-01,113.8,CPIAUCSL
1987-08-01,114.3,CPIAUCSL
1987-09-01,114.7,CPIAUCSL
1987-10-01,115.0,CPIAUCSL
1987-11-01,115.4,CPIAUCSL
1987-12-01,115.6,CPIAUCSL
1988-01-01,116.0,CPIAUCSL
1988-02-01,116.2,CPIAUCSL
1988-03-01,116.5,CPIAUCSL
1988-04-01,117.2,CPIAUCSL
1988-05-01,117.5,CPIAUCSL
1988-06-01,118.0,CPIAUCSL
1988-07-01,118.5,CPIAUCSL
1988-08-01,119.0,CPIAUCSL
1988-09-01,119.5,CPIAUCSL
1988-10-01,119.9,CPIAUCSL
1988-11-01,120.3,CPIAUCSL
1988-12-01,120.7,CPIAUCSL
1989-01-01,121.2,CPIAUCSL
1989-02-01,121.6,CPIAUCSL
1989-03-01,122.2,CPIAUCSL
1989-04-01,123.1,CPIAUCSL
1989-05-01,123.7,CPIAUCSL
1989-06-01,124.1,CPIAUCSL
1989-07-01,124.5,CPIAUCSL
1989-08-01,124.5,CPIAUCSL
1989-09-01,124.8,CPIAUCSL
1989-10-01,125.4,CPIAUCSL
1989-11-01,125.9,CPIAUCSL
1989-12-01,126.3,CPIAUCSL
1990-01-01,127.5,CPIAUCSL
1990-02-01,128.0,CPIAUCSL
1990-03-01,128.6,CPIAUCSL
1990-04-01,128.9,CPIAUCSL
1990-05-01,129.1,CPIAUCSL
1990-06-01,129.9,CPIAUCSL
1990-07-01,130.5,CPIAUCSL
1990-08-01,131.6,CPIAUCSL
1990-09-01,132.5,CPIAUCSL
1990-10-01,133.4,CPIAUCSL
1990-11-01,133.7,CPIAUCSL
1990-12-01,134.2,CPIAUCSL
1991-01-01,134.7,CPIAUCSL
1991-02-01,134.8,CPIAUCSL
1991-03-01,134.8,CPIAUCSL
1991-04-01,135.1,CPIAUCSL
1991-05-01,135.6,CPIAUCSL
1991-06-01,136.0,CPIAUCSL
1991-07-01,136.2,CPIAUCSL
1991-08-01,136.6,CPIAUCSL
1991-09-01,137.0,CPIAUCSL
1991-10-01,137.2,CPIAUCSL
1991-11-01,137.8,CPIAUCSL
1991-12-01,138.2,CPIAUCSL
1992-01-01,138.3,CPIAUCSL
1992-02-01,138.6,CPIAUCSL
1992-03-01,139.1,CPIAUCSL
1992-04-01,139.4,CPIAUCSL
1992-05-01,139.7,CPIAUCSL
1992-06-01,140.1,CPIAUCSL
1992-07-01,140.5,CPIAUCSL
1992-08-01,140.8,CPIAUCSL
1992-09-01,141.1,CPIAUCSL
1992-10-01,141.7,CPIAUCSL
1992-11-01,142.1,CPIAUCSL
1992-12-01,142.3,CPIAUCSL
1993-01-01,142.8,CPIAUCSL
1993-02-01,143.1,CPIAUCSL
1993-03-01,143.3,CPIAUCSL
1993-04-01,143.8,CPIAUCSL
1993-05-01,144.2,CPIAUCSL
1993-06-01,144.3,CPIAUCSL
1993-07-01,144.5,CPIAUCSL
1993-08-01,144.8,CPIAUCSL
1993-09-01,145.0,CPIAUCSL
1993-10-01,145.6,CPIAUCSL
1993-11-01,146.0,CPIAUCSL
1993-12-01,146.3,CPIAUCSL
1994-01-01,146.3,CPIAUCSL
1994-02-01,146.7,CPIAUCSL
1994-03-01,147.1,CPIAUCSL
1994-04-01,147.2,CPIAUCSL
1994-05-01,147.5,CPIAUCSL
1994-06-01,147.9,CPIAUCSL
1994-07-01,148.4,CPIAUCSL
1994-08-01,149.0,CPIAUCSL
1994-09-01,149.3,CPIAUCSL
1994-10-01,149.4,CPIAUCSL
1994-11-01,149.8,CPIAUCSL
1994-12-01,150.1,CPIAUCSL
1995-01-01,150.5,CPIAUCSL
1995-02-01,150.9,CPIAUCSL
1995-03-01,151.2,CPIAUCSL
1995-04-01,151.8,CPIAUCSL
1995-05-01,152.1,CPIAUCSL
1995-06-01,152.4,CPIAUCSL
1995-07-01,152.6,CPIAUCSL
1995-08-01,152.9,CPIAUCSL
1995-09-01,153.1,CPIAUCSL
1995-10-01,153.5,CPIAUCSL
1995-11-01,153.7,CPIAUCSL
1995-12-01,153.9,CPIAUCSL
1996-01-01,154.7,CPIAUCSL
1996-02-01,155.0,CPIAUCSL
1996-03-01,155.5,CPIAUCSL
1996-04-01,156.1,CPIAUCSL
1996-05-01,156.4,CPIAUCSL
1996-06-01,156.7,CPIAUCSL
1996-07-01,157.0,CPIAUCSL
1996-08-01,157.2,CPIAUCSL
1996-09-01,157.7,CPIAUCSL
1996-10-01,158.2,CPIAUCSL
1996-11-01,158.7,CPIAUCSL
1996-12-01,159.1,CPIAUCSL
1997-01-01,159.4,CPIAUCSL
1997-02-01,159.7,CPIAUCSL
1997-03-01,159.8,CPIAUCSL
1997-04-01,159.9,CPIAUCSL
1997-05-01,159.9,CPIAUCSL
1997-06-01,160.2,CPIAUCSL
1997-07-01,160.4,CPIAUCSL
1997-08-01,160.8,CPIAUCSL
1997-09-01,161.2,CPIAUCSL
1997-10-01,161.5,CPIAUCSL
1997-11-01,161.7,CPIAUCSL
1997-12-01,161.8,CPIAUCSL
1998-01-01,162.0,CPIAUCSL
1998-02-01,162.0,CPIAUCSL
1998-03-01,162.0,CPIAUCSL
1998-04-01,162.2,CPIAUCSL
1998-05-01,162.6,CPIAUCSL
1998-06-01,162.8,CPIAUCSL
1998-07-01,163.2,CPIAUCSL
1998-08-01,163.4,CPIAUCSL
1998-09-01,163.5,CPIAUCSL
1998-10-01,163.9,CPIAUCSL
1998-11-01,164.1,CPIAUCSL
1998-12-01,164.4,CPIAUCSL
1999-01-01,164.7,CPIAUCSL
1999-02-01,164.7,CPIAUCSL
1999-03-01,164.8,CPIAUCSL
1999-04-01,165.9,CPIAUCSL
1999-05-01,166.0,CPIAUCSL
1999-06-01,166.0,CPIAUCSL
1999-07-01,166.7,CPIAUCSL
1999-08-01,167.1,CPIAUCSL
1999-09-01,167.8,CPIAUCSL
1999-10-01,168.1,CPIAUCSL
1999-11-01,168.4,CPIAUCSL
1999-12-01,168.8,CPIAUCSL
2000-01-01,169.3,CPIAUCSL
2000-02-01,170.0,CPIAUCSL
2000-03-01,171.0,CPIAUCSL
2000-04-01,170.9,CPIAUCSL
2000-05-01,171.2,CPIAUCSL
2000-06-01,172.2,CPIAUCSL
2000-07-01,172.7,CPIAUCSL
2000-08-01,172.7,CPIAUCSL
2000-09-01,173.6,CPIAUCSL
2000-10-01,173.9,CPIAUCSL
2000-11-01,174.2,CPIAUCSL
2000-12-01,174.6,CPIAUCSL
2001-01-01,175.6,CPIAUCSL
2001-02-01,176.0,CPIAUCSL
2001-03-01,176.1,CPIAUCSL
2001-04-01,176.4,CPIAUCSL
2001-05-01,177.3,CPIAUCSL
2001-06-01,177.7,CPIAUCSL
2001-07-01,177.4,CPIAUCSL
2001-08-01,177.4,CPIAUCSL
2001-09-01,178.1,CPIAUCSL
2001-10-01,177.6,CPIAUCSL
2001-11-01,177.5,CPIAUCSL
2001-12-01,177.4,CPIAUCSL
2002-01-01,177.7,CPIAUCSL
2002-02-01,178.0,CPIAUCSL
2002-03-01,178.5,CPIAUCSL
2002-04-01,179.3,CPIAUCSL
2002-05-01,179.5,CPIAUCSL
2002-06-01,179.6,CPIAUCSL
2002-07-01,180.0,CPIAUCSL
2002-08-01,180.5,CPIAUCSL
2002-09-01,180.8,CPIAUCSL
2002-10-01,181.2,CPIAUCSL
2002-11-01,181.5,CPIAUCSL
2002-12-01,181.8,CPIAUCSL
2003-01-01,182.6,CPIAUCSL
2003-02-01,183.6,CPIAUCSL
2003-03-01,183.9,CPIAUCSL
2003-04-01,183.2,CPIAUCSL
2003-05-01,182.9,CPIAUCSL
2003-06-01,183.1,CPIAUCSL
2003-07-01,183.7,CPIAUCSL
2003-08-01,184.5,CPIAUCSL
2003-09-01,185.1,CPIAUCSL
2003-10-01,184.9,CPIAUCSL
2003-11-01,185.0,CPIAUCSL
2003-12-01,185.5,CPIAUCSL
2004-01-01,186.3,CPIAUCSL
2004-02-01,186.7,CPIAUCSL
2004-03-01,187.1,CPIAUCSL
2004-04-01,187.4,CPIAUCSL
2004-05-01,188.2,CPIAUCSL
2004-06-01,188.9,CPIAUCSL
2004-07-01,189.1,CPIAUCSL
2004-08-01,189.2,CPIAUCSL
2004-09-01,189.8,CPIAUCSL
2004-10-01,190.8,CPIAUCSL
2004-11-01,191.7,CPIAUCSL
2004-12-01,191.7,CPIAUCSL
2005-01-01,191.6,CPIAUCSL
2005-02-01,192.4,CPIAUCSL
2005-03-01,193.1,CPIAUCSL
2005-04-01,193.7,CPIAUCSL
2005-05-01,193.6,CPIAUCSL
2005-06-01,193.7,CPIAUCSL
2005-07-01,194.9,CPIAUCSL
2005-08-01,196.1,CPIAUCSL
2005-09-01,198.8,CPIAUCSL
2005-10-01,199.1,CPIAUCSL
2005-11-01,198.1,CPIAUCSL
2005-12-01,198.1,CPIAUCSL
2006-01-01,199.3,CPIAUCSL
2006-02-01,199.4,CPIAUCSL
2006-03-01,199.7,CPIAUCSL
2006-04-01,200.7,CPIAUCSL
2006-05-01,201.3,CPIAUCSL
2006-06-01,201.8,CPIAUCSL
2006-07-01,202.9,CPIAUCSL
2006-08-01,203.8,CPIAUCSL
2006-09-01,202.8,CPIAUCSL
2006-10-01,201.9,CPIAUCSL
2006-11-01,202.0,CPIAUCSL
2006-12-01,203.1,CPIAUCSL
2007-01-01,203.437,CPIAUCSL
2007-02-01,204.226,CPIAUCSL
2007-03-01,205.288,CPIAUCSL
2007-04-01,205.904,CPIAUCSL
2007-05-01,206.755,CPIAUCSL
2007-06-01,207.234,CPIAUCSL
2007-07-01,207.603,CPIAUCSL
2007-08-01,207.667,CPIAUCSL
2007-09-01,208.547,CPIAUCSL
2007-10-01,209.19,CPIAUCSL
2007-11-01,210.834,CPIAUCSL
2007-12-01,211.445,CPIAUCSL
2008-01-01,212.174,CPIAUCSL
2008-02-01,212.687,CPIAUCSL
2008-03-01,213.448,CPIAUCSL
2008-04-01,213.942,CPIAUCSL
2008-05-01,215.208,CPIAUCSL
2008-06-01,217.463,CPIAUCSL
2008-07-01,219.016,CPIAUCSL
2008-08-01,218.69,CPIAUCSL
2008-09-01,218.877,CPIAUCSL
2008-10-01,216.995,CPIAUCSL
2008-11-01,213.153,CPIAUCSL
2008-12-01,211.398,CPIAUCSL
2009-01-01,211.933,CPIAUCSL
2009-02-01,212.705,CPIAUCSL
2009-03-01,212.495,CPIAUCSL
2009-04-01,212.709,CPIAUCSL
2009-05-01,213.022,CPIAUCSL
2009-06-01,214.79,CPIAUCSL
2009-07-01,214.726,CPIAUCSL
2009-08-01,215.445,CPIAUCSL
2009-09-01,215.861,CPIAUCSL
2009-10-01,216.509,CPIAUCSL
2009-11-01,217.234,CPIAUCSL
2009-12-01,217.347,CPIAUCSL
2010-01-01,217.488,CPIAUCSL
2010-02-01,217.281,CPIAUCSL
2010-03-01,217.353,CPIAUCSL
2010-04-01,217.403,CPIAUCSL
2010-05-01,217.29,CPIAUCSL
2010-06-01,217.199,CPIAUCSL
2010-07-01,217.605,CPIAUCSL
2010-08-01,217.923,CPIAUCSL
2010-09-01,218.275,CPIAUCSL
2010-10-01,219.035,CPIAUCSL
2010-11-01,219.59,CPIAUCSL
2010-12-01,220.472,CPIAUCSL
2011-01-01,221.187,CPIAUCSL
2011-02-01,221.898,CPIAUCSL
2011-03-01,223.046,CPIAUCSL
2011-04-01,224.093,CPIAUCSL
2011-05-01,224.806,CPIAUCSL
2011-06-01,224.806,CPIAUCSL
2011-07-01,225.395,CPIAUCSL
2011-08-01,226.106,CPIAUCSL
2011-09-01,226.597,CPIAUCSL
2011-10-01,226.75,CPIAUCSL
2011-11-01,227.169,CPIAUCSL
2011-12-01,227.223,CPIAUCSL
2012-01-01,227.842,CPIAUCSL
2012-02-01,228.329,CPIAUCSL
2012-03-01,228.807,CPIAUCSL
2012-04-01,229.187,CPIAUCSL
2012-05-01,228.713,CPIAUCSL
2012-06-01,228.524,CPIAUCSL
2012-07-01,228.59,CPIAUCSL
2012-08-01,229.918,CPIAUCSL
2012-09-01,231.015,CPIAUCSL
2012-10-01,231.638,CPIAUCSL
2012-11-01,231.249,CPIAUCSL
2012-12-01,231.221,CPIAUCSL
2013-01-01,231.679,CPIAUCSL
2013-02-01,232.937,CPIAUCSL
2013-03-01,232.282,CPIAUCSL
2013-04-01,231.797,CPIAUCSL
2013-05-01,231.893,CPIAUCSL
2013-06-01,232.445,CPIAUCSL
2013-07-01,232.9,CPIAUCSL
2013-08-01,233.456,CPIAUCSL
2013-09-01,233.544,CPIAUCSL
2013-10-01,233.669,CPIAUCSL
2013-11-01,234.1,CPIAUCSL
2013-12-01,234.719,CPIAUCSL
2014-01-01,235.288,CPIAUCSL
2014-02-01,235.547,CPIAUCSL
2014-03-01,236.028,CPIAUCSL
2014-04-01,236.468,CPIAUCSL
2014-05-01,236.918,CPIAUCSL
2014-06-01,237.231,CPIAUCSL
2014-07-01,237.498,CPIAUCSL
2014-08-01,237.46,CPIAUCSL
2014-09-01,237.477,CPIAUCSL
2014-10-01,237.43,CPIAUCSL
2014-11-01,236.983,CPIAUCSL
2014-12-01,236.252,CPIAUCSL
2015-01-01,234.747,CPIAUCSL
2015-02-01,235.342,CPIAUCSL
2015-03-01,235.976,CPIAUCSL
2015-04-01,236.222,CPIAUCSL
2015-05-01,237.001,CPIAUCSL
2015-06-01,237.657,CPIAUCSL
2015-07-01,238.034,CPIAUCSL
2015-08-01,238.033,CPIAUCSL
2015-09-01,237.498,CPIAUCSL
2015-10-01,237.733,CPIAUCSL
2015-11-01,238.017,CPIAUCSL
2015-12-01,237.761,CPIAUCSL
2016-01-01,237.652,CPIAUCSL
2016-02-01,237.336,CPIAUCSL
2016-03-01,238.08,CPIAUCSL
2016-04-01,238.992,CPIAUCSL
2016-05-01,239.557,CPIAUCSL
2016-06-01,240.222,CPIAUCSL
2016-07-01,240.101,CPIAUCSL
2016-08-01,240.545,CPIAUCSL
2016-09-01,241.176,CPIAUCSL
2016-10-01,241.741,CPIAUCSL
2016-11-01,242.026,CPIAUCSL
2016-12-01,242.637,CPIAUCSL
2017-01-01,243.618,CPIAUCSL
2017-02-01,244.006,CPIAUCSL
2017-03-01,243.892,CPIAUCSL
2017-04-01,244.193,CPIAUCSL
2017-05-01,244.004,CPIAUCSL
2017-06-01,244.163,CPIAUCSL
2017-07-01,244.243,CPIAUCSL
2017-08-01,245.183,CPIAUCSL
2017-09-01,246.435,CPIAUCSL
2017-10-01,246.626,CPIAUCSL
2017-11-01,247.284,CPIAUCSL
2017-12-01,247.805,CPIAUCSL
2018-01-01,248.859,CPIAUCSL
2018-02-01,249.529,CPIAUCSL
2018-03-01,249.577,CPIAUCSL
2018-04-01,250.227,CPIAUCSL
2018-05-01,250.792,CPIAUCSL
2018-06-01,251.018,CPIAUCSL
2018-07-01,251.214,CPIAUCSL
2018-08-01,251.663,CPIAUCSL
2018-09-01,252.182,CPIAUCSL
2018-10-01,252.772,CPIAUCSL
2018-11-01,252.594,CPIAUCSL
2018-12-01,252.767,CPIAUCSL
2019-01-01,252.561,CPIAUCSL
2019-02-01,253.319,CPIAUCSL
2019-03-01,254.277,CPIAUCSL
2019-04-01,255.233,CPIAUCSL
2019-05-01,255.296,CPIAUCSL
2019-06-01,255.213,CPIAUCSL
2019-07-01,255.802,CPIAUCSL
2019-08-01,256.036,CPIAUCSL
2019-09-01,256.43,CPIAUCSL
2019-10-01,257.155,CPIAUCSL
2019-11-01,257.879,CPIAUCSL
2019-12-01,258.63,CPIAUCSL
2020-01-01,259.127,CPIAUCSL
2020-02-01,259.25,CPIAUCSL
2020-03-01,258.076,CPIAUCSL
2020-04-01,256.032,CPIAUCSL
2020-05-01,255.802,CPIAUCSL
2020-06-01,257.042,CPIAUCSL
2020-07-01,258.352,CPIAUCSL
2020-08-01,259.316,CPIAUCSL
2020-09-01,259.997,CPIAUCSL
2020-10-01,260.319,CPIAUCSL
2020-11-01,260.911,CPIAUCSL
2020-12-01,262.045,CPIAUCSL
2021-01-01,262.687,CPIAUCSL
2021-02-01,263.579,CPIAUCSL
2021-03-01,264.961,CPIAUCSL
2021-04-01,266.614,CPIAUCSL
2021-05-01,268.383,CPIAUCSL
2021-06-01,270.654,CPIAUCSL
2021-07-01,271.903,CPIAUCSL
2021-08-01,272.676,CPIAUCSL
2021-09-01,273.91,CPIAUCSL
2021-10-01,276.55,CPIAUCSL
2021-11-01,278.919,CPIAUCSL
2021-12-01,280.845,CPIAUCSL
2022-01-01,282.543,CPIAUCSL
2022-02-01,284.5,CPIAUCSL
2022-03-01,287.674,CPIAUCSL
2022-04-01,288.561,CPIAUCSL
2022-05-01,291.298,CPIAUCSL
2022-06-01,294.957,CPIAUCSL
2022-07-01,294.913,CPIAUCSL
2022-08-01,295.097,CPIAUCSL
2022-09-01,296.349,CPIAUCSL
2022-10-01,298.007,CPIAUCSL
2022-11-01,298.786,CPIAUCSL
2022-12-01,298.832,CPIAUCSL
2023-01-01,300.42,CPIAUCSL
2023-02-01,301.45,CPIAUCSL
2023-03-01,301.821,CPIAUCSL
2023-04-01,302.845,CPIAUCSL
2023-05-01,303.334,CPIAUCSL
2023-06-01,304.014,CPIAUCSL
2023-07-01,304.609,CPIAUCSL
2023-08-01,306.082,CPIAUCSL
2023-09-01,307.276,CPIAUCSL
2023-10-01,307.696,CPIAUCSL
2023-11-01,308.148,CPIAUCSL
2023-12-01,308.741,CPIAUCSL
2024-01-01,309.698,CPIAUCSL
2024-02-01,310.967,CPIAUCSL
2024-03-01,312.345,CPIAUCSL
2024-04-01,313.023,CPIAUCSL
2024-05-01,313.175,CPIAUCSL
2024-06-01,313.044,CPIAUCSL
2024-07-01,313.569,CPIAUCSL
2024-08-01,314.062,CPIAUCSL
2024-09-01,314.732,CPIAUCSL
2024-10-01,315.631,CPIAUCSL
2024-11-01,316.528,CPIAUCSL
2024-12-01,317.604,CPIAUCSL
2025-01-01,318.961,CPIAUCSL
2025-02-01,319.679,CPIAUCSL
2025-03-01,319.785,CPIAUCSL
2025-04-01,320.302,CPIAUCSL
2025-05-01,320.62,CPIAUCSL
2025-06-01,321.435,CPIAUCSL
2025-07-01,322.169,CPIAUCSL
2025-08-01,323.291,CPIAUCSL
2025-09-01,324.245,CPIAUCSL
2025-10-01,,CPIAUCSL
2025-11-01,325.063,CPIAUCSL
2025-12-01,326.031,CPIAUCSL
2026-01-01,326.588,CPIAUCSL
2026-02-01,327.46,CPIAUCSL
2026-03-01,330.293,CPIAUCSL
2026-04-01,332.407,CPIAUCSL
2026-05-01,333.979,CPIAUCSL
1948-01-01,3.4,UNRATE
1948-02-01,3.8,UNRATE
1948-03-01,4.0,UNRATE
1948-04-01,3.9,UNRATE
1948-05-01,3.5,UNRATE
1948-06-01,3.6,UNRATE
1948-07-01,3.6,UNRATE
1948-08-01,3.9,UNRATE
1948-09-01,3.8,UNRATE
1948-10-01,3.7,UNRATE
1948-11-01,3.8,UNRATE
1948-12-01,4.0,UNRATE
1949-01-01,4.3,UNRATE
1949-02-01,4.7,UNRATE
1949-03-01,5.0,UNRATE
1949-04-01,5.3,UNRATE
1949-05-01,6.1,UNRATE
1949-06-01,6.2,UNRATE
1949-07-01,6.7,UNRATE
1949-08-01,6.8,UNRATE
1949-09-01,6.6,UNRATE
1949-10-01,7.9,UNRATE
1949-11-01,6.4,UNRATE
1949-12-01,6.6,UNRATE
1950-01-01,6.5,UNRATE
1950-02-01,6.4,UNRATE
1950-03-01,6.3,UNRATE
1950-04-01,5.8,UNRATE
1950-05-01,5.5,UNRATE
1950-06-01,5.4,UNRATE
1950-07-01,5.0,UNRATE
1950-08-01,4.5,UNRATE
1950-09-01,4.4,UNRATE
1950-10-01,4.2,UNRATE
1950-11-01,4.2,UNRATE
1950-12-01,4.3,UNRATE
1951-01-01,3.7,UNRATE
1951-02-01,3.4,UNRATE
1951-03-01,3.4,UNRATE
1951-04-01,3.1,UNRATE
1951-05-01,3.0,UNRATE
1951-06-01,3.2,UNRATE
1951-07-01,3.1,UNRATE
1951-08-01,3.1,UNRATE
1951-09-01,3.3,UNRATE
1951-10-01,3.5,UNRATE
1951-11-01,3.5,UNRATE
1951-12-01,3.1,UNRATE
1952-01-01,3.2,UNRATE
1952-02-01,3.1,UNRATE
1952-03-01,2.9,UNRATE
1952-04-01,2.9,UNRATE
1952-05-01,3.0,UNRATE
1952-06-01,3.0,UNRATE
1952-07-01,3.2,UNRATE
1952-08-01,3.4,UNRATE
1952-09-01,3.1,UNRATE
1952-10-01,3.0,UNRATE
1952-11-01,2.8,UNRATE
1952-12-01,2.7,UNRATE
1953-01-01,2.9,UNRATE
1953-02-01,2.6,UNRATE
1953-03-01,2.6,UNRATE
1953-04-01,2.7,UNRATE
1953-05-01,2.5,UNRATE
1953-06-01,2.5,UNRATE
1953-07-01,2.6,UNRATE
1953-08-01,2.7,UNRATE
1953-09-01,2.9,UNRATE
1953-10-01,3.1,UNRATE
1953-11-01,3.5,UNRATE
1953-12-01,4.5,UNRATE
1954-01-01,4.9,UNRATE
1954-02-01,5.2,UNRATE
1954-03-01,5.7,UNRATE
1954-04-01,5.9,UNRATE
1954-05-01,5.9,UNRATE
1954-06-01,5.6,UNRATE
1954-07-01,5.8,UNRATE
1954-08-01,6.0,UNRATE
1954-09-01,6.1,UNRATE
1954-10-01,5.7,UNRATE
1954-11-01,5.3,UNRATE
1954-12-01,5.0,UNRATE
1955-01-01,4.9,UNRATE
1955-02-01,4.7,UNRATE
1955-03-01,4.6,UNRATE
1955-04-01,4.7,UNRATE
1955-05-01,4.3,UNRATE
1955-06-01,4.2,UNRATE
1955-07-01,4.0,UNRATE
1955-08-01,4.2,UNRATE
1955-09-01,4.1,UNRATE
1955-10-01,4.3,UNRATE
1955-11-01,4.2,UNRATE
1955-12-01,4.2,UNRATE
1956-01-01,4.0,UNRATE
1956-02-01,3.9,UNRATE
1956-03-01,4.2,UNRATE
1956-04-01,4.0,UNRATE
1956-05-01,4.3,UNRATE
1956-06-01,4.3,UNRATE
1956-07-01,4.4,UNRATE
1956-08-01,4.1,UNRATE
1956-09-01,3.9,UNRATE
1956-10-01,3.9,UNRATE
1956-11-01,4.3,UNRATE
1956-12-01,4.2,UNRATE
1957-01-01,4.2,UNRATE
1957-02-01,3.9,UNRATE
1957-03-01,3.7,UNRATE
1957-04-01,3.9,UNRATE
1957-05-01,4.1,UNRATE
1957-06-01,4.3,UNRATE
1957-07-01,4.2,UNRATE
1957-08-01,4.1,UNRATE
1957-09-01,4.4,UNRATE
1957-10-01,4.5,UNRATE
1957-11-01,5.1,UNRATE
1957-12-01,5.2,UNRATE
1958-01-01,5.8,UNRATE
1958-02-01,6.4,UNRATE
1958-03-01,6.7,UNRATE
1958-04-01,7.4,UNRATE
1958-05-01,7.4,UNRATE
1958-06-01,7.3,UNRATE
1958-07-01,7.5,UNRATE
1958-08-01,7.4,UNRATE
1958-09-01,7.1,UNRATE
1958-10-01,6.7,UNRATE
1958-11-01,6.2,UNRATE
1958-12-01,6.2,UNRATE
1959-01-01,6.0,UNRATE
1959-02-01,5.9,UNRATE
1959-03-01,5.6,UNRATE
1959-04-01,5.2,UNRATE
1959-05-01,5.1,UNRATE
1959-06-01,5.0,UNRATE
1959-07-01,5.1,UNRATE
1959-08-01,5.2,UNRATE
1959-09-01,5.5,UNRATE
1959-10-01,5.7,UNRATE
1959-11-01,5.8,UNRATE
1959-12-01,5.3,UNRATE
1960-01-01,5.2,UNRATE
1960-02-01,4.8,UNRATE
1960-03-01,5.4,UNRATE
1960-04-01,5.2,UNRATE
1960-05-01,5.1,UNRATE
1960-06-01,5.4,UNRATE
1960-07-01,5.5,UNRATE
1960-08-01,5.6,UNRATE
1960-09-01,5.5,UNRATE
1960-10-01,6.1,UNRATE
1960-11-01,6.1,UNRATE
1960-12-01,6.6,UNRATE
1961-01-01,6.6,UNRATE
1961-02-01,6.9,UNRATE
1961-03-01,6.9,UNRATE
1961-04-01,7.0,UNRATE
1961-05-01,7.1,UNRATE
1961-06-01,6.9,UNRATE
1961-07-01,7.0,UNRATE
1961-08-01,6.6,UNRATE
1961-09-01,6.7,UNRATE
1961-10-01,6.5,UNRATE
1961-11-01,6.1,UNRATE
1961-12-01,6.0,UNRATE
1962-01-01,5.8,UNRATE
1962-02-01,5.5,UNRATE
1962-03-01,5.6,UNRATE
1962-04-01,5.6,UNRATE
1962-05-01,5.5,UNRATE
1962-06-01,5.5,UNRATE
1962-07-01,5.4,UNRATE
1962-08-01,5.7,UNRATE
1962-09-01,5.6,UNRATE
1962-10-01,5.4,UNRATE
1962-11-01,5.7,UNRATE
1962-12-01,5.5,UNRATE
1963-01-01,5.7,UNRATE
1963-02-01,5.9,UNRATE
1963-03-01,5.7,UNRATE
1963-04-01,5.7,UNRATE
1963-05-01,5.9,UNRATE
1963-06-01,5.6,UNRATE
1963-07-01,5.6,UNRATE
1963-08-01,5.4,UNRATE
1963-09-01,5.5,UNRATE
1963-10-01,5.5,UNRATE
1963-11-01,5.7,UNRATE
1963-12-01,5.5,UNRATE
1964-01-01,5.6,UNRATE
1964-02-01,5.4,UNRATE
1964-03-01,5.4,UNRATE
1964-04-01,5.3,UNRATE
1964-05-01,5.1,UNRATE
1964-06-01,5.2,UNRATE
1964-07-01,4.9,UNRATE
1964-08-01,5.0,UNRATE
1964-09-01,5.1,UNRATE
1964-10-01,5.1,UNRATE
1964-11-01,4.8,UNRATE
1964-12-01,5.0,UNRATE
1965-01-01,4.9,UNRATE
1965-02-01,5.1,UNRATE
1965-03-01,4.7,UNRATE
1965-04-01,4.8,UNRATE
1965-05-01,4.6,UNRATE
1965-06-01,4.6,UNRATE
1965-07-01,4.4,UNRATE
1965-08-01,4.4,UNRATE
1965-09-01,4.3,UNRATE
1965-10-01,4.2,UNRATE
1965-11-01,4.1,UNRATE
1965-12-01,4.0,UNRATE
1966-01-01,4.0,UNRATE
1966-02-01,3.8,UNRATE
1966-03-01,3.8,UNRATE
1966-04-01,3.8,UNRATE
1966-05-01,3.9,UNRATE
1966-06-01,3.8,UNRATE
1966-07-01,3.8,UNRATE
1966-08-01,3.8,UNRATE
1966-09-01,3.7,UNRATE
1966-10-01,3.7,UNRATE
1966-11-01,3.6,UNRATE
1966-12-01,3.8,UNRATE
1967-01-01,3.9,UNRATE
1967-02-01,3.8,UNRATE
1967-03-01,3.8,UNRATE
1967-04-01,3.8,UNRATE
1967-05-01,3.8,UNRATE
1967-06-01,3.9,UNRATE
1967-07-01,3.8,UNRATE
1967-08-01,3.8,UNRATE
1967-09-01,3.8,UNRATE
1967-10-01,4.0,UNRATE
1967-11-01,3.9,UNRATE
1967-12-01,3.8,UNRATE
1968-01-01,3.7,UNRATE
1968-02-01,3.8,UNRATE
1968-03-01,3.7,UNRATE
1968-04-01,3.5,UNRATE
1968-05-01,3.5,UNRATE
1968-06-01,3.7,UNRATE
1968-07-01,3.7,UNRATE
1968-08-01,3.5,UNRATE
1968-09-01,3.4,UNRATE
1968-10-01,3.4,UNRATE
1968-11-01,3.4,UNRATE
1968-12-01,3.4,UNRATE
1969-01-01,3.4,UNRATE
1969-02-01,3.4,UNRATE
1969-03-01,3.4,UNRATE
1969-04-01,3.4,UNRATE
1969-05-01,3.4,UNRATE
1969-06-01,3.5,UNRATE
1969-07-01,3.5,UNRATE
1969-08-01,3.5,UNRATE
1969-09-01,3.7,UNRATE
1969-10-01,3.7,UNRATE
1969-11-01,3.5,UNRATE
1969-12-01,3.5,UNRATE
1970-01-01,3.9,UNRATE
1970-02-01,4.2,UNRATE
1970-03-01,4.4,UNRATE
1970-04-01,4.6,UNRATE
1970-05-01,4.8,UNRATE
1970-06-01,4.9,UNRATE
1970-07-01,5.0,UNRATE
1970-08-01,5.1,UNRATE
1970-09-01,5.4,UNRATE
1970-10-01,5.5,UNRATE
1970-11-01,5.9,UNRATE
1970-12-01,6.1,UNRATE
1971-01-01,5.9,UNRATE
1971-02-01,5.9,UNRATE
1971-03-01,6.0,UNRATE
1971-04-01,5.9,UNRATE
1971-05-01,5.9,UNRATE
1971-06-01,5.9,UNRATE
1971-07-01,6.0,UNRATE
1971-08-01,6.1,UNRATE
1971-09-01,6.0,UNRATE
1971-10-01,5.8,UNRATE
1971-11-01,6.0,UNRATE
1971-12-01,6.0,UNRATE
1972-01-01,5.8,UNRATE
1972-02-01,5.7,UNRATE
1972-03-01,5.8,UNRATE
1972-04-01,5.7,UNRATE
1972-05-01,5.7,UNRATE
1972-06-01,5.7,UNRATE
1972-07-01,5.6,UNRATE
1972-08-01,5.6,UNRATE
1972-09-01,5.5,UNRATE
1972-10-01,5.6,UNRATE
1972-11-01,5.3,UNRATE
1972-12-01,5.2,UNRATE
1973-01-01,4.9,UNRATE
1973-02-01,5.0,UNRATE
1973-03-01,4.9,UNRATE
1973-04-01,5.0,UNRATE
1973-05-01,4.9,UNRATE
1973-06-01,4.9,UNRATE
1973-07-01,4.8,UNRATE
1973-08-01,4.8,UNRATE
1973-09-01,4.8,UNRATE
1973-10-01,4.6,UNRATE
1973-11-01,4.8,UNRATE
1973-12-01,4.9,UNRATE
1974-01-01,5.1,UNRATE
1974-02-01,5.2,UNRATE
1974-03-01,5.1,UNRATE
1974-04-01,5.1,UNRATE
1974-05-01,5.1,UNRATE
1974-06-01,5.4,UNRATE
1974-07-01,5.5,UNRATE
1974-08-01,5.5,UNRATE
1974-09-01,5.9,UNRATE
1974-10-01,6.0,UNRATE
1974-11-01,6.6,UNRATE
1974-12-01,7.2,UNRATE
1975-01-01,8.1,UNRATE
1975-02-01,8.1,UNRATE
1975-03-01,8.6,UNRATE
1975-04-01,8.8,UNRATE
1975-05-01,9.0,UNRATE
1975-06-01,8.8,UNRATE
1975-07-01,8.6,UNRATE
1975-08-01,8.4,UNRATE
1975-09-01,8.4,UNRATE
1975-10-01,8.4,UNRATE
1975-11-01,8.3,UNRATE
1975-12-01,8.2,UNRATE
1976-01-01,7.9,UNRATE
1976-02-01,7.7,UNRATE
1976-03-01,7.6,UNRATE
1976-04-01,7.7,UNRATE
1976-05-01,7.4,UNRATE
1976-06-01,7.6,UNRATE
1976-07-01,7.8,UNRATE
1976-08-01,7.8,UNRATE
1976-09-01,7.6,UNRATE
1976-10-01,7.7,UNRATE
1976-11-01,7.8,UNRATE
1976-12-01,7.8,UNRATE
1977-01-01,7.5,UNRATE
1977-02-01,7.6,UNRATE
1977-03-01,7.4,UNRATE
1977-04-01,7.2,UNRATE
1977-05-01,7.0,UNRATE
1977-06-01,7.2,UNRATE
1977-07-01,6.9,UNRATE
1977-08-01,7.0,UNRATE
1977-09-01,6.8,UNRATE
1977-10-01,6.8,UNRATE
1977-11-01,6.8,UNRATE
1977-12-01,6.4,UNRATE
1978-01-01,6.4,UNRATE
1978-02-01,6.3,UNRATE
1978-03-01,6.3,UNRATE
1978-04-01,6.1,UNRATE
1978-05-01,6.0,UNRATE
1978-06-01,5.9,UNRATE
1978-07-01,6.2,UNRATE
1978-08-01,5.9,UNRATE
1978-09-01,6.0,UNRATE
1978-10-01,5.8,UNRATE
1978-11-01,5.9,UNRATE
1978-12-01,6.0,UNRATE
1979-01-01,5.9,UNRATE
1979-02-01,5.9,UNRATE
1979-03-01,5.8,UNRATE
1979-04-01,5.8,UNRATE
1979-05-01,5.6,UNRATE
1979-06-01,5.7,UNRATE
1979-07-01,5.7,UNRATE
1979-08-01,6.0,UNRATE
1979-09-01,5.9,UNRATE
1979-10-01,6.0,UNRATE
1979-11-01,5.9,UNRATE
1979-12-01,6.0,UNRATE
1980-01-01,6.3,UNRATE
1980-02-01,6.3,UNRATE
1980-03-01,6.3,UNRATE
1980-04-01,6.9,UNRATE
1980-05-01,7.5,UNRATE
1980-06-01,7.6,UNRATE
1980-07-01,7.8,UNRATE
1980-08-01,7.7,UNRATE
1980-09-01,7.5,UNRATE
1980-10-01,7.5,UNRATE
1980-11-01,7.5,UNRATE
1980-12-01,7.2,UNRATE
1981-01-01,7.5,UNRATE
1981-02-01,7.4,UNRATE
1981-03-01,7.4,UNRATE
1981-04-01,7.2,UNRATE
1981-05-01,7.5,UNRATE
1981-06-01,7.5,UNRATE
1981-07-01,7.2,UNRATE
1981-08-01,7.4,UNRATE
1981-09-01,7.6,UNRATE
1981-10-01,7.9,UNRATE
1981-11-01,8.3,UNRATE
1981-12-01,8.5,UNRATE
1982-01-01,8.6,UNRATE
1982-02-01,8.9,UNRATE
1982-03-01,9.0,UNRATE
1982-04-01,9.3,UNRATE
1982-05-01,9.4,UNRATE
1982-06-01,9.6,UNRATE
1982-07-01,9.8,UNRATE
1982-08-01,9.8,UNRATE
1982-09-01,10.1,UNRATE
1982-10-01,10.4,UNRATE
1982-11-01,10.8,UNRATE
1982-12-01,10.8,UNRATE
1983-01-01,10.4,UNRATE
1983-02-01,10.4,UNRATE
1983-03-01,10.3,UNRATE
1983-04-01,10.2,UNRATE
1983-05-01,10.1,UNRATE
1983-06-01,10.1,UNRATE
1983-07-01,9.4,UNRATE
1983-08-01,9.5,UNRATE
1983-09-01,9.2,UNRATE
1983-10-01,8.8,UNRATE
1983-11-01,8.5,UNRATE
1983-12-01,8.3,UNRATE
1984-01-01,8.0,UNRATE
1984-02-01,7.8,UNRATE
1984-03-01,7.8,UNRATE
1984-04-01,7.7,UNRATE
1984-05-01,7.4,UNRATE
1984-06-01,7.2,UNRATE
1984-07-01,7.5,UNRATE
1984-08-01,7.5,UNRATE
1984-09-01,7.3,UNRATE
1984-10-01,7.4,UNRATE
1984-11-01,7.2,UNRATE
1984-12-01,7.3,UNRATE
1985-01-01,7.3,UNRATE
1985-02-01,7.2,UNRATE
1985-03-01,7.2,UNRATE
1985-04-01,7.3,UNRATE
1985-05-01,7.2,UNRATE
1985-06-01,7.4,UNRATE
1985-07-01,7.4,UNRATE
1985-08-01,7.1,UNRATE
1985-09-01,7.1,UNRATE
1985-10-01,7.1,UNRATE
1985-11-01,7.0,UNRATE
1985-12-01,7.0,UNRATE
1986-01-01,6.7,UNRATE
1986-02-01,7.2,UNRATE
1986-03-01,7.2,UNRATE
1986-04-01,7.1,UNRATE
1986-05-01,7.2,UNRATE
1986-06-01,7.2,UNRATE
1986-07-01,7.0,UNRATE
1986-08-01,6.9,UNRATE
1986-09-01,7.0,UNRATE
1986-10-01,7.0,UNRATE
1986-11-01,6.9,UNRATE
1986-12-01,6.6,UNRATE
1987-01-01,6.6,UNRATE
1987-02-01,6.6,UNRATE
1987-03-01,6.6,UNRATE
1987-04-01,6.3,UNRATE
1987-05-01,6.3,UNRATE
1987-06-01,6.2,UNRATE
1987-07-01,6.1,UNRATE
1987-08-01,6.0,UNRATE
1987-09-01,5.9,UNRATE
1987-10-01,6.0,UNRATE
1987-11-01,5.8,UNRATE
1987-12-01,5.7,UNRATE
1988-01-01,5.7,UNRATE
1988-02-01,5.7,UNRATE
1988-03-01,5.7,UNRATE
1988-04-01,5.4,UNRATE
1988-05-01,5.6,UNRATE
1988-06-01,5.4,UNRATE
1988-07-01,5.4,UNRATE
1988-08-01,5.6,UNRATE
1988-09-01,5.4,UNRATE
1988-10-01,5.4,UNRATE
1988-11-01,5.3,UNRATE
1988-12-01,5.3,UNRATE
1989-01-01,5.4,UNRATE
1989-02-01,5.2,UNRATE
1989-03-01,5.0,UNRATE
1989-04-01,5.2,UNRATE
1989-05-01,5.2,UNRATE
1989-06-01,5.3,UNRATE
1989-07-01,5.2,UNRATE
1989-08-01,5.2,UNRATE
1989-09-01,5.3,UNRATE
1989-10-01,5.3,UNRATE
1989-11-01,5.4,UNRATE
1989-12-01,5.4,UNRATE
1990-01-01,5.4,UNRATE
1990-02-01,5.3,UNRATE
1990-03-01,5.2,UNRATE
1990-04-01,5.4,UNRATE
1990-05-01,5.4,UNRATE
1990-06-01,5.2,UNRATE
1990-07-01,5.5,UNRATE
1990-08-01,5.7,UNRATE
1990-09-01,5.9,UNRATE
1990-10-01,5.9,UNRATE
1990-11-01,6.2,UNRATE
1990-12-01,6.3,UNRATE
1991-01-01,6.4,UNRATE
1991-02-01,6.6,UNRATE
1991-03-01,6.8,UNRATE
1991-04-01,6.7,UNRATE
1991-05-01,6.9,UNRATE
1991-06-01,6.9,UNRATE
1991-07-01,6.8,UNRATE
1991-08-01,6.9,UNRATE
1991-09-01,6.9,UNRATE
1991-10-01,7.0,UNRATE
1991-11-01,7.0,UNRATE
1991-12-01,7.3,UNRATE
1992-01-01,7.3,UNRATE
1992-02-01,7.4,UNRATE
1992-03-01,7.4,UNRATE
1992-04-01,7.4,UNRATE
1992-05-01,7.6,UNRATE
1992-06-01,7.8,UNRATE
1992-07-01,7.7,UNRATE
1992-08-01,7.6,UNRATE
1992-09-01,7.6,UNRATE
1992-10-01,7.3,UNRATE
1992-11-01,7.4,UNRATE
1992-12-01,7.4,UNRATE
1993-01-01,7.3,UNRATE
1993-02-01,7.1,UNRATE
1993-03-01,7.0,UNRATE
1993-04-01,7.1,UNRATE
1993-05-01,7.1,UNRATE
1993-06-01,7.0,UNRATE
1993-07-01,6.9,UNRATE
1993-08-01,6.8,UNRATE
1993-09-01,6.7,UNRATE
1993-10-01,6.8,UNRATE
1993-11-01,6.6,UNRATE
1993-12-01,6.5,UNRATE
1994-01-01,6.6,UNRATE
1994-02-01,6.6,UNRATE
1994-03-01,6.5,UNRATE
1994-04-01,6.4,UNRATE
1994-05-01,6.1,UNRATE
1994-06-01,6.1,UNRATE
1994-07-01,6.1,UNRATE
1994-08-01,6.0,UNRATE
1994-09-01,5.9,UNRATE
1994-10-01,5.8,UNRATE
1994-11-01,5.6,UNRATE
1994-12-01,5.5,UNRATE
1995-01-01,5.6,UNRATE
1995-02-01,5.4,UNRATE
1995-03-01,5.4,UNRATE
1995-04-01,5.8,UNRATE
1995-05-01,5.6,UNRATE
1995-06-01,5.6,UNRATE
1995-07-01,5.7,UNRATE
1995-08-01,5.7,UNRATE
1995-09-01,5.6,UNRATE
1995-10-01,5.5,UNRATE
1995-11-01,5.6,UNRATE
1995-12-01,5.6,UNRATE
1996-01-01,5.6,UNRATE
1996-02-01,5.5,UNRATE
1996-03-01,5.5,UNRATE
1996-04-01,5.6,UNRATE
1996-05-01,5.6,UNRATE
1996-06-01,5.3,UNRATE
1996-07-01,5.5,UNRATE
1996-08-01,5.1,UNRATE
1996-09-01,5.2,UNRATE
1996-10-01,5.2,UNRATE
1996-11-01,5.4,UNRATE
1996-12-01,5.4,UNRATE
1997-01-01,5.3,UNRATE
1997-02-01,5.2,UNRATE
1997-03-01,5.2,UNRATE
1997-04-01,5.1,UNRATE
1997-05-01,4.9,UNRATE
1997-06-01,5.0,UNRATE
1997-07-01,4.9,UNRATE
1997-08-01,4.8,UNRATE
1997-09-01,4.9,UNRATE
1997-10-01,4.7,UNRATE
1997-11-01,4.6,UNRATE
1997-12-01,4.7,UNRATE
1998-01-01,4.6,UNRATE
1998-02-01,4.6,UNRATE
1998-03-01,4.7,UNRATE
1998-04-01,4.3,UNRATE
1998-05-01,4.4,UNRATE
1998-06-01,4.5,UNRATE
1998-07-01,4.5,UNRATE
1998-08-01,4.5,UNRATE
1998-09-01,4.6,UNRATE
1998-10-01,4.5,UNRATE
1998-11-01,4.4,UNRATE
1998-12-01,4.4,UNRATE
1999-01-01,4.3,UNRATE
1999-02-01,4.4,UNRATE
1999-03-01,4.2,UNRATE
1999-04-01,4.3,UNRATE
1999-05-01,4.2,UNRATE
1999-06-01,4.3,UNRATE
1999-07-01,4.3,UNRATE
1999-08-01,4.2,UNRATE
1999-09-01,4.2,UNRATE
1999-10-01,4.1,UNRATE
1999-11-01,4.1,UNRATE
1999-12-01,4.0,UNRATE
2000-01-01,4.0,UNRATE
2000-02-01,4.1,UNRATE
2000-03-01,4.0,UNRATE
2000-04-01,3.8,UNRATE
2000-05-01,4.0,UNRATE
2000-06-01,4.0,UNRATE
2000-07-01,4.0,UNRATE
2000-08-01,4.1,UNRATE
2000-09-01,3.9,UNRATE
2000-10-01,3.9,UNRATE
2000-11-01,3.9,UNRATE
2000-12-01,3.9,UNRATE
2001-01-01,4.2,UNRATE
2001-02-01,4.2,UNRATE
2001-03-01,4.3,UNRATE
2001-04-01,4.4,UNRATE
2001-05-01,4.3,UNRATE
2001-06-01,4.5,UNRATE
2001-07-01,4.6,UNRATE
2001-08-01,4.9,UNRATE
2001-09-01,5.0,UNRATE
2001-10-01,5.3,UNRATE
2001-11-01,5.5,UNRATE
2001-12-01,5.7,UNRATE
2002-01-01,5.7,UNRATE
2002-02-01,5.7,UNRATE
2002-03-01,5.7,UNRATE
2002-04-01,5.9,UNRATE
2002-05-01,5.8,UNRATE
2002-06-01,5.8,UNRATE
2002-07-01,5.8,UNRATE
2002-08-01,5.7,UNRATE
2002-09-01,5.7,UNRATE
2002-10-01,5.7,UNRATE
2002-11-01,5.9,UNRATE
2002-12-01,6.0,UNRATE
2003-01-01,5.8,UNRATE
2003-02-01,5.9,UNRATE
2003-03-01,5.9,UNRATE
2003-04-01,6.0,UNRATE
2003-05-01,6.1,UNRATE
2003-06-01,6.3,UNRATE
2003-07-01,6.2,UNRATE
2003-08-01,6.1,UNRATE
2003-09-01,6.1,UNRATE
2003-10-01,6.0,UNRATE
2003-11-01,5.8,UNRATE
2003-12-01,5.7,UNRATE
2004-01-01,5.7,UNRATE
2004-02-01,5.6,UNRATE
2004-03-01,5.8,UNRATE
2004-04-01,5.6,UNRATE
2004-05-01,5.6,UNRATE
2004-06-01,5.6,UNRATE
2004-07-01,5.5,UNRATE
2004-08-01,5.4,UNRATE
2004-09-01,5.4,UNRATE
2004-10-01,5.5,UNRATE
2004-11-01,5.4,UNRATE
2004-12-01,5.4,UNRATE
2005-01-01,5.3,UNRATE
2005-02-01,5.4,UNRATE
2005-03-01,5.2,UNRATE
2005-04-01,5.2,UNRATE
2005-05-01,5.1,UNRATE
2005-06-01,5.0,UNRATE
2005-07-01,5.0,UNRATE
2005-08-01,4.9,UNRATE
2005-09-01,5.0,UNRATE
2005-10-01,5.0,UNRATE
2005-11-01,5.0,UNRATE
2005-12-01,4.9,UNRATE
2006-01-01,4.7,UNRATE
2006-02-01,4.8,UNRATE
2006-03-01,4.7,UNRATE
2006-04-01,4.7,UNRATE
2006-05-01,4.6,UNRATE
2006-06-01,4.6,UNRATE
2006-07-01,4.7,UNRATE
2006-08-01,4.7,UNRATE
2006-09-01,4.5,UNRATE
2006-10-01,4.4,UNRATE
2006-11-01,4.5,UNRATE
2006-12-01,4.4,UNRATE
2007-01-01,4.6,UNRATE
2007-02-01,4.5,UNRATE
2007-03-01,4.4,UNRATE
2007-04-01,4.5,UNRATE
2007-05-01,4.4,UNRATE
2007-06-01,4.6,UNRATE
2007-07-01,4.7,UNRATE
2007-08-01,4.6,UNRATE
2007-09-01,4.7,UNRATE
2007-10-01,4.7,UNRATE
2007-11-01,4.7,UNRATE
2007-12-01,5.0,UNRATE
2008-01-01,5.0,UNRATE
2008-02-01,4.9,UNRATE
2008-03-01,5.1,UNRATE
2008-04-01,5.0,UNRATE
2008-05-01,5.4,UNRATE
2008-06-01,5.6,UNRATE
2008-07-01,5.8,UNRATE
2008-08-01,6.1,UNRATE
2008-09-01,6.1,UNRATE
2008-10-01,6.5,UNRATE
2008-11-01,6.8,UNRATE
2008-12-01,7.3,UNRATE
2009-01-01,7.8,UNRATE
2009-02-01,8.3,UNRATE
2009-03-01,8.7,UNRATE
2009-04-01,9.0,UNRATE
2009-05-01,9.4,UNRATE
2009-06-01,9.5,UNRATE
2009-07-01,9.5,UNRATE
2009-08-01,9.6,UNRATE
2009-09-01,9.8,UNRATE
2009-10-01,10.0,UNRATE
2009-11-01,9.9,UNRATE
2009-12-01,9.9,UNRATE
2010-01-01,9.8,UNRATE
2010-02-01,9.8,UNRATE
2010-03-01,9.9,UNRATE
2010-04-01,9.9,UNRATE
2010-05-01,9.6,UNRATE
2010-06-01,9.4,UNRATE
2010-07-01,9.4,UNRATE
2010-08-01,9.5,UNRATE
2010-09-01,9.5,UNRATE
2010-10-01,9.4,UNRATE
2010-11-01,9.8,UNRATE
2010-12-01,9.3,UNRATE
2011-01-01,9.1,UNRATE
2011-02-01,9.0,UNRATE
2011-03-01,9.0,UNRATE
2011-04-01,9.1,UNRATE
2011-05-01,9.0,UNRATE
2011-06-01,9.1,UNRATE
2011-07-01,9.0,UNRATE
2011-08-01,9.0,UNRATE
2011-09-01,9.0,UNRATE
2011-10-01,8.8,UNRATE
2011-11-01,8.6,UNRATE
2011-12-01,8.5,UNRATE
2012-01-01,8.3,UNRATE
2012-02-01,8.3,UNRATE
2012-03-01,8.2,UNRATE
2012-04-01,8.2,UNRATE
2012-05-01,8.2,UNRATE
2012-06-01,8.2,UNRATE
2012-07-01,8.2,UNRATE
2012-08-01,8.1,UNRATE
2012-09-01,7.8,UNRATE
2012-10-01,7.8,UNRATE
2012-11-01,7.7,UNRATE
2012-12-01,7.9,UNRATE
2013-01-01,8.0,UNRATE
2013-02-01,7.7,UNRATE
2013-03-01,7.5,UNRATE
2013-04-01,7.6,UNRATE
2013-05-01,7.5,UNRATE
2013-06-01,7.5,UNRATE
2013-07-01,7.3,UNRATE
2013-08-01,7.2,UNRATE
2013-09-01,7.2,UNRATE
2013-10-01,7.2,UNRATE
2013-11-01,6.9,UNRATE
2013-12-01,6.7,UNRATE
2014-01-01,6.6,UNRATE
2014-02-01,6.7,UNRATE
2014-03-01,6.7,UNRATE
2014-04-01,6.2,UNRATE
2014-05-01,6.3,UNRATE
2014-06-01,6.1,UNRATE
2014-07-01,6.2,UNRATE
2014-08-01,6.1,UNRATE
2014-09-01,5.9,UNRATE
2014-10-01,5.7,UNRATE
2014-11-01,5.8,UNRATE
2014-12-01,5.6,UNRATE
2015-01-01,5.7,UNRATE
2015-02-01,5.5,UNRATE
2015-03-01,5.4,UNRATE
2015-04-01,5.4,UNRATE
2015-05-01,5.6,UNRATE
2015-06-01,5.3,UNRATE
2015-07-01,5.2,UNRATE
2015-08-01,5.1,UNRATE
2015-09-01,5.0,UNRATE
2015-10-01,5.0,UNRATE
2015-11-01,5.1,UNRATE
2015-12-01,5.0,UNRATE
2016-01-01,4.8,UNRATE
2016-02-01,4.9,UNRATE
2016-03-01,5.0,UNRATE
2016-04-01,5.1,UNRATE
2016-05-01,4.8,UNRATE
2016-06-01,4.9,UNRATE
2016-07-01,4.8,UNRATE
2016-08-01,4.9,UNRATE
2016-09-01,5.0,UNRATE
2016-10-01,4.9,UNRATE
2016-11-01,4.7,UNRATE
2016-12-01,4.7,UNRATE
2017-01-01,4.7,UNRATE
2017-02-01,4.6,UNRATE
2017-03-01,4.4,UNRATE
2017-04-01,4.4,UNRATE
2017-05-01,4.4,UNRATE
2017-06-01,4.3,UNRATE
2017-07-01,4.3,UNRATE
2017-08-01,4.4,UNRATE
2017-09-01,4.3,UNRATE
2017-10-01,4.2,UNRATE
2017-11-01,4.2,UNRATE
2017-12-01,4.1,UNRATE
2018-01-01,4.0,UNRATE
2018-02-01,4.1,UNRATE
2018-03-01,4.0,UNRATE
2018-04-01,4.0,UNRATE
2018-05-01,3.8,UNRATE
2018-06-01,4.0,UNRATE
2018-07-01,3.8,UNRATE
2018-08-01,3.8,UNRATE
2018-09-01,3.7,UNRATE
2018-10-01,3.8,UNRATE
2018-11-01,3.8,UNRATE
2018-12-01,3.9,UNRATE
2019-01-01,4.0,UNRATE
2019-02-01,3.8,UNRATE
2019-03-01,3.8,UNRATE
2019-04-01,3.7,UNRATE
2019-05-01,3.6,UNRATE
2019-06-01,3.6,UNRATE
2019-07-01,3.7,UNRATE
2019-08-01,3.6,UNRATE
2019-09-01,3.5,UNRATE
2019-10-01,3.6,UNRATE
2019-11-01,3.6,UNRATE
2019-12-01,3.6,UNRATE
2020-01-01,3.6,UNRATE
2020-02-01,3.5,UNRATE
2020-03-01,4.4,UNRATE
2020-04-01,14.8,UNRATE
2020-05-01,13.2,UNRATE
2020-06-01,11.0,UNRATE
2020-07-01,10.2,UNRATE
2020-08-01,8.4,UNRATE
2020-09-01,7.8,UNRATE
2020-10-01,6.9,UNRATE
2020-11-01,6.7,UNRATE
2020-12-01,6.7,UNRATE
2021-01-01,6.4,UNRATE
2021-02-01,6.2,UNRATE
2021-03-01,6.1,UNRATE
2021-04-01,6.1,UNRATE
2021-05-01,5.8,UNRATE
2021-06-01,5.9,UNRATE
2021-07-01,5.4,UNRATE
2021-08-01,5.1,UNRATE
2021-09-01,4.7,UNRATE
2021-10-01,4.5,UNRATE
2021-11-01,4.1,UNRATE
2021-12-01,3.9,UNRATE
2022-01-01,4.0,UNRATE
2022-02-01,3.9,UNRATE
2022-03-01,3.7,UNRATE
2022-04-01,3.7,UNRATE
2022-05-01,3.6,UNRATE
2022-06-01,3.6,UNRATE
2022-07-01,3.5,UNRATE
2022-08-01,3.6,UNRATE
2022-09-01,3.5,UNRATE
2022-10-01,3.6,UNRATE
2022-11-01,3.6,UNRATE
2022-12-01,3.5,UNRATE
2023-01-01,3.5,UNRATE
2023-02-01,3.6,UNRATE
2023-03-01,3.5,UNRATE
2023-04-01,3.4,UNRATE
2023-05-01,3.6,UNRATE
2023-06-01,3.6,UNRATE
2023-07-01,3.5,UNRATE
2023-08-01,3.7,UNRATE
2023-09-01,3.7,UNRATE
2023-10-01,3.9,UNRATE
2023-11-01,3.7,UNRATE
2023-12-01,3.8,UNRATE
2024-01-01,3.7,UNRATE
2024-02-01,3.9,UNRATE
2024-03-01,3.9,UNRATE
2024-04-01,3.9,UNRATE
2024-05-01,3.9,UNRATE
2024-06-01,4.1,UNRATE
2024-07-01,4.2,UNRATE
2024-08-01,4.2,UNRATE
2024-09-01,4.1,UNRATE
2024-10-01,4.1,UNRATE
2024-11-01,4.2,UNRATE
2024-12-01,4.1,UNRATE
2025-01-01,4.0,UNRATE
2025-02-01,4.2,UNRATE
2025-03-01,4.2,UNRATE
2025-04-01,4.2,UNRATE
2025-05-01,4.3,UNRATE
2025-06-01,4.1,UNRATE
2025-07-01,4.3,UNRATE
2025-08-01,4.3,UNRATE
2025-09-01,4.4,UNRATE
2025-10-01,,UNRATE
2025-11-01,4.5,UNRATE
2025-12-01,4.4,UNRATE
2026-01-01,4.3,UNRATE
2026-02-01,4.4,UNRATE
2026-03-01,4.3,UNRATE
2026-04-01,4.3,UNRATE
2026-05-01,4.3,UNRATE
1939-01-01,29923.0,PAYEMS
1939-02-01,30100.0,PAYEMS
1939-03-01,30280.0,PAYEMS
1939-04-01,30094.0,PAYEMS
1939-05-01,30299.0,PAYEMS
1939-06-01,30502.0,PAYEMS
1939-07-01,30419.0,PAYEMS
1939-08-01,30663.0,PAYEMS
1939-09-01,31031.0,PAYEMS
1939-10-01,31411.0,PAYEMS
1939-11-01,31470.0,PAYEMS
1939-12-01,31542.0,PAYEMS
1940-01-01,31603.0,PAYEMS
1940-02-01,31715.0,PAYEMS
1940-03-01,31825.0,PAYEMS
1940-04-01,31701.0,PAYEMS
1940-05-01,31879.0,PAYEMS
1940-06-01,31977.0,PAYEMS
1940-07-01,31942.0,PAYEMS
1940-08-01,32352.0,PAYEMS
1940-09-01,32810.0,PAYEMS
1940-10-01,33267.0,PAYEMS
1940-11-01,33669.0,PAYEMS
1940-12-01,34174.0,PAYEMS
1941-01-01,34481.0,PAYEMS
1941-02-01,34843.0,PAYEMS
1941-03-01,35092.0,PAYEMS
1941-04-01,35468.0,PAYEMS
1941-05-01,36182.0,PAYEMS
1941-06-01,36650.0,PAYEMS
1941-07-01,37137.0,PAYEMS
1941-08-01,37544.0,PAYEMS
1941-09-01,37835.0,PAYEMS
1941-10-01,37949.0,PAYEMS
1941-11-01,38024.0,PAYEMS
1941-12-01,38104.0,PAYEMS
1942-01-01,38347.0,PAYEMS
1942-02-01,38512.0,PAYEMS
1942-03-01,38935.0,PAYEMS
1942-04-01,39352.0,PAYEMS
1942-05-01,39771.0,PAYEMS
1942-06-01,40029.0,PAYEMS
1942-07-01,40472.0,PAYEMS
1942-08-01,40988.0,PAYEMS
1942-09-01,41259.0,PAYEMS
1942-10-01,41515.0,PAYEMS
1942-11-01,41674.0,PAYEMS
1942-12-01,41915.0,PAYEMS
1943-01-01,42172.0,PAYEMS
1943-02-01,42393.0,PAYEMS
1943-03-01,42552.0,PAYEMS
1943-04-01,42647.0,PAYEMS
1943-05-01,42596.0,PAYEMS
1943-06-01,42781.0,PAYEMS
1943-07-01,42700.0,PAYEMS
1943-08-01,42546.0,PAYEMS
1943-09-01,42492.0,PAYEMS
1943-10-01,42675.0,PAYEMS
1943-11-01,42821.0,PAYEMS
1943-12-01,42746.0,PAYEMS
1944-01-01,42654.0,PAYEMS
1944-02-01,42538.0,PAYEMS
1944-03-01,42294.0,PAYEMS
1944-04-01,42063.0,PAYEMS
1944-05-01,41985.0,PAYEMS
1944-06-01,41947.0,PAYEMS
1944-07-01,41904.0,PAYEMS
1944-08-01,41850.0,PAYEMS
1944-09-01,41679.0,PAYEMS
1944-10-01,41708.0,PAYEMS
1944-11-01,41711.0,PAYEMS
1944-12-01,41860.0,PAYEMS
1945-01-01,41895.0,PAYEMS
1945-02-01,41897.0,PAYEMS
1945-03-01,41798.0,PAYEMS
1945-04-01,41446.0,PAYEMS
1945-05-01,41304.0,PAYEMS
1945-06-01,41149.0,PAYEMS
1945-07-01,40874.0,PAYEMS
1945-08-01,40466.0,PAYEMS
1945-09-01,38507.0,PAYEMS
1945-10-01,38600.0,PAYEMS
1945-11-01,38996.0,PAYEMS
1945-12-01,39110.0,PAYEMS
1946-01-01,39829.0,PAYEMS
1946-02-01,39244.0,PAYEMS
1946-03-01,40195.0,PAYEMS
1946-04-01,40913.0,PAYEMS
1946-05-01,41349.0,PAYEMS
1946-06-01,41735.0,PAYEMS
1946-07-01,42153.0,PAYEMS
1946-08-01,42642.0,PAYEMS
1946-09-01,42915.0,PAYEMS
1946-10-01,43093.0,PAYEMS
1946-11-01,43395.0,PAYEMS
1946-12-01,43379.0,PAYEMS
1947-01-01,43535.0,PAYEMS
1947-02-01,43557.0,PAYEMS
1947-03-01,43607.0,PAYEMS
1947-04-01,43499.0,PAYEMS
1947-05-01,43638.0,PAYEMS
1947-06-01,43810.0,PAYEMS
1947-07-01,43743.0,PAYEMS
1947-08-01,43960.0,PAYEMS
1947-09-01,44203.0,PAYEMS
1947-10-01,44411.0,PAYEMS
1947-11-01,44484.0,PAYEMS
1947-12-01,44581.0,PAYEMS
1948-01-01,44679.0,PAYEMS
1948-02-01,44533.0,PAYEMS
1948-03-01,44683.0,PAYEMS
1948-04-01,44379.0,PAYEMS
1948-05-01,44796.0,PAYEMS
1948-06-01,45034.0,PAYEMS
1948-07-01,45160.0,PAYEMS
1948-08-01,45178.0,PAYEMS
1948-09-01,45294.0,PAYEMS
1948-10-01,45245.0,PAYEMS
1948-11-01,45192.0,PAYEMS
1948-12-01,45032.0,PAYEMS
1949-01-01,44668.0,PAYEMS
1949-02-01,44497.0,PAYEMS
1949-03-01,44240.0,PAYEMS
1949-04-01,44236.0,PAYEMS
1949-05-01,43984.0,PAYEMS
1949-06-01,43739.0,PAYEMS
1949-07-01,43531.0,PAYEMS
1949-08-01,43624.0,PAYEMS
1949-09-01,43780.0,PAYEMS
1949-10-01,42942.0,PAYEMS
1949-11-01,43242.0,PAYEMS
1949-12-01,43522.0,PAYEMS
1950-01-01,43526.0,PAYEMS
1950-02-01,43297.0,PAYEMS
1950-03-01,43954.0,PAYEMS
1950-04-01,44382.0,PAYEMS
1950-05-01,44718.0,PAYEMS
1950-06-01,45083.0,PAYEMS
1950-07-01,45454.0,PAYEMS
1950-08-01,46192.0,PAYEMS
1950-09-01,46438.0,PAYEMS
1950-10-01,46706.0,PAYEMS
1950-11-01,46776.0,PAYEMS
1950-12-01,46861.0,PAYEMS
1951-01-01,47288.0,PAYEMS
1951-02-01,47577.0,PAYEMS
1951-03-01,47873.0,PAYEMS
1951-04-01,47861.0,PAYEMS
1951-05-01,47952.0,PAYEMS
1951-06-01,48064.0,PAYEMS
1951-07-01,48061.0,PAYEMS
1951-08-01,48012.0,PAYEMS
1951-09-01,47954.0,PAYEMS
1951-10-01,48006.0,PAYEMS
1951-11-01,48147.0,PAYEMS
1951-12-01,48314.0,PAYEMS
1952-01-01,48296.0,PAYEMS
1952-02-01,48522.0,PAYEMS
1952-03-01,48504.0,PAYEMS
1952-04-01,48620.0,PAYEMS
1952-05-01,48642.0,PAYEMS
1952-06-01,48282.0,PAYEMS
1952-07-01,48143.0,PAYEMS
1952-08-01,48924.0,PAYEMS
1952-09-01,49320.0,PAYEMS
1952-10-01,49597.0,PAYEMS
1952-11-01,49816.0,PAYEMS
1952-12-01,50166.0,PAYEMS
1953-01-01,50144.0,PAYEMS
1953-02-01,50339.0,PAYEMS
1953-03-01,50473.0,PAYEMS
1953-04-01,50435.0,PAYEMS
1953-05-01,50490.0,PAYEMS
1953-06-01,50519.0,PAYEMS
1953-07-01,50536.0,PAYEMS
1953-08-01,50489.0,PAYEMS
1953-09-01,50368.0,PAYEMS
1953-10-01,50240.0,PAYEMS
1953-11-01,49908.0,PAYEMS
1953-12-01,49703.0,PAYEMS
1954-01-01,49469.0,PAYEMS
1954-02-01,49382.0,PAYEMS
1954-03-01,49157.0,PAYEMS
1954-04-01,49179.0,PAYEMS
1954-05-01,48965.0,PAYEMS
1954-06-01,48895.0,PAYEMS
1954-07-01,48835.0,PAYEMS
1954-08-01,48826.0,PAYEMS
1954-09-01,48886.0,PAYEMS
1954-10-01,48942.0,PAYEMS
1954-11-01,49180.0,PAYEMS
1954-12-01,49331.0,PAYEMS
1955-01-01,49496.0,PAYEMS
1955-02-01,49644.0,PAYEMS
1955-03-01,49962.0,PAYEMS
1955-04-01,50248.0,PAYEMS
1955-05-01,50512.0,PAYEMS
1955-06-01,50790.0,PAYEMS
1955-07-01,50987.0,PAYEMS
1955-08-01,51111.0,PAYEMS
1955-09-01,51266.0,PAYEMS
1955-10-01,51429.0,PAYEMS
1955-11-01,51592.0,PAYEMS
1955-12-01,51805.0,PAYEMS
1956-01-01,51975.0,PAYEMS
1956-02-01,52167.0,PAYEMS
1956-03-01,52294.0,PAYEMS
1956-04-01,52375.0,PAYEMS
1956-05-01,52506.0,PAYEMS
1956-06-01,52586.0,PAYEMS
1956-07-01,51955.0,PAYEMS
1956-08-01,52631.0,PAYEMS
1956-09-01,52604.0,PAYEMS
1956-10-01,52777.0,PAYEMS
1956-11-01,52821.0,PAYEMS
1956-12-01,52929.0,PAYEMS
1957-01-01,52887.0,PAYEMS
1957-02-01,53097.0,PAYEMS
1957-03-01,53156.0,PAYEMS
1957-04-01,53238.0,PAYEMS
1957-05-01,53150.0,PAYEMS
1957-06-01,53067.0,PAYEMS
1957-07-01,53123.0,PAYEMS
1957-08-01,53128.0,PAYEMS
1957-09-01,52934.0,PAYEMS
1957-10-01,52763.0,PAYEMS
1957-11-01,52558.0,PAYEMS
1957-12-01,52384.0,PAYEMS
1958-01-01,52076.0,PAYEMS
1958-02-01,51576.0,PAYEMS
1958-03-01,51299.0,PAYEMS
1958-04-01,51027.0,PAYEMS
1958-05-01,50914.0,PAYEMS
1958-06-01,50914.0,PAYEMS
1958-07-01,51039.0,PAYEMS
1958-08-01,51233.0,PAYEMS
1958-09-01,51506.0,PAYEMS
1958-10-01,51485.0,PAYEMS
1958-11-01,51944.0,PAYEMS
1958-12-01,52085.0,PAYEMS
1959-01-01,52478.0,PAYEMS
1959-02-01,52688.0,PAYEMS
1959-03-01,53014.0,PAYEMS
1959-04-01,53321.0,PAYEMS
1959-05-01,53550.0,PAYEMS
1959-06-01,53681.0,PAYEMS
1959-07-01,53804.0,PAYEMS
1959-08-01,53336.0,PAYEMS
1959-09-01,53428.0,PAYEMS
1959-10-01,53358.0,PAYEMS
1959-11-01,53634.0,PAYEMS
1959-12-01,54174.0,PAYEMS
1960-01-01,54274.0,PAYEMS
1960-02-01,54513.0,PAYEMS
1960-03-01,54454.0,PAYEMS
1960-04-01,54813.0,PAYEMS
1960-05-01,54475.0,PAYEMS
1960-06-01,54348.0,PAYEMS
1960-07-01,54306.0,PAYEMS
1960-08-01,54272.0,PAYEMS
1960-09-01,54227.0,PAYEMS
1960-10-01,54142.0,PAYEMS
1960-11-01,53961.0,PAYEMS
1960-12-01,53742.0,PAYEMS
1961-01-01,53683.0,PAYEMS
1961-02-01,53557.0,PAYEMS
1961-03-01,53659.0,PAYEMS
1961-04-01,53627.0,PAYEMS
1961-05-01,53786.0,PAYEMS
1961-06-01,53977.0,PAYEMS
1961-07-01,54123.0,PAYEMS
1961-08-01,54298.0,PAYEMS
1961-09-01,54388.0,PAYEMS
1961-10-01,54522.0,PAYEMS
1961-11-01,54742.0,PAYEMS
1961-12-01,54872.0,PAYEMS
1962-01-01,54891.0,PAYEMS
1962-02-01,55188.0,PAYEMS
1962-03-01,55275.0,PAYEMS
1962-04-01,55602.0,PAYEMS
1962-05-01,55628.0,PAYEMS
1962-06-01,55644.0,PAYEMS
1962-07-01,55746.0,PAYEMS
1962-08-01,55838.0,PAYEMS
1962-09-01,55978.0,PAYEMS
1962-10-01,56041.0,PAYEMS
1962-11-01,56056.0,PAYEMS
1962-12-01,56028.0,PAYEMS
1963-01-01,56115.0,PAYEMS
1963-02-01,56230.0,PAYEMS
1963-03-01,56320.0,PAYEMS
1963-04-01,56580.0,PAYEMS
1963-05-01,56616.0,PAYEMS
1963-06-01,56659.0,PAYEMS
1963-07-01,56794.0,PAYEMS
1963-08-01,56910.0,PAYEMS
1963-09-01,57078.0,PAYEMS
1963-10-01,57283.0,PAYEMS
1963-11-01,57255.0,PAYEMS
1963-12-01,57361.0,PAYEMS
1964-01-01,57487.0,PAYEMS
1964-02-01,57753.0,PAYEMS
1964-03-01,57897.0,PAYEMS
1964-04-01,57922.0,PAYEMS
1964-05-01,58089.0,PAYEMS
1964-06-01,58219.0,PAYEMS
1964-07-01,58412.0,PAYEMS
1964-08-01,58619.0,PAYEMS
1964-09-01,58903.0,PAYEMS
1964-10-01,58793.0,PAYEMS
1964-11-01,59218.0,PAYEMS
1964-12-01,59421.0,PAYEMS
1965-01-01,59582.0,PAYEMS
1965-02-01,59800.0,PAYEMS
1965-03-01,60003.0,PAYEMS
1965-04-01,60259.0,PAYEMS
1965-05-01,60491.0,PAYEMS
1965-06-01,60690.0,PAYEMS
1965-07-01,60965.0,PAYEMS
1965-08-01,61228.0,PAYEMS
1965-09-01,61490.0,PAYEMS
1965-10-01,61719.0,PAYEMS
1965-11-01,61996.0,PAYEMS
1965-12-01,62322.0,PAYEMS
1966-01-01,62529.0,PAYEMS
1966-02-01,62796.0,PAYEMS
1966-03-01,63192.0,PAYEMS
1966-04-01,63437.0,PAYEMS
1966-05-01,63712.0,PAYEMS
1966-06-01,64111.0,PAYEMS
1966-07-01,64301.0,PAYEMS
1966-08-01,64507.0,PAYEMS
1966-09-01,64643.0,PAYEMS
1966-10-01,64854.0,PAYEMS
1966-11-01,65019.0,PAYEMS
1966-12-01,65199.0,PAYEMS
1967-01-01,65407.0,PAYEMS
1967-02-01,65429.0,PAYEMS
1967-03-01,65530.0,PAYEMS
1967-04-01,65466.0,PAYEMS
1967-05-01,65620.0,PAYEMS
1967-06-01,65750.0,PAYEMS
1967-07-01,65888.0,PAYEMS
1967-08-01,66143.0,PAYEMS
1967-09-01,66164.0,PAYEMS
1967-10-01,66225.0,PAYEMS
1967-11-01,66703.0,PAYEMS
1967-12-01,66900.0,PAYEMS
1968-01-01,66804.0,PAYEMS
1968-02-01,67215.0,PAYEMS
1968-03-01,67295.0,PAYEMS
1968-04-01,67556.0,PAYEMS
1968-05-01,67652.0,PAYEMS
1968-06-01,67905.0,PAYEMS
1968-07-01,68126.0,PAYEMS
1968-08-01,68330.0,PAYEMS
1968-09-01,68484.0,PAYEMS
1968-10-01,68721.0,PAYEMS
1968-11-01,68984.0,PAYEMS
1968-12-01,69248.0,PAYEMS
1969-01-01,69439.0,PAYEMS
1969-02-01,69699.0,PAYEMS
1969-03-01,69905.0,PAYEMS
1969-04-01,70072.0,PAYEMS
1969-05-01,70328.0,PAYEMS
1969-06-01,70636.0,PAYEMS
1969-07-01,70729.0,PAYEMS
1969-08-01,71008.0,PAYEMS
1969-09-01,70914.0,PAYEMS
1969-10-01,71121.0,PAYEMS
1969-11-01,71086.0,PAYEMS
1969-12-01,71241.0,PAYEMS
1970-01-01,71176.0,PAYEMS
1970-02-01,71305.0,PAYEMS
1970-03-01,71451.0,PAYEMS
1970-04-01,71348.0,PAYEMS
1970-05-01,71124.0,PAYEMS
1970-06-01,71029.0,PAYEMS
1970-07-01,71053.0,PAYEMS
1970-08-01,70937.0,PAYEMS
1970-09-01,70944.0,PAYEMS
1970-10-01,70521.0,PAYEMS
1970-11-01,70409.0,PAYEMS
1970-12-01,70792.0,PAYEMS
1971-01-01,70865.0,PAYEMS
1971-02-01,70807.0,PAYEMS
1971-03-01,70860.0,PAYEMS
1971-04-01,71036.0,PAYEMS
1971-05-01,71247.0,PAYEMS
1971-06-01,71254.0,PAYEMS
1971-07-01,71315.0,PAYEMS
1971-08-01,71373.0,PAYEMS
1971-09-01,71614.0,PAYEMS
1971-10-01,71642.0,PAYEMS
1971-11-01,71847.0,PAYEMS
1971-12-01,72109.0,PAYEMS
1972-01-01,72441.0,PAYEMS
1972-02-01,72648.0,PAYEMS
1972-03-01,72944.0,PAYEMS
1972-04-01,73162.0,PAYEMS
1972-05-01,73469.0,PAYEMS
1972-06-01,73758.0,PAYEMS
1972-07-01,73709.0,PAYEMS
1972-08-01,74141.0,PAYEMS
1972-09-01,74264.0,PAYEMS
1972-10-01,74674.0,PAYEMS
1972-11-01,74973.0,PAYEMS
1972-12-01,75268.0,PAYEMS
1973-01-01,75617.0,PAYEMS
1973-02-01,76014.0,PAYEMS
1973-03-01,76284.0,PAYEMS
1973-04-01,76455.0,PAYEMS
1973-05-01,76648.0,PAYEMS
1973-06-01,76887.0,PAYEMS
1973-07-01,76913.0,PAYEMS
1973-08-01,77168.0,PAYEMS
1973-09-01,77276.0,PAYEMS
1973-10-01,77607.0,PAYEMS
1973-11-01,77920.0,PAYEMS
1973-12-01,78031.0,PAYEMS
1974-01-01,78100.0,PAYEMS
1974-02-01,78254.0,PAYEMS
1974-03-01,78296.0,PAYEMS
1974-04-01,78382.0,PAYEMS
1974-05-01,78549.0,PAYEMS
1974-06-01,78604.0,PAYEMS
1974-07-01,78636.0,PAYEMS
1974-08-01,78619.0,PAYEMS
1974-09-01,78610.0,PAYEMS
1974-10-01,78630.0,PAYEMS
1974-11-01,78265.0,PAYEMS
1974-12-01,77652.0,PAYEMS
1975-01-01,77293.0,PAYEMS
1975-02-01,76918.0,PAYEMS
1975-03-01,76648.0,PAYEMS
1975-04-01,76460.0,PAYEMS
1975-05-01,76624.0,PAYEMS
1975-06-01,76521.0,PAYEMS
1975-07-01,76770.0,PAYEMS
1975-08-01,77153.0,PAYEMS
1975-09-01,77228.0,PAYEMS
1975-10-01,77540.0,PAYEMS
1975-11-01,77685.0,PAYEMS
1975-12-01,78017.0,PAYEMS
1976-01-01,78503.0,PAYEMS
1976-02-01,78816.0,PAYEMS
1976-03-01,79048.0,PAYEMS
1976-04-01,79292.0,PAYEMS
1976-05-01,79312.0,PAYEMS
1976-06-01,79376.0,PAYEMS
1976-07-01,79547.0,PAYEMS
1976-08-01,79704.0,PAYEMS
1976-09-01,79892.0,PAYEMS
1976-10-01,79911.0,PAYEMS
1976-11-01,80240.0,PAYEMS
1976-12-01,80448.0,PAYEMS
1977-01-01,80690.0,PAYEMS
1977-02-01,80988.0,PAYEMS
1977-03-01,81391.0,PAYEMS
1977-04-01,81728.0,PAYEMS
1977-05-01,82088.0,PAYEMS
1977-06-01,82488.0,PAYEMS
1977-07-01,82834.0,PAYEMS
1977-08-01,83075.0,PAYEMS
1977-09-01,83532.0,PAYEMS
1977-10-01,83800.0,PAYEMS
1977-11-01,84173.0,PAYEMS
1977-12-01,84410.0,PAYEMS
1978-01-01,84594.0,PAYEMS
1978-02-01,84948.0,PAYEMS
1978-03-01,85460.0,PAYEMS
1978-04-01,86162.0,PAYEMS
1978-05-01,86509.0,PAYEMS
1978-06-01,86950.0,PAYEMS
1978-07-01,87204.0,PAYEMS
1978-08-01,87483.0,PAYEMS
1978-09-01,87621.0,PAYEMS
1978-10-01,87956.0,PAYEMS
1978-11-01,88391.0,PAYEMS
1978-12-01,88671.0,PAYEMS
1979-01-01,88808.0,PAYEMS
1979-02-01,89055.0,PAYEMS
1979-03-01,89479.0,PAYEMS
1979-04-01,89417.0,PAYEMS
1979-05-01,89789.0,PAYEMS
1979-06-01,90108.0,PAYEMS
1979-07-01,90217.0,PAYEMS
1979-08-01,90300.0,PAYEMS
1979-09-01,90327.0,PAYEMS
1979-10-01,90481.0,PAYEMS
1979-11-01,90573.0,PAYEMS
1979-12-01,90672.0,PAYEMS
1980-01-01,90800.0,PAYEMS
1980-02-01,90883.0,PAYEMS
1980-03-01,90994.0,PAYEMS
1980-04-01,90849.0,PAYEMS
1980-05-01,90420.0,PAYEMS
1980-06-01,90101.0,PAYEMS
1980-07-01,89840.0,PAYEMS
1980-08-01,90099.0,PAYEMS
1980-09-01,90213.0,PAYEMS
1980-10-01,90490.0,PAYEMS
1980-11-01,90747.0,PAYEMS
1980-12-01,90943.0,PAYEMS
1981-01-01,91033.0,PAYEMS
1981-02-01,91105.0,PAYEMS
1981-03-01,91210.0,PAYEMS
1981-04-01,91283.0,PAYEMS
1981-05-01,91296.0,PAYEMS
1981-06-01,91490.0,PAYEMS
1981-07-01,91601.0,PAYEMS
1981-08-01,91565.0,PAYEMS
1981-09-01,91477.0,PAYEMS
1981-10-01,91380.0,PAYEMS
1981-11-01,91171.0,PAYEMS
1981-12-01,90895.0,PAYEMS
1982-01-01,90565.0,PAYEMS
1982-02-01,90563.0,PAYEMS
1982-03-01,90434.0,PAYEMS
1982-04-01,90150.0,PAYEMS
1982-05-01,90107.0,PAYEMS
1982-06-01,89865.0,PAYEMS
1982-07-01,89521.0,PAYEMS
1982-08-01,89363.0,PAYEMS
1982-09-01,89183.0,PAYEMS
1982-10-01,88907.0,PAYEMS
1982-11-01,88786.0,PAYEMS
1982-12-01,88771.0,PAYEMS
1983-01-01,88990.0,PAYEMS
1983-02-01,88917.0,PAYEMS
1983-03-01,89090.0,PAYEMS
1983-04-01,89364.0,PAYEMS
1983-05-01,89644.0,PAYEMS
1983-06-01,90021.0,PAYEMS
1983-07-01,90437.0,PAYEMS
1983-08-01,90129.0,PAYEMS
1983-09-01,91247.0,PAYEMS
1983-10-01,91520.0,PAYEMS
1983-11-01,91875.0,PAYEMS
1983-12-01,92230.0,PAYEMS
1984-01-01,92673.0,PAYEMS
1984-02-01,93157.0,PAYEMS
1984-03-01,93429.0,PAYEMS
1984-04-01,93792.0,PAYEMS
1984-05-01,94098.0,PAYEMS
1984-06-01,94479.0,PAYEMS
1984-07-01,94789.0,PAYEMS
1984-08-01,95032.0,PAYEMS
1984-09-01,95344.0,PAYEMS
1984-10-01,95629.0,PAYEMS
1984-11-01,95982.0,PAYEMS
1984-12-01,96107.0,PAYEMS
1985-01-01,96372.0,PAYEMS
1985-02-01,96503.0,PAYEMS
1985-03-01,96842.0,PAYEMS
1985-04-01,97038.0,PAYEMS
1985-05-01,97312.0,PAYEMS
1985-06-01,97459.0,PAYEMS
1985-07-01,97648.0,PAYEMS
1985-08-01,97840.0,PAYEMS
1985-09-01,98045.0,PAYEMS
1985-10-01,98233.0,PAYEMS
1985-11-01,98443.0,PAYEMS
1985-12-01,98609.0,PAYEMS
1986-01-01,98732.0,PAYEMS
1986-02-01,98847.0,PAYEMS
1986-03-01,98934.0,PAYEMS
1986-04-01,99121.0,PAYEMS
1986-05-01,99248.0,PAYEMS
1986-06-01,99155.0,PAYEMS
1986-07-01,99473.0,PAYEMS
1986-08-01,99588.0,PAYEMS
1986-09-01,99934.0,PAYEMS
1986-10-01,100121.0,PAYEMS
1986-11-01,100308.0,PAYEMS
1986-12-01,100509.0,PAYEMS
1987-01-01,100678.0,PAYEMS
1987-02-01,100919.0,PAYEMS
1987-03-01,101164.0,PAYEMS
1987-04-01,101499.0,PAYEMS
1987-05-01,101728.0,PAYEMS
1987-06-01,101900.0,PAYEMS
1987-07-01,102247.0,PAYEMS
1987-08-01,102420.0,PAYEMS
1987-09-01,102647.0,PAYEMS
1987-10-01,103138.0,PAYEMS
1987-11-01,103372.0,PAYEMS
1987-12-01,103661.0,PAYEMS
1988-01-01,103753.0,PAYEMS
1988-02-01,104214.0,PAYEMS
1988-03-01,104489.0,PAYEMS
1988-04-01,104732.0,PAYEMS
1988-05-01,104962.0,PAYEMS
1988-06-01,105326.0,PAYEMS
1988-07-01,105550.0,PAYEMS
1988-08-01,105674.0,PAYEMS
1988-09-01,106013.0,PAYEMS
1988-10-01,106276.0,PAYEMS
1988-11-01,106617.0,PAYEMS
1988-12-01,106898.0,PAYEMS
1989-01-01,107161.0,PAYEMS
1989-02-01,107427.0,PAYEMS
1989-03-01,107621.0,PAYEMS
1989-04-01,107791.0,PAYEMS
1989-05-01,107913.0,PAYEMS
1989-06-01,108027.0,PAYEMS
1989-07-01,108069.0,PAYEMS
1989-08-01,108120.0,PAYEMS
1989-09-01,108369.0,PAYEMS
1989-10-01,108476.0,PAYEMS
1989-11-01,108752.0,PAYEMS
1989-12-01,108836.0,PAYEMS
1990-01-01,109196.0,PAYEMS
1990-02-01,109436.0,PAYEMS
1990-03-01,109640.0,PAYEMS
1990-04-01,109674.0,PAYEMS
1990-05-01,109828.0,PAYEMS
1990-06-01,109850.0,PAYEMS
1990-07-01,109815.0,PAYEMS
1990-08-01,109607.0,PAYEMS
1990-09-01,109522.0,PAYEMS
1990-10-01,109377.0,PAYEMS
1990-11-01,109222.0,PAYEMS
1990-12-01,109168.0,PAYEMS
1991-01-01,109058.0,PAYEMS
1991-02-01,108735.0,PAYEMS
1991-03-01,108568.0,PAYEMS
1991-04-01,108350.0,PAYEMS
1991-05-01,108253.0,PAYEMS
1991-06-01,108330.0,PAYEMS
1991-07-01,108290.0,PAYEMS
1991-08-01,108300.0,PAYEMS
1991-09-01,108335.0,PAYEMS
1991-10-01,108361.0,PAYEMS
1991-11-01,108300.0,PAYEMS
1991-12-01,108330.0,PAYEMS
1992-01-01,108365.0,PAYEMS
1992-02-01,108312.0,PAYEMS
1992-03-01,108367.0,PAYEMS
1992-04-01,108516.0,PAYEMS
1992-05-01,108646.0,PAYEMS
1992-06-01,108706.0,PAYEMS
1992-07-01,108793.0,PAYEMS
1992-08-01,108916.0,PAYEMS
1992-09-01,108951.0,PAYEMS
1992-10-01,109139.0,PAYEMS
1992-11-01,109283.0,PAYEMS
1992-12-01,109502.0,PAYEMS
1993-01-01,109790.0,PAYEMS
1993-02-01,110047.0,PAYEMS
1993-03-01,110004.0,PAYEMS
1993-04-01,110300.0,PAYEMS
1993-05-01,110571.0,PAYEMS
1993-06-01,110742.0,PAYEMS
1993-07-01,111054.0,PAYEMS
1993-08-01,111200.0,PAYEMS
1993-09-01,111448.0,PAYEMS
1993-10-01,111734.0,PAYEMS
1993-11-01,111987.0,PAYEMS
1993-12-01,112325.0,PAYEMS
1994-01-01,112601.0,PAYEMS
1994-02-01,112782.0,PAYEMS
1994-03-01,113245.0,PAYEMS
1994-04-01,113589.0,PAYEMS
1994-05-01,113922.0,PAYEMS
1994-06-01,114239.0,PAYEMS
1994-07-01,114608.0,PAYEMS
1994-08-01,114902.0,PAYEMS
1994-09-01,115246.0,PAYEMS
1994-10-01,115457.0,PAYEMS
1994-11-01,115867.0,PAYEMS
1994-12-01,116174.0,PAYEMS
1995-01-01,116505.0,PAYEMS
1995-02-01,116694.0,PAYEMS
1995-03-01,116908.0,PAYEMS
1995-04-01,117066.0,PAYEMS
1995-05-01,117046.0,PAYEMS
1995-06-01,117291.0,PAYEMS
1995-07-01,117382.0,PAYEMS
1995-08-01,117646.0,PAYEMS
1995-09-01,117873.0,PAYEMS
1995-10-01,118026.0,PAYEMS
1995-11-01,118165.0,PAYEMS
1995-12-01,118325.0,PAYEMS
1996-01-01,118317.0,PAYEMS
1996-02-01,118738.0,PAYEMS
1996-03-01,118992.0,PAYEMS
1996-04-01,119158.0,PAYEMS
1996-05-01,119497.0,PAYEMS
1996-06-01,119770.0,PAYEMS
1996-07-01,120019.0,PAYEMS
1996-08-01,120198.0,PAYEMS
1996-09-01,120400.0,PAYEMS
1996-10-01,120665.0,PAYEMS
1996-11-01,120947.0,PAYEMS
1996-12-01,121143.0,PAYEMS
1997-01-01,121356.0,PAYEMS
1997-02-01,121673.0,PAYEMS
1997-03-01,121991.0,PAYEMS
1997-04-01,122289.0,PAYEMS
1997-05-01,122560.0,PAYEMS
1997-06-01,122816.0,PAYEMS
1997-07-01,123114.0,PAYEMS
1997-08-01,123087.0,PAYEMS
1997-09-01,123575.0,PAYEMS
1997-10-01,123924.0,PAYEMS
1997-11-01,124225.0,PAYEMS
1997-12-01,124549.0,PAYEMS
1998-01-01,124806.0,PAYEMS
1998-02-01,125017.0,PAYEMS
1998-03-01,125165.0,PAYEMS
1998-04-01,125445.0,PAYEMS
1998-05-01,125845.0,PAYEMS
1998-06-01,126076.0,PAYEMS
1998-07-01,126212.0,PAYEMS
1998-08-01,126546.0,PAYEMS
1998-09-01,126744.0,PAYEMS
1998-10-01,126949.0,PAYEMS
1998-11-01,127222.0,PAYEMS
1998-12-01,127595.0,PAYEMS
1999-01-01,127699.0,PAYEMS
1999-02-01,128117.0,PAYEMS
1999-03-01,128234.0,PAYEMS
1999-04-01,128595.0,PAYEMS
1999-05-01,128813.0,PAYEMS
1999-06-01,129084.0,PAYEMS
1999-07-01,129422.0,PAYEMS
1999-08-01,129572.0,PAYEMS
1999-09-01,129771.0,PAYEMS
1999-10-01,130178.0,PAYEMS
1999-11-01,130466.0,PAYEMS
1999-12-01,130783.0,PAYEMS
2000-01-01,131011.0,PAYEMS
2000-02-01,131120.0,PAYEMS
2000-03-01,131604.0,PAYEMS
2000-04-01,131884.0,PAYEMS
2000-05-01,132105.0,PAYEMS
2000-06-01,132063.0,PAYEMS
2000-07-01,132228.0,PAYEMS
2000-08-01,132234.0,PAYEMS
2000-09-01,132337.0,PAYEMS
2000-10-01,132352.0,PAYEMS
2000-11-01,132556.0,PAYEMS
2000-12-01,132716.0,PAYEMS
2001-01-01,132703.0,PAYEMS
2001-02-01,132788.0,PAYEMS
2001-03-01,132751.0,PAYEMS
2001-04-01,132458.0,PAYEMS
2001-05-01,132408.0,PAYEMS
2001-06-01,132300.0,PAYEMS
2001-07-01,132172.0,PAYEMS
2001-08-01,132021.0,PAYEMS
2001-09-01,131763.0,PAYEMS
2001-10-01,131452.0,PAYEMS
2001-11-01,131144.0,PAYEMS
2001-12-01,130983.0,PAYEMS
2002-01-01,130859.0,PAYEMS
2002-02-01,130737.0,PAYEMS
2002-03-01,130722.0,PAYEMS
2002-04-01,130616.0,PAYEMS
2002-05-01,130632.0,PAYEMS
2002-06-01,130674.0,PAYEMS
2002-07-01,130584.0,PAYEMS
2002-08-01,130581.0,PAYEMS
2002-09-01,130502.0,PAYEMS
2002-10-01,130617.0,PAYEMS
2002-11-01,130616.0,PAYEMS
2002-12-01,130465.0,PAYEMS
2003-01-01,130573.0,PAYEMS
2003-02-01,130441.0,PAYEMS
2003-03-01,130235.0,PAYEMS
2003-04-01,130173.0,PAYEMS
2003-05-01,130197.0,PAYEMS
2003-06-01,130186.0,PAYEMS
2003-07-01,130184.0,PAYEMS
2003-08-01,130153.0,PAYEMS
2003-09-01,130252.0,PAYEMS
2003-10-01,130439.0,PAYEMS
2003-11-01,130480.0,PAYEMS
2003-12-01,130589.0,PAYEMS
2004-01-01,130756.0,PAYEMS
2004-02-01,130821.0,PAYEMS
2004-03-01,131140.0,PAYEMS
2004-04-01,131412.0,PAYEMS
2004-05-01,131697.0,PAYEMS
2004-06-01,131794.0,PAYEMS
2004-07-01,131854.0,PAYEMS
2004-08-01,131939.0,PAYEMS
2004-09-01,132089.0,PAYEMS
2004-10-01,132429.0,PAYEMS
2004-11-01,132503.0,PAYEMS
2004-12-01,132630.0,PAYEMS
2005-01-01,132781.0,PAYEMS
2005-02-01,133034.0,PAYEMS
2005-03-01,133154.0,PAYEMS
2005-04-01,133520.0,PAYEMS
2005-05-01,133689.0,PAYEMS
2005-06-01,133948.0,PAYEMS
2005-07-01,134300.0,PAYEMS
2005-08-01,134502.0,PAYEMS
2005-09-01,134552.0,PAYEMS
2005-10-01,134641.0,PAYEMS
2005-11-01,134997.0,PAYEMS
2005-12-01,135159.0,PAYEMS
2006-01-01,135427.0,PAYEMS
2006-02-01,135733.0,PAYEMS
2006-03-01,136038.0,PAYEMS
2006-04-01,136210.0,PAYEMS
2006-05-01,136249.0,PAYEMS
2006-06-01,136337.0,PAYEMS
2006-07-01,136529.0,PAYEMS
2006-08-01,136692.0,PAYEMS
2006-09-01,136826.0,PAYEMS
2006-10-01,136843.0,PAYEMS
2006-11-01,137060.0,PAYEMS
2006-12-01,137249.0,PAYEMS
2007-01-01,137472.0,PAYEMS
2007-02-01,137560.0,PAYEMS
2007-03-01,137784.0,PAYEMS
2007-04-01,137847.0,PAYEMS
2007-05-01,137992.0,PAYEMS
2007-06-01,138070.0,PAYEMS
2007-07-01,138044.0,PAYEMS
2007-08-01,138013.0,PAYEMS
2007-09-01,138099.0,PAYEMS
2007-10-01,138175.0,PAYEMS
2007-11-01,138290.0,PAYEMS
2007-12-01,138395.0,PAYEMS
2008-01-01,138391.0,PAYEMS
2008-02-01,138329.0,PAYEMS
2008-03-01,138259.0,PAYEMS
2008-04-01,138040.0,PAYEMS
2008-05-01,137851.0,PAYEMS
2008-06-01,137700.0,PAYEMS
2008-07-01,137497.0,PAYEMS
2008-08-01,137211.0,PAYEMS
2008-09-01,136760.0,PAYEMS
2008-10-01,136291.0,PAYEMS
2008-11-01,135541.0,PAYEMS
2008-12-01,134847.0,PAYEMS
2009-01-01,134079.0,PAYEMS
2009-02-01,133318.0,PAYEMS
2009-03-01,132494.0,PAYEMS
2009-04-01,131822.0,PAYEMS
2009-05-01,131466.0,PAYEMS
2009-06-01,131008.0,PAYEMS
2009-07-01,130662.0,PAYEMS
2009-08-01,130472.0,PAYEMS
2009-09-01,130246.0,PAYEMS
2009-10-01,130061.0,PAYEMS
2009-11-01,130057.0,PAYEMS
2009-12-01,129808.0,PAYEMS
2010-01-01,129802.0,PAYEMS
2010-02-01,129706.0,PAYEMS
2010-03-01,129866.0,PAYEMS
2010-04-01,130120.0,PAYEMS
2010-05-01,130642.0,PAYEMS
2010-06-01,130510.0,PAYEMS
2010-07-01,130415.0,PAYEMS
2010-08-01,130415.0,PAYEMS
2010-09-01,130341.0,PAYEMS
2010-10-01,130620.0,PAYEMS
2010-11-01,130749.0,PAYEMS
2010-12-01,130830.0,PAYEMS
2011-01-01,130837.0,PAYEMS
2011-02-01,131057.0,PAYEMS
2011-03-01,131283.0,PAYEMS
2011-04-01,131597.0,PAYEMS
2011-05-01,131703.0,PAYEMS
2011-06-01,131931.0,PAYEMS
2011-07-01,131992.0,PAYEMS
2011-08-01,132125.0,PAYEMS
2011-09-01,132344.0,PAYEMS
2011-10-01,132553.0,PAYEMS
2011-11-01,132690.0,PAYEMS
2011-12-01,132888.0,PAYEMS
2012-01-01,133246.0,PAYEMS
2012-02-01,133509.0,PAYEMS
2012-03-01,133748.0,PAYEMS
2012-04-01,133825.0,PAYEMS
2012-05-01,133932.0,PAYEMS
2012-06-01,134013.0,PAYEMS
2012-07-01,134157.0,PAYEMS
2012-08-01,134339.0,PAYEMS
2012-09-01,134517.0,PAYEMS
2012-10-01,134669.0,PAYEMS
2012-11-01,134825.0,PAYEMS
2012-12-01,135074.0,PAYEMS
2013-01-01,135257.0,PAYEMS
2013-02-01,135546.0,PAYEMS
2013-03-01,135689.0,PAYEMS
2013-04-01,135873.0,PAYEMS
2013-05-01,136096.0,PAYEMS
2013-06-01,136279.0,PAYEMS
2013-07-01,136391.0,PAYEMS
2013-08-01,136646.0,PAYEMS
2013-09-01,136821.0,PAYEMS
2013-10-01,137041.0,PAYEMS
2013-11-01,137317.0,PAYEMS
2013-12-01,137372.0,PAYEMS
2014-01-01,137561.0,PAYEMS
2014-02-01,137712.0,PAYEMS
2014-03-01,137985.0,PAYEMS
2014-04-01,138298.0,PAYEMS
2014-05-01,138513.0,PAYEMS
2014-06-01,138849.0,PAYEMS
2014-07-01,139072.0,PAYEMS
2014-08-01,139269.0,PAYEMS
2014-09-01,139563.0,PAYEMS
2014-10-01,139798.0,PAYEMS
2014-11-01,140089.0,PAYEMS
2014-12-01,140364.0,PAYEMS
2015-01-01,140568.0,PAYEMS
2015-02-01,140827.0,PAYEMS
2015-03-01,140923.0,PAYEMS
2015-04-01,141196.0,PAYEMS
2015-05-01,141538.0,PAYEMS
2015-06-01,141709.0,PAYEMS
2015-07-01,141991.0,PAYEMS
2015-08-01,142125.0,PAYEMS
2015-09-01,142275.0,PAYEMS
2015-10-01,142579.0,PAYEMS
2015-11-01,142808.0,PAYEMS
2015-12-01,143077.0,PAYEMS
2016-01-01,143210.0,PAYEMS
2016-02-01,143406.0,PAYEMS
2016-03-01,143662.0,PAYEMS
2016-04-01,143854.0,PAYEMS
2016-05-01,143900.0,PAYEMS
2016-06-01,144147.0,PAYEMS
2016-07-01,144520.0,PAYEMS
2016-08-01,144661.0,PAYEMS
2016-09-01,144967.0,PAYEMS
2016-10-01,145065.0,PAYEMS
2016-11-01,145183.0,PAYEMS
2016-12-01,145408.0,PAYEMS
2017-01-01,145628.0,PAYEMS
2017-02-01,145846.0,PAYEMS
2017-03-01,145970.0,PAYEMS
2017-04-01,146175.0,PAYEMS
2017-05-01,146380.0,PAYEMS
2017-06-01,146583.0,PAYEMS
2017-07-01,146772.0,PAYEMS
2017-08-01,146919.0,PAYEMS
2017-09-01,147008.0,PAYEMS
2017-10-01,147149.0,PAYEMS
2017-11-01,147372.0,PAYEMS
2017-12-01,147523.0,PAYEMS
2018-01-01,147660.0,PAYEMS
2018-02-01,148054.0,PAYEMS
2018-03-01,148280.0,PAYEMS
2018-04-01,148420.0,PAYEMS
2018-05-01,148742.0,PAYEMS
2018-06-01,148960.0,PAYEMS
2018-07-01,149020.0,PAYEMS
2018-08-01,149277.0,PAYEMS
2018-09-01,149358.0,PAYEMS
2018-10-01,149527.0,PAYEMS
2018-11-01,149617.0,PAYEMS
2018-12-01,149809.0,PAYEMS
2019-01-01,150060.0,PAYEMS
2019-02-01,150067.0,PAYEMS
2019-03-01,150295.0,PAYEMS
2019-04-01,150591.0,PAYEMS
2019-05-01,150618.0,PAYEMS
2019-06-01,150838.0,PAYEMS
2019-07-01,150937.0,PAYEMS
2019-08-01,151169.0,PAYEMS
2019-09-01,151365.0,PAYEMS
2019-10-01,151460.0,PAYEMS
2019-11-01,151667.0,PAYEMS
2019-12-01,151794.0,PAYEMS
2020-01-01,152031.0,PAYEMS
2020-02-01,152293.0,PAYEMS
2020-03-01,150895.0,PAYEMS
2020-04-01,130426.0,PAYEMS
2020-05-01,133040.0,PAYEMS
2020-06-01,137671.0,PAYEMS
2020-07-01,139255.0,PAYEMS
2020-08-01,140821.0,PAYEMS
2020-09-01,141770.0,PAYEMS
2020-10-01,142460.0,PAYEMS
2020-11-01,142733.0,PAYEMS
2020-12-01,142548.0,PAYEMS
2021-01-01,142863.0,PAYEMS
2021-02-01,143380.0,PAYEMS
2021-03-01,144232.0,PAYEMS
2021-04-01,144587.0,PAYEMS
2021-05-01,145065.0,PAYEMS
2021-06-01,145820.0,PAYEMS
2021-07-01,146762.0,PAYEMS
2021-08-01,147314.0,PAYEMS
2021-09-01,147771.0,PAYEMS
2021-10-01,148572.0,PAYEMS
2021-11-01,149230.0,PAYEMS
2021-12-01,149816.0,PAYEMS
2022-01-01,150006.0,PAYEMS
2022-02-01,150825.0,PAYEMS
2022-03-01,151315.0,PAYEMS
2022-04-01,151623.0,PAYEMS
2022-05-01,151924.0,PAYEMS
2022-06-01,152358.0,PAYEMS
2022-07-01,153072.0,PAYEMS
2022-08-01,153362.0,PAYEMS
2022-09-01,153582.0,PAYEMS
2022-10-01,153939.0,PAYEMS
2022-11-01,154242.0,PAYEMS
2022-12-01,154342.0,PAYEMS
2023-01-01,154776.0,PAYEMS
2023-02-01,155066.0,PAYEMS
2023-03-01,155134.0,PAYEMS
2023-04-01,155375.0,PAYEMS
2023-05-01,155655.0,PAYEMS
2023-06-01,155880.0,PAYEMS
2023-07-01,156043.0,PAYEMS
2023-08-01,156261.0,PAYEMS
2023-09-01,156417.0,PAYEMS
2023-10-01,156576.0,PAYEMS
2023-11-01,156703.0,PAYEMS
2023-12-01,156857.0,PAYEMS
2024-01-01,157032.0,PAYEMS
2024-02-01,157238.0,PAYEMS
2024-03-01,157466.0,PAYEMS
2024-04-01,157530.0,PAYEMS
2024-05-01,157608.0,PAYEMS
2024-06-01,157695.0,PAYEMS
2024-07-01,157748.0,PAYEMS
2024-08-01,157757.0,PAYEMS
2024-09-01,157912.0,PAYEMS
2024-10-01,157945.0,PAYEMS
2024-11-01,158079.0,PAYEMS
2024-12-01,158316.0,PAYEMS
2025-01-01,158268.0,PAYEMS
2025-02-01,158310.0,PAYEMS
2025-03-01,158377.0,PAYEMS
2025-04-01,158485.0,PAYEMS
2025-05-01,158498.0,PAYEMS
2025-06-01,158478.0,PAYEMS
2025-07-01,158542.0,PAYEMS
2025-08-01,158472.0,PAYEMS
2025-09-01,158548.0,PAYEMS
2025-10-01,158408.0,PAYEMS
2025-11-01,158449.0,PAYEMS
2025-12-01,158432.0,PAYEMS
2026-01-01,158592.0,PAYEMS
2026-02-01,158436.0,PAYEMS
2026-03-01,158650.0,PAYEMS
2026-04-01,158829.0,PAYEMS
2026-05-01,159001.0,PAYEMS
1946-01-01,,GDP
1946-04-01,,GDP
1946-07-01,,GDP
1946-10-01,,GDP
1947-01-01,243.164,GDP
1947-04-01,245.968,GDP
1947-07-01,249.585,GDP
1947-10-01,259.745,GDP
1948-01-01,265.742,GDP
1948-04-01,272.567,GDP
1948-07-01,279.196,GDP
1948-10-01,280.366,GDP
1949-01-01,275.034,GDP
1949-04-01,271.351,GDP
1949-07-01,272.889,GDP
1949-10-01,270.627,GDP
1950-01-01,280.828,GDP
1950-04-01,290.383,GDP
1950-07-01,308.153,GDP
1950-10-01,319.945,GDP
1951-01-01,336.0,GDP
1951-04-01,344.09,GDP
1951-07-01,351.385,GDP
1951-10-01,356.178,GDP
1952-01-01,359.82,GDP
1952-04-01,361.03,GDP
1952-07-01,367.701,GDP
1952-10-01,380.812,GDP
1953-01-01,387.98,GDP
1953-04-01,391.749,GDP
1953-07-01,391.171,GDP
1953-10-01,385.97,GDP
1954-01-01,385.345,GDP
1954-04-01,386.121,GDP
1954-07-01,390.996,GDP
1954-10-01,399.734,GDP
1955-01-01,413.073,GDP
1955-04-01,421.532,GDP
1955-07-01,430.221,GDP
1955-10-01,437.092,GDP
1956-01-01,439.746,GDP
1956-04-01,446.01,GDP
1956-07-01,451.191,GDP
1956-10-01,460.463,GDP
1957-01-01,469.779,GDP
1957-04-01,472.025,GDP
1957-07-01,479.49,GDP
1957-10-01,474.864,GDP
1958-01-01,467.54,GDP
1958-04-01,471.978,GDP
1958-07-01,485.841,GDP
1958-10-01,499.555,GDP
1959-01-01,510.33,GDP
1959-04-01,522.653,GDP
1959-07-01,525.034,GDP
1959-10-01,528.6,GDP
1960-01-01,542.648,GDP
1960-04-01,541.08,GDP
1960-07-01,545.604,GDP
1960-10-01,540.197,GDP
1961-01-01,545.018,GDP
1961-04-01,555.545,GDP
1961-07-01,567.664,GDP
1961-10-01,580.612,GDP
1962-01-01,594.013,GDP
1962-04-01,600.366,GDP
1962-07-01,609.027,GDP
1962-10-01,612.28,GDP
1963-01-01,621.672,GDP
1963-04-01,629.752,GDP
1963-07-01,644.444,GDP
1963-10-01,653.938,GDP
1964-01-01,669.822,GDP
1964-04-01,678.674,GDP
1964-07-01,692.031,GDP
1964-10-01,697.319,GDP
1965-01-01,717.79,GDP
1965-04-01,730.191,GDP
1965-07-01,749.323,GDP
1965-10-01,771.857,GDP
1966-01-01,795.734,GDP
1966-04-01,804.981,GDP
1966-07-01,819.638,GDP
1966-10-01,833.302,GDP
1967-01-01,844.17,GDP
1967-04-01,848.983,GDP
1967-07-01,865.233,GDP
1967-10-01,881.439,GDP
1968-01-01,909.387,GDP
1968-04-01,934.344,GDP
1968-07-01,950.825,GDP
1968-10-01,968.03,GDP
1969-01-01,993.337,GDP
1969-04-01,1009.02,GDP
1969-07-01,1029.956,GDP
1969-10-01,1038.147,GDP
1970-01-01,1051.2,GDP
1970-04-01,1067.375,GDP
1970-07-01,1086.059,GDP
1970-10-01,1088.608,GDP
1971-01-01,1135.156,GDP
1971-04-01,1156.271,GDP
1971-07-01,1177.675,GDP
1971-10-01,1190.297,GDP
1972-01-01,1230.609,GDP
1972-04-01,1266.369,GDP
1972-07-01,1290.566,GDP
1972-10-01,1328.904,GDP
1973-01-01,1377.49,GDP
1973-04-01,1413.887,GDP
1973-07-01,1433.838,GDP
1973-10-01,1476.289,GDP
1974-01-01,1491.209,GDP
1974-04-01,1530.056,GDP
1974-07-01,1560.026,GDP
1974-10-01,1599.679,GDP
1975-01-01,1616.116,GDP
1975-04-01,1651.853,GDP
1975-07-01,1709.82,GDP
1975-10-01,1761.831,GDP
1976-01-01,1820.487,GDP
1976-04-01,1852.332,GDP
1976-07-01,1886.558,GDP
1976-10-01,1934.273,GDP
1977-01-01,1988.648,GDP
1977-04-01,2055.909,GDP
1977-07-01,2118.473,GDP
1977-10-01,2164.27,GDP
1978-01-01,2202.76,GDP
1978-04-01,2331.633,GDP
1978-07-01,2395.053,GDP
1978-10-01,2476.949,GDP
1979-01-01,2526.61,GDP
1979-04-01,2591.247,GDP
1979-07-01,2667.565,GDP
1979-10-01,2723.883,GDP
1980-01-01,2789.842,GDP
1980-04-01,2797.352,GDP
1980-07-01,2856.483,GDP
1980-10-01,2985.557,GDP
1981-01-01,3124.206,GDP
1981-04-01,3162.532,GDP
1981-07-01,3260.609,GDP
1981-10-01,3280.818,GDP
1982-01-01,3274.302,GDP
1982-04-01,3331.972,GDP
1982-07-01,3366.322,GDP
1982-10-01,3402.561,GDP
1983-01-01,3473.413,GDP
1983-04-01,3578.848,GDP
1983-07-01,3689.179,GDP
1983-10-01,3794.706,GDP
1984-01-01,3908.054,GDP
1984-04-01,4009.601,GDP
1984-07-01,4084.25,GDP
1984-10-01,4148.551,GDP
1985-01-01,4230.168,GDP
1985-04-01,4294.887,GDP
1985-07-01,4386.773,GDP
1985-10-01,4444.094,GDP
1986-01-01,4507.894,GDP
1986-04-01,4545.34,GDP
1986-07-01,4607.669,GDP
1986-10-01,4657.627,GDP
1987-01-01,4722.156,GDP
1987-04-01,4806.16,GDP
1987-07-01,4884.555,GDP
1987-10-01,5007.994,GDP
1988-01-01,5073.372,GDP
1988-04-01,5190.036,GDP
1988-07-01,5282.835,GDP
1988-10-01,5399.509,GDP
1989-01-01,5511.253,GDP
1989-04-01,5612.463,GDP
1989-07-01,5695.365,GDP
1989-10-01,5747.237,GDP
1990-01-01,5872.701,GDP
1990-04-01,5960.028,GDP
1990-07-01,6015.116,GDP
1990-10-01,6004.733,GDP
1991-01-01,6035.178,GDP
1991-04-01,6126.862,GDP
1991-07-01,6205.937,GDP
1991-10-01,6264.54,GDP
1992-01-01,6363.102,GDP
1992-04-01,6470.763,GDP
1992-07-01,6566.641,GDP
1992-10-01,6680.803,GDP
1993-01-01,6729.459,GDP
1993-04-01,6808.939,GDP
1993-07-01,6882.098,GDP
1993-10-01,7013.738,GDP
1994-01-01,7115.652,GDP
1994-04-01,7246.931,GDP
1994-07-01,7331.075,GDP
1994-10-01,7455.288,GDP
1995-01-01,7522.289,GDP
1995-04-01,7580.997,GDP
1995-07-01,7683.125,GDP
1995-10-01,7772.586,GDP
1996-01-01,7868.468,GDP
1996-04-01,8032.84,GDP
1996-07-01,8131.408,GDP
1996-10-01,8259.771,GDP
1997-01-01,8362.655,GDP
1997-04-01,8518.825,GDP
1997-07-01,8662.823,GDP
1997-10-01,8765.907,GDP
1998-01-01,8866.48,GDP
1998-04-01,8969.699,GDP
1998-07-01,9121.097,GDP
1998-10-01,9293.991,GDP
1999-01-01,9411.682,GDP
1999-04-01,9526.21,GDP
1999-07-01,9686.626,GDP
1999-10-01,9900.169,GDP
2000-01-01,10002.179,GDP
2000-04-01,10247.72,GDP
2000-07-01,10318.165,GDP
2000-10-01,10435.744,GDP
2001-01-01,10470.231,GDP
2001-04-01,10599.0,GDP
2001-07-01,10598.02,GDP
2001-10-01,10660.465,GDP
2002-01-01,10783.5,GDP
2002-04-01,10887.46,GDP
2002-07-01,10984.04,GDP
2002-10-01,11061.433,GDP
2003-01-01,11174.129,GDP
2003-04-01,11312.766,GDP
2003-07-01,11566.669,GDP
2003-10-01,11772.234,GDP
2004-01-01,11923.447,GDP
2004-04-01,12112.815,GDP
2004-07-01,12305.307,GDP
2004-10-01,12527.214,GDP
2005-01-01,12767.286,GDP
2005-04-01,12922.656,GDP
2005-07-01,13142.642,GDP
2005-10-01,13324.204,GDP
2006-01-01,13599.16,GDP
2006-04-01,13753.424,GDP
2006-07-01,13870.188,GDP
2006-10-01,14039.56,GDP
2007-01-01,14215.651,GDP
2007-04-01,14402.082,GDP
2007-07-01,14564.117,GDP
2007-10-01,14715.058,GDP
2008-01-01,14706.538,GDP
2008-04-01,14865.701,GDP
2008-07-01,14898.999,GDP
2008-10-01,14608.209,GDP
2009-01-01,14430.902,GDP
2009-04-01,14381.236,GDP
2009-07-01,14448.882,GDP
2009-10-01,14651.249,GDP
2010-01-01,14764.61,GDP
2010-04-01,14980.193,GDP
2010-07-01,15141.607,GDP
2010-10-01,15309.474,GDP
2011-01-01,15351.448,GDP
2011-04-01,15557.539,GDP
2011-07-01,15647.68,GDP
2011-10-01,15842.259,GDP
2012-01-01,16068.805,GDP
2012-04-01,16207.115,GDP
2012-07-01,16319.541,GDP
2012-10-01,16420.419,GDP
2013-01-01,16648.189,GDP
2013-04-01,16728.687,GDP
2013-07-01,16953.838,GDP
2013-10-01,17192.019,GDP
2014-01-01,17197.738,GDP
2014-04-01,17518.508,GDP
2014-07-01,17804.228,GDP
2014-10-01,17912.079,GDP
2015-01-01,18063.529,GDP
2015-04-01,18279.784,GDP
2015-07-01,18401.626,GDP
2015-10-01,18435.137,GDP
2016-01-01,18525.933,GDP
2016-04-01,18711.702,GDP
2016-07-01,18892.639,GDP
2016-10-01,19089.379,GDP
2017-01-01,19280.084,GDP
2017-04-01,19438.643,GDP
2017-07-01,19692.595,GDP
2017-10-01,20037.088,GDP
2018-01-01,20328.553,GDP
2018-04-01,20580.912,GDP
2018-07-01,20798.73,GDP
2018-10-01,20917.867,GDP
2019-01-01,21111.6,GDP
2019-04-01,21397.938,GDP
2019-07-01,21717.171,GDP
2019-10-01,21933.217,GDP
2020-01-01,21751.238,GDP
2020-04-01,19958.291,GDP
2020-07-01,21704.437,GDP
2020-10-01,22087.16,GDP
2021-01-01,22680.693,GDP
2021-04-01,23425.91,GDP
2021-07-01,23982.379,GDP
2021-10-01,24813.6,GDP
2022-01-01,25250.347,GDP
2022-04-01,25861.292,GDP
2022-07-01,26336.304,GDP
2022-10-01,26770.514,GDP
2023-01-01,27216.445,GDP
2023-04-01,27530.055,GDP
2023-07-01,28074.846,GDP
2023-10-01,28424.722,GDP
2024-01-01,28708.161,GDP
2024-04-01,29147.044,GDP
2024-07-01,29511.664,GDP
2024-10-01,29825.182,GDP
2025-01-01,30042.113,GDP
2025-04-01,30485.729,GDP
2025-07-01,31098.027,GDP
2025-10-01,31422.526,GDP
2026-01-01,31819.464,GDP
1954-07-01,0.8,FEDFUNDS
1954-08-01,1.22,FEDFUNDS
1954-09-01,1.07,FEDFUNDS
1954-10-01,0.85,FEDFUNDS
1954-11-01,0.83,FEDFUNDS
1954-12-01,1.28,FEDFUNDS
1955-01-01,1.39,FEDFUNDS
1955-02-01,1.29,FEDFUNDS
1955-03-01,1.35,FEDFUNDS
1955-04-01,1.43,FEDFUNDS
1955-05-01,1.43,FEDFUNDS
1955-06-01,1.64,FEDFUNDS
1955-07-01,1.68,FEDFUNDS
1955-08-01,1.96,FEDFUNDS
1955-09-01,2.18,FEDFUNDS
1955-10-01,2.24,FEDFUNDS
1955-11-01,2.35,FEDFUNDS
1955-12-01,2.48,FEDFUNDS
1956-01-01,2.45,FEDFUNDS
1956-02-01,2.5,FEDFUNDS
1956-03-01,2.5,FEDFUNDS
1956-04-01,2.62,FEDFUNDS
1956-05-01,2.75,FEDFUNDS
1956-06-01,2.71,FEDFUNDS
1956-07-01,2.75,FEDFUNDS
1956-08-01,2.73,FEDFUNDS
1956-09-01,2.95,FEDFUNDS
1956-10-01,2.96,FEDFUNDS
1956-11-01,2.88,FEDFUNDS
1956-12-01,2.94,FEDFUNDS
1957-01-01,2.84,FEDFUNDS
1957-02-01,3.0,FEDFUNDS
1957-03-01,2.96,FEDFUNDS
1957-04-01,3.0,FEDFUNDS
1957-05-01,3.0,FEDFUNDS
1957-06-01,3.0,FEDFUNDS
1957-07-01,2.99,FEDFUNDS
1957-08-01,3.24,FEDFUNDS
1957-09-01,3.47,FEDFUNDS
1957-10-01,3.5,FEDFUNDS
1957-11-01,3.28,FEDFUNDS
1957-12-01,2.98,FEDFUNDS
1958-01-01,2.72,FEDFUNDS
1958-02-01,1.67,FEDFUNDS
1958-03-01,1.2,FEDFUNDS
1958-04-01,1.26,FEDFUNDS
1958-05-01,0.63,FEDFUNDS
1958-06-01,0.93,FEDFUNDS
1958-07-01,0.68,FEDFUNDS
1958-08-01,1.53,FEDFUNDS
1958-09-01,1.76,FEDFUNDS
1958-10-01,1.8,FEDFUNDS
1958-11-01,2.27,FEDFUNDS
1958-12-01,2.42,FEDFUNDS
1959-01-01,2.48,FEDFUNDS
1959-02-01,2.43,FEDFUNDS
1959-03-01,2.8,FEDFUNDS
1959-04-01,2.96,FEDFUNDS
1959-05-01,2.9,FEDFUNDS
1959-06-01,3.39,FEDFUNDS
1959-07-01,3.47,FEDFUNDS
1959-08-01,3.5,FEDFUNDS
1959-09-01,3.76,FEDFUNDS
1959-10-01,3.98,FEDFUNDS
1959-11-01,4.0,FEDFUNDS
1959-12-01,3.99,FEDFUNDS
1960-01-01,3.99,FEDFUNDS
1960-02-01,3.97,FEDFUNDS
1960-03-01,3.84,FEDFUNDS
1960-04-01,3.92,FEDFUNDS
1960-05-01,3.85,FEDFUNDS
1960-06-01,3.32,FEDFUNDS
1960-07-01,3.23,FEDFUNDS
1960-08-01,2.98,FEDFUNDS
1960-09-01,2.6,FEDFUNDS
1960-10-01,2.47,FEDFUNDS
1960-11-01,2.44,FEDFUNDS
1960-12-01,1.98,FEDFUNDS
1961-01-01,1.45,FEDFUNDS
1961-02-01,2.54,FEDFUNDS
1961-03-01,2.02,FEDFUNDS
1961-04-01,1.49,FEDFUNDS
1961-05-01,1.98,FEDFUNDS
1961-06-01,1.73,FEDFUNDS
1961-07-01,1.17,FEDFUNDS
1961-08-01,2.0,FEDFUNDS
1961-09-01,1.88,FEDFUNDS
1961-10-01,2.26,FEDFUNDS
1961-11-01,2.61,FEDFUNDS
1961-12-01,2.33,FEDFUNDS
1962-01-01,2.15,FEDFUNDS
1962-02-01,2.37,FEDFUNDS
1962-03-01,2.85,FEDFUNDS
1962-04-01,2.78,FEDFUNDS
1962-05-01,2.36,FEDFUNDS
1962-06-01,2.68,FEDFUNDS
1962-07-01,2.71,FEDFUNDS
1962-08-01,2.93,FEDFUNDS
1962-09-01,2.9,FEDFUNDS
1962-10-01,2.9,FEDFUNDS
1962-11-01,2.94,FEDFUNDS
1962-12-01,2.93,FEDFUNDS
1963-01-01,2.92,FEDFUNDS
1963-02-01,3.0,FEDFUNDS
1963-03-01,2.98,FEDFUNDS
1963-04-01,2.9,FEDFUNDS
1963-05-01,3.0,FEDFUNDS
1963-06-01,2.99,FEDFUNDS
1963-07-01,3.02,FEDFUNDS
1963-08-01,3.49,FEDFUNDS
1963-09-01,3.48,FEDFUNDS
1963-10-01,3.5,FEDFUNDS
1963-11-01,3.48,FEDFUNDS
1963-12-01,3.38,FEDFUNDS
1964-01-01,3.48,FEDFUNDS
1964-02-01,3.48,FEDFUNDS
1964-03-01,3.43,FEDFUNDS
1964-04-01,3.47,FEDFUNDS
1964-05-01,3.5,FEDFUNDS
1964-06-01,3.5,FEDFUNDS
1964-07-01,3.42,FEDFUNDS
1964-08-01,3.5,FEDFUNDS
1964-09-01,3.45,FEDFUNDS
1964-10-01,3.36,FEDFUNDS
1964-11-01,3.52,FEDFUNDS
1964-12-01,3.85,FEDFUNDS
1965-01-01,3.9,FEDFUNDS
1965-02-01,3.98,FEDFUNDS
1965-03-01,4.05,FEDFUNDS
1965-04-01,4.09,FEDFUNDS
1965-05-01,4.1,FEDFUNDS
1965-06-01,4.05,FEDFUNDS
1965-07-01,4.09,FEDFUNDS
1965-08-01,4.12,FEDFUNDS
1965-09-01,4.02,FEDFUNDS
1965-10-01,4.08,FEDFUNDS
1965-11-01,4.1,FEDFUNDS
1965-12-01,4.32,FEDFUNDS
1966-01-01,4.42,FEDFUNDS
1966-02-01,4.6,FEDFUNDS
1966-03-01,4.66,FEDFUNDS
1966-04-01,4.67,FEDFUNDS
1966-05-01,4.9,FEDFUNDS
1966-06-01,5.17,FEDFUNDS
1966-07-01,5.3,FEDFUNDS
1966-08-01,5.53,FEDFUNDS
1966-09-01,5.4,FEDFUNDS
1966-10-01,5.53,FEDFUNDS
1966-11-01,5.76,FEDFUNDS
1966-12-01,5.4,FEDFUNDS
1967-01-01,4.94,FEDFUNDS
1967-02-01,5.0,FEDFUNDS
1967-03-01,4.53,FEDFUNDS
1967-04-01,4.05,FEDFUNDS
1967-05-01,3.94,FEDFUNDS
1967-06-01,3.98,FEDFUNDS
1967-07-01,3.79,FEDFUNDS
1967-08-01,3.9,FEDFUNDS
1967-09-01,3.99,FEDFUNDS
1967-10-01,3.88,FEDFUNDS
1967-11-01,4.13,FEDFUNDS
1967-12-01,4.51,FEDFUNDS
1968-01-01,4.61,FEDFUNDS
1968-02-01,4.71,FEDFUNDS
1968-03-01,5.05,FEDFUNDS
1968-04-01,5.76,FEDFUNDS
1968-05-01,6.12,FEDFUNDS
1968-06-01,6.07,FEDFUNDS
1968-07-01,6.03,FEDFUNDS
1968-08-01,6.03,FEDFUNDS
1968-09-01,5.78,FEDFUNDS
1968-10-01,5.91,FEDFUNDS
1968-11-01,5.82,FEDFUNDS
1968-12-01,6.02,FEDFUNDS
1969-01-01,6.3,FEDFUNDS
1969-02-01,6.61,FEDFUNDS
1969-03-01,6.79,FEDFUNDS
1969-04-01,7.41,FEDFUNDS
1969-05-01,8.67,FEDFUNDS
1969-06-01,8.9,FEDFUNDS
1969-07-01,8.61,FEDFUNDS
1969-08-01,9.19,FEDFUNDS
1969-09-01,9.15,FEDFUNDS
1969-10-01,9.0,FEDFUNDS
1969-11-01,8.85,FEDFUNDS
1969-12-01,8.97,FEDFUNDS
1970-01-01,8.98,FEDFUNDS
1970-02-01,8.98,FEDFUNDS
1970-03-01,7.76,FEDFUNDS
1970-04-01,8.1,FEDFUNDS
1970-05-01,7.95,FEDFUNDS
1970-06-01,7.61,FEDFUNDS
1970-07-01,7.21,FEDFUNDS
1970-08-01,6.62,FEDFUNDS
1970-09-01,6.29,FEDFUNDS
1970-10-01,6.2,FEDFUNDS
1970-11-01,5.6,FEDFUNDS
1970-12-01,4.9,FEDFUNDS
1971-01-01,4.14,FEDFUNDS
1971-02-01,3.72,FEDFUNDS
1971-03-01,3.71,FEDFUNDS
1971-04-01,4.16,FEDFUNDS
1971-05-01,4.63,FEDFUNDS
1971-06-01,4.91,FEDFUNDS
1971-07-01,5.31,FEDFUNDS
1971-08-01,5.57,FEDFUNDS
1971-09-01,5.55,FEDFUNDS
1971-10-01,5.2,FEDFUNDS
1971-11-01,4.91,FEDFUNDS
1971-12-01,4.14,FEDFUNDS
1972-01-01,3.51,FEDFUNDS
1972-02-01,3.3,FEDFUNDS
1972-03-01,3.83,FEDFUNDS
1972-04-01,4.17,FEDFUNDS
1972-05-01,4.27,FEDFUNDS
1972-06-01,4.46,FEDFUNDS
1972-07-01,4.55,FEDFUNDS
1972-08-01,4.81,FEDFUNDS
1972-09-01,4.87,FEDFUNDS
1972-10-01,5.05,FEDFUNDS
1972-11-01,5.06,FEDFUNDS
1972-12-01,5.33,FEDFUNDS
1973-01-01,5.94,FEDFUNDS
1973-02-01,6.58,FEDFUNDS
1973-03-01,7.09,FEDFUNDS
1973-04-01,7.12,FEDFUNDS
1973-05-01,7.84,FEDFUNDS
1973-06-01,8.49,FEDFUNDS
1973-07-01,10.4,FEDFUNDS
1973-08-01,10.5,FEDFUNDS
1973-09-01,10.78,FEDFUNDS
1973-10-01,10.01,FEDFUNDS
1973-11-01,10.03,FEDFUNDS
1973-12-01,9.95,FEDFUNDS
1974-01-01,9.65,FEDFUNDS
1974-02-01,8.97,FEDFUNDS
1974-03-01,9.35,FEDFUNDS
1974-04-01,10.51,FEDFUNDS
1974-05-01,11.31,FEDFUNDS
1974-06-01,11.93,FEDFUNDS
1974-07-01,12.92,FEDFUNDS
1974-08-01,12.01,FEDFUNDS
1974-09-01,11.34,FEDFUNDS
1974-10-01,10.06,FEDFUNDS
1974-11-01,9.45,FEDFUNDS
1974-12-01,8.53,FEDFUNDS
1975-01-01,7.13,FEDFUNDS
1975-02-01,6.24,FEDFUNDS
1975-03-01,5.54,FEDFUNDS
1975-04-01,5.49,FEDFUNDS
1975-05-01,5.22,FEDFUNDS
1975-06-01,5.55,FEDFUNDS
1975-07-01,6.1,FEDFUNDS
1975-08-01,6.14,FEDFUNDS
1975-09-01,6.24,FEDFUNDS
1975-10-01,5.82,FEDFUNDS
1975-11-01,5.22,FEDFUNDS
1975-12-01,5.2,FEDFUNDS
1976-01-01,4.87,FEDFUNDS
1976-02-01,4.77,FEDFUNDS
1976-03-01,4.84,FEDFUNDS
1976-04-01,4.82,FEDFUNDS
1976-05-01,5.29,FEDFUNDS
1976-06-01,5.48,FEDFUNDS
1976-07-01,5.31,FEDFUNDS
1976-08-01,5.29,FEDFUNDS
1976-09-01,5.25,FEDFUNDS
1976-10-01,5.02,FEDFUNDS
1976-11-01,4.95,FEDFUNDS
1976-12-01,4.65,FEDFUNDS
1977-01-01,4.61,FEDFUNDS
1977-02-01,4.68,FEDFUNDS
1977-03-01,4.69,FEDFUNDS
1977-04-01,4.73,FEDFUNDS
1977-05-01,5.35,FEDFUNDS
1977-06-01,5.39,FEDFUNDS
1977-07-01,5.42,FEDFUNDS
1977-08-01,5.9,FEDFUNDS
1977-09-01,6.14,FEDFUNDS
1977-10-01,6.47,FEDFUNDS
1977-11-01,6.51,FEDFUNDS
1977-12-01,6.56,FEDFUNDS
1978-01-01,6.7,FEDFUNDS
1978-02-01,6.78,FEDFUNDS
1978-03-01,6.79,FEDFUNDS
1978-04-01,6.89,FEDFUNDS
1978-05-01,7.36,FEDFUNDS
1978-06-01,7.6,FEDFUNDS
1978-07-01,7.81,FEDFUNDS
1978-08-01,8.04,FEDFUNDS
1978-09-01,8.45,FEDFUNDS
1978-10-01,8.96,FEDFUNDS
1978-11-01,9.76,FEDFUNDS
1978-12-01,10.03,FEDFUNDS
1979-01-01,10.07,FEDFUNDS
1979-02-01,10.06,FEDFUNDS
1979-03-01,10.09,FEDFUNDS
1979-04-01,10.01,FEDFUNDS
1979-05-01,10.24,FEDFUNDS
1979-06-01,10.29,FEDFUNDS
1979-07-01,10.47,FEDFUNDS
1979-08-01,10.94,FEDFUNDS
1979-09-01,11.43,FEDFUNDS
1979-10-01,13.77,FEDFUNDS
1979-11-01,13.18,FEDFUNDS
1979-12-01,13.78,FEDFUNDS
1980-01-01,13.82,FEDFUNDS
1980-02-01,14.13,FEDFUNDS
1980-03-01,17.19,FEDFUNDS
1980-04-01,17.61,FEDFUNDS
1980-05-01,10.98,FEDFUNDS
1980-06-01,9.47,FEDFUNDS
1980-07-01,9.03,FEDFUNDS
1980-08-01,9.61,FEDFUNDS
1980-09-01,10.87,FEDFUNDS
1980-10-01,12.81,FEDFUNDS
1980-11-01,15.85,FEDFUNDS
1980-12-01,18.9,FEDFUNDS
1981-01-01,19.08,FEDFUNDS
1981-02-01,15.93,FEDFUNDS
1981-03-01,14.7,FEDFUNDS
1981-04-01,15.72,FEDFUNDS
1981-05-01,18.52,FEDFUNDS
1981-06-01,19.1,FEDFUNDS
1981-07-01,19.04,FEDFUNDS
1981-08-01,17.82,FEDFUNDS
1981-09-01,15.87,FEDFUNDS
1981-10-01,15.08,FEDFUNDS
1981-11-01,13.31,FEDFUNDS
1981-12-01,12.37,FEDFUNDS
1982-01-01,13.22,FEDFUNDS
1982-02-01,14.78,FEDFUNDS
1982-03-01,14.68,FEDFUNDS
1982-04-01,14.94,FEDFUNDS
1982-05-01,14.45,FEDFUNDS
1982-06-01,14.15,FEDFUNDS
1982-07-01,12.59,FEDFUNDS
1982-08-01,10.12,FEDFUNDS
1982-09-01,10.31,FEDFUNDS
1982-10-01,9.71,FEDFUNDS
1982-11-01,9.2,FEDFUNDS
1982-12-01,8.95,FEDFUNDS
1983-01-01,8.68,FEDFUNDS
1983-02-01,8.51,FEDFUNDS
1983-03-01,8.77,FEDFUNDS
1983-04-01,8.8,FEDFUNDS
1983-05-01,8.63,FEDFUNDS
1983-06-01,8.98,FEDFUNDS
1983-07-01,9.37,FEDFUNDS
1983-08-01,9.56,FEDFUNDS
1983-09-01,9.45,FEDFUNDS
1983-10-01,9.48,FEDFUNDS
1983-11-01,9.34,FEDFUNDS
1983-12-01,9.47,FEDFUNDS
1984-01-01,9.56,FEDFUNDS
1984-02-01,9.59,FEDFUNDS
1984-03-01,9.91,FEDFUNDS
1984-04-01,10.29,FEDFUNDS
1984-05-01,10.32,FEDFUNDS
1984-06-01,11.06,FEDFUNDS
1984-07-01,11.23,FEDFUNDS
1984-08-01,11.64,FEDFUNDS
1984-09-01,11.3,FEDFUNDS
1984-10-01,9.99,FEDFUNDS
1984-11-01,9.43,FEDFUNDS
1984-12-01,8.38,FEDFUNDS
1985-01-01,8.35,FEDFUNDS
1985-02-01,8.5,FEDFUNDS
1985-03-01,8.58,FEDFUNDS
1985-04-01,8.27,FEDFUNDS
1985-05-01,7.97,FEDFUNDS
1985-06-01,7.53,FEDFUNDS
1985-07-01,7.88,FEDFUNDS
1985-08-01,7.9,FEDFUNDS
1985-09-01,7.92,FEDFUNDS
1985-10-01,7.99,FEDFUNDS
1985-11-01,8.05,FEDFUNDS
1985-12-01,8.27,FEDFUNDS
1986-01-01,8.14,FEDFUNDS
1986-02-01,7.86,FEDFUNDS
1986-03-01,7.48,FEDFUNDS
1986-04-01,6.99,FEDFUNDS
1986-05-01,6.85,FEDFUNDS
1986-06-01,6.92,FEDFUNDS
1986-07-01,6.56,FEDFUNDS
1986-08-01,6.17,FEDFUNDS
1986-09-01,5.89,FEDFUNDS
1986-10-01,5.85,FEDFUNDS
1986-11-01,6.04,FEDFUNDS
1986-12-01,6.91,FEDFUNDS
1987-01-01,6.43,FEDFUNDS
1987-02-01,6.1,FEDFUNDS
1987-03-01,6.13,FEDFUNDS
1987-04-01,6.37,FEDFUNDS
1987-05-01,6.85,FEDFUNDS
1987-06-01,6.73,FEDFUNDS
1987-07-01,6.58,FEDFUNDS
1987-08-01,6.73,FEDFUNDS
1987-09-01,7.22,FEDFUNDS
1987-10-01,7.29,FEDFUNDS
1987-11-01,6.69,FEDFUNDS
1987-12-01,6.77,FEDFUNDS
1988-01-01,6.83,FEDFUNDS
1988-02-01,6.58,FEDFUNDS
1988-03-01,6.58,FEDFUNDS
1988-04-01,6.87,FEDFUNDS
1988-05-01,7.09,FEDFUNDS
1988-06-01,7.51,FEDFUNDS
1988-07-01,7.75,FEDFUNDS
1988-08-01,8.01,FEDFUNDS
1988-09-01,8.19,FEDFUNDS
1988-10-01,8.3,FEDFUNDS
1988-11-01,8.35,FEDFUNDS
1988-12-01,8.76,FEDFUNDS
1989-01-01,9.12,FEDFUNDS
1989-02-01,9.36,FEDFUNDS
1989-03-01,9.85,FEDFUNDS
1989-04-01,9.84,FEDFUNDS
1989-05-01,9.81,FEDFUNDS
1989-06-01,9.53,FEDFUNDS
1989-07-01,9.24,FEDFUNDS
1989-08-01,8.99,FEDFUNDS
1989-09-01,9.02,FEDFUNDS
1989-10-01,8.84,FEDFUNDS
1989-11-01,8.55,FEDFUNDS
1989-12-01,8.45,FEDFUNDS
1990-01-01,8.23,FEDFUNDS
1990-02-01,8.24,FEDFUNDS
1990-03-01,8.28,FEDFUNDS
1990-04-01,8.26,FEDFUNDS
1990-05-01,8.18,FEDFUNDS
1990-06-01,8.29,FEDFUNDS
1990-07-01,8.15,FEDFUNDS
1990-08-01,8.13,FEDFUNDS
1990-09-01,8.2,FEDFUNDS
1990-10-01,8.11,FEDFUNDS
1990-11-01,7.81,FEDFUNDS
1990-12-01,7.31,FEDFUNDS
1991-01-01,6.91,FEDFUNDS
1991-02-01,6.25,FEDFUNDS
1991-03-01,6.12,FEDFUNDS
1991-04-01,5.91,FEDFUNDS
1991-05-01,5.78,FEDFUNDS
1991-06-01,5.9,FEDFUNDS
1991-07-01,5.82,FEDFUNDS
1991-08-01,5.66,FEDFUNDS
1991-09-01,5.45,FEDFUNDS
1991-10-01,5.21,FEDFUNDS
1991-11-01,4.81,FEDFUNDS
1991-12-01,4.43,FEDFUNDS
1992-01-01,4.03,FEDFUNDS
1992-02-01,4.06,FEDFUNDS
1992-03-01,3.98,FEDFUNDS
1992-04-01,3.73,FEDFUNDS
1992-05-01,3.82,FEDFUNDS
1992-06-01,3.76,FEDFUNDS
1992-07-01,3.25,FEDFUNDS
1992-08-01,3.3,FEDFUNDS
1992-09-01,3.22,FEDFUNDS
1992-10-01,3.1,FEDFUNDS
1992-11-01,3.09,FEDFUNDS
1992-12-01,2.92,FEDFUNDS
1993-01-01,3.02,FEDFUNDS
1993-02-01,3.03,FEDFUNDS
1993-03-01,3.07,FEDFUNDS
1993-04-01,2.96,FEDFUNDS
1993-05-01,3.0,FEDFUNDS
1993-06-01,3.04,FEDFUNDS
1993-07-01,3.06,FEDFUNDS
1993-08-01,3.03,FEDFUNDS
1993-09-01,3.09,FEDFUNDS
1993-10-01,2.99,FEDFUNDS
1993-11-01,3.02,FEDFUNDS
1993-12-01,2.96,FEDFUNDS
1994-01-01,3.05,FEDFUNDS
1994-02-01,3.25,FEDFUNDS
1994-03-01,3.34,FEDFUNDS
1994-04-01,3.56,FEDFUNDS
1994-05-01,4.01,FEDFUNDS
1994-06-01,4.25,FEDFUNDS
1994-07-01,4.26,FEDFUNDS
1994-08-01,4.47,FEDFUNDS
1994-09-01,4.73,FEDFUNDS
1994-10-01,4.76,FEDFUNDS
1994-11-01,5.29,FEDFUNDS
1994-12-01,5.45,FEDFUNDS
1995-01-01,5.53,FEDFUNDS
1995-02-01,5.92,FEDFUNDS
1995-03-01,5.98,FEDFUNDS
1995-04-01,6.05,FEDFUNDS
1995-05-01,6.01,FEDFUNDS
1995-06-01,6.0,FEDFUNDS
1995-07-01,5.85,FEDFUNDS
1995-08-01,5.74,FEDFUNDS
1995-09-01,5.8,FEDFUNDS
1995-10-01,5.76,FEDFUNDS
1995-11-01,5.8,FEDFUNDS
1995-12-01,5.6,FEDFUNDS
1996-01-01,5.56,FEDFUNDS
1996-02-01,5.22,FEDFUNDS
1996-03-01,5.31,FEDFUNDS
1996-04-01,5.22,FEDFUNDS
1996-05-01,5.24,FEDFUNDS
1996-06-01,5.27,FEDFUNDS
1996-07-01,5.4,FEDFUNDS
1996-08-01,5.22,FEDFUNDS
1996-09-01,5.3,FEDFUNDS
1996-10-01,5.24,FEDFUNDS
1996-11-01,5.31,FEDFUNDS
1996-12-01,5.29,FEDFUNDS
1997-01-01,5.25,FEDFUNDS
1997-02-01,5.19,FEDFUNDS
1997-03-01,5.39,FEDFUNDS
1997-04-01,5.51,FEDFUNDS
1997-05-01,5.5,FEDFUNDS
1997-06-01,5.56,FEDFUNDS
1997-07-01,5.52,FEDFUNDS
1997-08-01,5.54,FEDFUNDS
1997-09-01,5.54,FEDFUNDS
1997-10-01,5.5,FEDFUNDS
1997-11-01,5.52,FEDFUNDS
1997-12-01,5.5,FEDFUNDS
1998-01-01,5.56,FEDFUNDS
1998-02-01,5.51,FEDFUNDS
1998-03-01,5.49,FEDFUNDS
1998-04-01,5.45,FEDFUNDS
1998-05-01,5.49,FEDFUNDS
1998-06-01,5.56,FEDFUNDS
1998-07-01,5.54,FEDFUNDS
1998-08-01,5.55,FEDFUNDS
1998-09-01,5.51,FEDFUNDS
1998-10-01,5.07,FEDFUNDS
1998-11-01,4.83,FEDFUNDS
1998-12-01,4.68,FEDFUNDS
1999-01-01,4.63,FEDFUNDS
1999-02-01,4.76,FEDFUNDS
1999-03-01,4.81,FEDFUNDS
1999-04-01,4.74,FEDFUNDS
1999-05-01,4.74,FEDFUNDS
1999-06-01,4.76,FEDFUNDS
1999-07-01,4.99,FEDFUNDS
1999-08-01,5.07,FEDFUNDS
1999-09-01,5.22,FEDFUNDS
1999-10-01,5.2,FEDFUNDS
1999-11-01,5.42,FEDFUNDS
1999-12-01,5.3,FEDFUNDS
2000-01-01,5.45,FEDFUNDS
2000-02-01,5.73,FEDFUNDS
2000-03-01,5.85,FEDFUNDS
2000-04-01,6.02,FEDFUNDS
2000-05-01,6.27,FEDFUNDS
2000-06-01,6.53,FEDFUNDS
2000-07-01,6.54,FEDFUNDS
2000-08-01,6.5,FEDFUNDS
2000-09-01,6.52,FEDFUNDS
2000-10-01,6.51,FEDFUNDS
2000-11-01,6.51,FEDFUNDS
2000-12-01,6.4,FEDFUNDS
2001-01-01,5.98,FEDFUNDS
2001-02-01,5.49,FEDFUNDS
2001-03-01,5.31,FEDFUNDS
2001-04-01,4.8,FEDFUNDS
2001-05-01,4.21,FEDFUNDS
2001-06-01,3.97,FEDFUNDS
2001-07-01,3.77,FEDFUNDS
2001-08-01,3.65,FEDFUNDS
2001-09-01,3.07,FEDFUNDS
2001-10-01,2.49,FEDFUNDS
2001-11-01,2.09,FEDFUNDS
2001-12-01,1.82,FEDFUNDS
2002-01-01,1.73,FEDFUNDS
2002-02-01,1.74,FEDFUNDS
2002-03-01,1.73,FEDFUNDS
2002-04-01,1.75,FEDFUNDS
2002-05-01,1.75,FEDFUNDS
2002-06-01,1.75,FEDFUNDS
2002-07-01,1.73,FEDFUNDS
2002-08-01,1.74,FEDFUNDS
2002-09-01,1.75,FEDFUNDS
2002-10-01,1.75,FEDFUNDS
2002-11-01,1.34,FEDFUNDS
2002-12-01,1.24,FEDFUNDS
2003-01-01,1.24,FEDFUNDS
2003-02-01,1.26,FEDFUNDS
2003-03-01,1.25,FEDFUNDS
2003-04-01,1.26,FEDFUNDS
2003-05-01,1.26,FEDFUNDS
2003-06-01,1.22,FEDFUNDS
2003-07-01,1.01,FEDFUNDS
2003-08-01,1.03,FEDFUNDS
2003-09-01,1.01,FEDFUNDS
2003-10-01,1.01,FEDFUNDS
2003-11-01,1.0,FEDFUNDS
2003-12-01,0.98,FEDFUNDS
2004-01-01,1.0,FEDFUNDS
2004-02-01,1.01,FEDFUNDS
2004-03-01,1.0,FEDFUNDS
2004-04-01,1.0,FEDFUNDS
2004-05-01,1.0,FEDFUNDS
2004-06-01,1.03,FEDFUNDS
2004-07-01,1.26,FEDFUNDS
2004-08-01,1.43,FEDFUNDS
2004-09-01,1.61,FEDFUNDS
2004-10-01,1.76,FEDFUNDS
2004-11-01,1.93,FEDFUNDS
2004-12-01,2.16,FEDFUNDS
2005-01-01,2.28,FEDFUNDS
2005-02-01,2.5,FEDFUNDS
2005-03-01,2.63,FEDFUNDS
2005-04-01,2.79,FEDFUNDS
2005-05-01,3.0,FEDFUNDS
2005-06-01,3.04,FEDFUNDS
2005-07-01,3.26,FEDFUNDS
2005-08-01,3.5,FEDFUNDS
2005-09-01,3.62,FEDFUNDS
2005-10-01,3.78,FEDFUNDS
2005-11-01,4.0,FEDFUNDS
2005-12-01,4.16,FEDFUNDS
2006-01-01,4.29,FEDFUNDS
2006-02-01,4.49,FEDFUNDS
2006-03-01,4.59,FEDFUNDS
2006-04-01,4.79,FEDFUNDS
2006-05-01,4.94,FEDFUNDS
2006-06-01,4.99,FEDFUNDS
2006-07-01,5.24,FEDFUNDS
2006-08-01,5.25,FEDFUNDS
2006-09-01,5.25,FEDFUNDS
2006-10-01,5.25,FEDFUNDS
2006-11-01,5.25,FEDFUNDS
2006-12-01,5.24,FEDFUNDS
2007-01-01,5.25,FEDFUNDS
2007-02-01,5.26,FEDFUNDS
2007-03-01,5.26,FEDFUNDS
2007-04-01,5.25,FEDFUNDS
2007-05-01,5.25,FEDFUNDS
2007-06-01,5.25,FEDFUNDS
2007-07-01,5.26,FEDFUNDS
2007-08-01,5.02,FEDFUNDS
2007-09-01,4.94,FEDFUNDS
2007-10-01,4.76,FEDFUNDS
2007-11-01,4.49,FEDFUNDS
2007-12-01,4.24,FEDFUNDS
2008-01-01,3.94,FEDFUNDS
2008-02-01,2.98,FEDFUNDS
2008-03-01,2.61,FEDFUNDS
2008-04-01,2.28,FEDFUNDS
2008-05-01,1.98,FEDFUNDS
2008-06-01,2.0,FEDFUNDS
2008-07-01,2.01,FEDFUNDS
2008-08-01,2.0,FEDFUNDS
2008-09-01,1.81,FEDFUNDS
2008-10-01,0.97,FEDFUNDS
2008-11-01,0.39,FEDFUNDS
2008-12-01,0.16,FEDFUNDS
2009-01-01,0.15,FEDFUNDS
2009-02-01,0.22,FEDFUNDS
2009-03-01,0.18,FEDFUNDS
2009-04-01,0.15,FEDFUNDS
2009-05-01,0.18,FEDFUNDS
2009-06-01,0.21,FEDFUNDS
2009-07-01,0.16,FEDFUNDS
2009-08-01,0.16,FEDFUNDS
2009-09-01,0.15,FEDFUNDS
2009-10-01,0.12,FEDFUNDS
2009-11-01,0.12,FEDFUNDS
2009-12-01,0.12,FEDFUNDS
2010-01-01,0.11,FEDFUNDS
2010-02-01,0.13,FEDFUNDS
2010-03-01,0.16,FEDFUNDS
2010-04-01,0.2,FEDFUNDS
2010-05-01,0.2,FEDFUNDS
2010-06-01,0.18,FEDFUNDS
2010-07-01,0.18,FEDFUNDS
2010-08-01,0.19,FEDFUNDS
2010-09-01,0.19,FEDFUNDS
2010-10-01,0.19,FEDFUNDS
2010-11-01,0.19,FEDFUNDS
2010-12-01,0.18,FEDFUNDS
2011-01-01,0.17,FEDFUNDS
2011-02-01,0.16,FEDFUNDS
2011-03-01,0.14,FEDFUNDS
2011-04-01,0.1,FEDFUNDS
2011-05-01,0.09,FEDFUNDS
2011-06-01,0.09,FEDFUNDS
2011-07-01,0.07,FEDFUNDS
2011-08-01,0.1,FEDFUNDS
2011-09-01,0.08,FEDFUNDS
2011-10-01,0.07,FEDFUNDS
2011-11-01,0.08,FEDFUNDS
2011-12-01,0.07,FEDFUNDS
2012-01-01,0.08,FEDFUNDS
2012-02-01,0.1,FEDFUNDS
2012-03-01,0.13,FEDFUNDS
2012-04-01,0.14,FEDFUNDS
2012-05-01,0.16,FEDFUNDS
2012-06-01,0.16,FEDFUNDS
2012-07-01,0.16,FEDFUNDS
2012-08-01,0.13,FEDFUNDS
2012-09-01,0.14,FEDFUNDS
2012-10-01,0.16,FEDFUNDS
2012-11-01,0.16,FEDFUNDS
2012-12-01,0.16,FEDFUNDS
2013-01-01,0.14,FEDFUNDS
2013-02-01,0.15,FEDFUNDS
2013-03-01,0.14,FEDFUNDS
2013-04-01,0.15,FEDFUNDS
2013-05-01,0.11,FEDFUNDS
2013-06-01,0.09,FEDFUNDS
2013-07-01,0.09,FEDFUNDS
2013-08-01,0.08,FEDFUNDS
2013-09-01,0.08,FEDFUNDS
2013-10-01,0.09,FEDFUNDS
2013-11-01,0.08,FEDFUNDS
2013-12-01,0.09,FEDFUNDS
2014-01-01,0.07,FEDFUNDS
2014-02-01,0.07,FEDFUNDS
2014-03-01,0.08,FEDFUNDS
2014-04-01,0.09,FEDFUNDS
2014-05-01,0.09,FEDFUNDS
2014-06-01,0.1,FEDFUNDS
2014-07-01,0.09,FEDFUNDS
2014-08-01,0.09,FEDFUNDS
2014-09-01,0.09,FEDFUNDS
2014-10-01,0.09,FEDFUNDS
2014-11-01,0.09,FEDFUNDS
2014-12-01,0.12,FEDFUNDS
2015-01-01,0.11,FEDFUNDS
2015-02-01,0.11,FEDFUNDS
2015-03-01,0.11,FEDFUNDS
2015-04-01,0.12,FEDFUNDS
2015-05-01,0.12,FEDFUNDS
2015-06-01,0.13,FEDFUNDS
2015-07-01,0.13,FEDFUNDS
2015-08-01,0.14,FEDFUNDS
2015-09-01,0.14,FEDFUNDS
2015-10-01,0.12,FEDFUNDS
2015-11-01,0.12,FEDFUNDS
2015-12-01,0.24,FEDFUNDS
2016-01-01,0.34,FEDFUNDS
2016-02-01,0.38,FEDFUNDS
2016-03-01,0.36,FEDFUNDS
2016-04-01,0.37,FEDFUNDS
2016-05-01,0.37,FEDFUNDS
2016-06-01,0.38,FEDFUNDS
2016-07-01,0.39,FEDFUNDS
2016-08-01,0.4,FEDFUNDS
2016-09-01,0.4,FEDFUNDS
2016-10-01,0.4,FEDFUNDS
2016-11-01,0.41,FEDFUNDS
2016-12-01,0.54,FEDFUNDS
2017-01-01,0.65,FEDFUNDS
2017-02-01,0.66,FEDFUNDS
2017-03-01,0.79,FEDFUNDS
2017-04-01,0.9,FEDFUNDS
2017-05-01,0.91,FEDFUNDS
2017-06-01,1.04,FEDFUNDS
2017-07-01,1.15,FEDFUNDS
2017-08-01,1.16,FEDFUNDS
2017-09-01,1.15,FEDFUNDS
2017-10-01,1.15,FEDFUNDS
2017-11-01,1.16,FEDFUNDS
2017-12-01,1.3,FEDFUNDS
2018-01-01,1.41,FEDFUNDS
2018-02-01,1.42,FEDFUNDS
2018-03-01,1.51,FEDFUNDS
2018-04-01,1.69,FEDFUNDS
2018-05-01,1.7,FEDFUNDS
2018-06-01,1.82,FEDFUNDS
2018-07-01,1.91,FEDFUNDS
2018-08-01,1.91,FEDFUNDS
2018-09-01,1.95,FEDFUNDS
2018-10-01,2.19,FEDFUNDS
2018-11-01,2.2,FEDFUNDS
2018-12-01,2.27,FEDFUNDS
2019-01-01,2.4,FEDFUNDS
2019-02-01,2.4,FEDFUNDS
2019-03-01,2.41,FEDFUNDS
2019-04-01,2.42,FEDFUNDS
2019-05-01,2.39,FEDFUNDS
2019-06-01,2.38,FEDFUNDS
2019-07-01,2.4,FEDFUNDS
2019-08-01,2.13,FEDFUNDS
2019-09-01,2.04,FEDFUNDS
2019-10-01,1.83,FEDFUNDS
2019-11-01,1.55,FEDFUNDS
2019-12-01,1.55,FEDFUNDS
2020-01-01,1.55,FEDFUNDS
2020-02-01,1.58,FEDFUNDS
2020-03-01,0.65,FEDFUNDS
2020-04-01,0.05,FEDFUNDS
2020-05-01,0.05,FEDFUNDS
2020-06-01,0.08,FEDFUNDS
2020-07-01,0.09,FEDFUNDS
2020-08-01,0.1,FEDFUNDS
2020-09-01,0.09,FEDFUNDS
2020-10-01,0.09,FEDFUNDS
2020-11-01,0.09,FEDFUNDS
2020-12-01,0.09,FEDFUNDS
2021-01-01,0.09,FEDFUNDS
2021-02-01,0.08,FEDFUNDS
2021-03-01,0.07,FEDFUNDS
2021-04-01,0.07,FEDFUNDS
2021-05-01,0.06,FEDFUNDS
2021-06-01,0.08,FEDFUNDS
2021-07-01,0.1,FEDFUNDS
2021-08-01,0.09,FEDFUNDS
2021-09-01,0.08,FEDFUNDS
2021-10-01,0.08,FEDFUNDS
2021-11-01,0.08,FEDFUNDS
2021-12-01,0.08,FEDFUNDS
2022-01-01,0.08,FEDFUNDS
2022-02-01,0.08,FEDFUNDS
2022-03-01,0.2,FEDFUNDS
2022-04-01,0.33,FEDFUNDS
2022-05-01,0.77,FEDFUNDS
2022-06-01,1.21,FEDFUNDS
2022-07-01,1.68,FEDFUNDS
2022-08-01,2.33,FEDFUNDS
2022-09-01,2.56,FEDFUNDS
2022-10-01,3.08,FEDFUNDS
2022-11-01,3.78,FEDFUNDS
2022-12-01,4.1,FEDFUNDS
2023-01-01,4.33,FEDFUNDS
2023-02-01,4.57,FEDFUNDS
2023-03-01,4.65,FEDFUNDS
2023-04-01,4.83,FEDFUNDS
2023-05-01,5.06,FEDFUNDS
2023-06-01,5.08,FEDFUNDS
2023-07-01,5.12,FEDFUNDS
2023-08-01,5.33,FEDFUNDS
2023-09-01,5.33,FEDFUNDS
2023-10-01,5.33,FEDFUNDS
2023-11-01,5.33,FEDFUNDS
2023-12-01,5.33,FEDFUNDS
2024-01-01,5.33,FEDFUNDS
2024-02-01,5.33,FEDFUNDS
2024-03-01,5.33,FEDFUNDS
2024-04-01,5.33,FEDFUNDS
2024-05-01,5.33,FEDFUNDS
2024-06-01,5.33,FEDFUNDS
2024-07-01,5.33,FEDFUNDS
2024-08-01,5.33,FEDFUNDS
2024-09-01,5.13,FEDFUNDS
2024-10-01,4.83,FEDFUNDS
2024-11-01,4.64,FEDFUNDS
2024-12-01,4.48,FEDFUNDS
2025-01-01,4.33,FEDFUNDS
2025-02-01,4.33,FEDFUNDS
2025-03-01,4.33,FEDFUNDS
2025-04-01,4.33,FEDFUNDS
2025-05-01,4.33,FEDFUNDS
2025-06-01,4.33,FEDFUNDS
2025-07-01,4.33,FEDFUNDS
2025-08-01,4.33,FEDFUNDS
2025-09-01,4.22,FEDFUNDS
2025-10-01,4.09,FEDFUNDS
2025-11-01,3.88,FEDFUNDS
2025-12-01,3.72,FEDFUNDS
2026-01-01,3.64,FEDFUNDS
2026-02-01,3.64,FEDFUNDS
2026-03-01,3.64,FEDFUNDS
2026-04-01,3.64,FEDFUNDS
2026-05-01,3.63,FEDFUNDS
1962-01-02,4.06,DGS10
1962-01-03,4.03,DGS10
1962-01-04,3.99,DGS10
1962-01-05,4.02,DGS10
1962-01-08,4.03,DGS10
1962-01-09,4.05,DGS10
1962-01-10,4.07,DGS10
1962-01-11,4.08,DGS10
1962-01-12,4.08,DGS10
1962-01-15,4.1,DGS10
1962-01-16,4.13,DGS10
1962-01-17,4.12,DGS10
1962-01-18,4.11,DGS10
1962-01-19,4.11,DGS10
1962-01-22,4.09,DGS10
1962-01-23,4.11,DGS10
1962-01-24,4.1,DGS10
1962-01-25,4.11,DGS10
1962-01-26,4.11,DGS10
1962-01-29,4.12,DGS10
1962-01-30,4.11,DGS10
1962-01-31,4.1,DGS10
1962-02-01,4.09,DGS10
1962-02-02,4.08,DGS10
1962-02-05,4.07,DGS10
1962-02-06,4.06,DGS10
1962-02-07,4.07,DGS10
1962-02-08,4.07,DGS10
1962-02-09,4.05,DGS10
1962-02-12,,DGS10
1962-02-13,4.03,DGS10
1962-02-14,4.03,DGS10
1962-02-15,4.02,DGS10
1962-02-16,4.02,DGS10
1962-02-19,4.01,DGS10
1962-02-20,4.05,DGS10
1962-02-21,4.03,DGS10
1962-02-22,,DGS10
1962-02-23,4.02,DGS10
1962-02-26,4.0,DGS10
1962-02-27,4.01,DGS10
1962-02-28,4.0,DGS10
1962-03-01,3.98,DGS10
1962-03-02,3.98,DGS10
1962-03-05,4.0,DGS10
1962-03-06,4.01,DGS10
1962-03-07,4.0,DGS10
1962-03-08,3.98,DGS10
1962-03-09,3.96,DGS10
1962-03-12,3.94,DGS10
1962-03-13,3.92,DGS10
1962-03-14,3.93,DGS10
1962-03-15,3.96,DGS10
1962-03-16,3.96,DGS10
1962-03-19,3.93,DGS10
1962-03-20,3.91,DGS10
1962-03-21,3.86,DGS10
1962-03-22,3.83,DGS10
1962-03-23,3.87,DGS10
1962-03-26,3.89,DGS10
1962-03-27,3.9,DGS10
1962-03-28,3.9,DGS10
1962-03-29,3.9,DGS10
1962-03-30,3.86,DGS10
1962-04-02,3.86,DGS10
1962-04-03,3.83,DGS10
1962-04-04,3.78,DGS10
1962-04-05,3.84,DGS10
1962-04-06,3.81,DGS10
1962-04-09,3.83,DGS10
1962-04-10,3.83,DGS10
1962-04-11,3.87,DGS10
1962-04-12,3.86,DGS10
1962-04-13,3.85,DGS10
1962-04-16,3.83,DGS10
1962-04-17,3.82,DGS10
1962-04-18,3.81,DGS10
1962-04-19,3.82,DGS10
1962-04-20,,DGS10
1962-04-23,3.86,DGS10
1962-04-24,3.87,DGS10
1962-04-25,3.88,DGS10
1962-04-26,3.89,DGS10
1962-04-27,3.86,DGS10
1962-04-30,3.86,DGS10
1962-05-01,3.85,DGS10
1962-05-02,3.86,DGS10
1962-05-03,3.86,DGS10
1962-05-04,3.87,DGS10
1962-05-07,3.86,DGS10
1962-05-08,3.85,DGS10
1962-05-09,3.82,DGS10
1962-05-10,3.83,DGS10
1962-05-11,3.82,DGS10
1962-05-14,3.85,DGS10
1962-05-15,3.87,DGS10
1962-05-16,3.86,DGS10
1962-05-17,3.87,DGS10
1962-05-18,3.93,DGS10
1962-05-21,3.94,DGS10
1962-05-22,3.93,DGS10
1962-05-23,3.91,DGS10
1962-05-24,3.9,DGS10
1962-05-25,3.88,DGS10
1962-05-28,3.87,DGS10
1962-05-29,3.89,DGS10
1962-05-30,,DGS10
1962-05-31,3.9,DGS10
1962-06-01,3.89,DGS10
1962-06-04,3.88,DGS10
1962-06-05,3.89,DGS10
1962-06-06,3.89,DGS10
1962-06-07,3.87,DGS10
1962-06-08,3.86,DGS10
1962-06-11,3.87,DGS10
1962-06-12,3.86,DGS10
1962-06-13,3.87,DGS10
1962-06-14,3.9,DGS10
1962-06-15,3.89,DGS10
1962-06-18,3.91,DGS10
1962-06-19,3.93,DGS10
1962-06-20,3.92,DGS10
1962-06-21,3.9,DGS10
1962-06-22,3.9,DGS10
1962-06-25,3.95,DGS10
1962-06-26,3.97,DGS10
1962-06-27,3.96,DGS10
1962-06-28,3.98,DGS10
1962-06-29,4.0,DGS10
1962-07-02,4.0,DGS10
1962-07-03,4.0,DGS10
1962-07-04,,DGS10
1962-07-05,4.0,DGS10
1962-07-06,4.02,DGS10
1962-07-09,4.05,DGS10
1962-07-10,4.02,DGS10
1962-07-11,3.99,DGS10
1962-07-12,4.0,DGS10
1962-07-13,4.0,DGS10
1962-07-16,4.01,DGS10
1962-07-17,4.03,DGS10
1962-07-18,4.02,DGS10
1962-07-19,4.02,DGS10
1962-07-20,4.01,DGS10
1962-07-23,4.0,DGS10
1962-07-24,4.01,DGS10
1962-07-25,4.02,DGS10
1962-07-26,4.01,DGS10
1962-07-27,4.02,DGS10
1962-07-30,4.03,DGS10
1962-07-31,4.04,DGS10
1962-08-01,4.03,DGS10
1962-08-02,4.0,DGS10
1962-08-03,4.01,DGS10
1962-08-06,4.01,DGS10
1962-08-07,4.02,DGS10
1962-08-08,4.01,DGS10
1962-08-09,3.99,DGS10
1962-08-10,3.99,DGS10
1962-08-13,3.99,DGS10
1962-08-14,3.98,DGS10
1962-08-15,3.98,DGS10
1962-08-16,3.96,DGS10
1962-08-17,3.96,DGS10
1962-08-20,3.94,DGS10
1962-08-21,3.94,DGS10
1962-08-22,3.95,DGS10
1962-08-23,3.95,DGS10
1962-08-24,3.95,DGS10
1962-08-27,3.95,DGS10
1962-08-28,3.96,DGS10
1962-08-29,3.96,DGS10
1962-08-30,3.95,DGS10
1962-08-31,3.96,DGS10
1962-09-03,,DGS10
1962-09-04,3.96,DGS10
1962-09-05,3.97,DGS10
1962-09-06,3.99,DGS10
1962-09-07,4.01,DGS10
1962-09-10,4.0,DGS10
1962-09-11,4.0,DGS10
1962-09-12,4.0,DGS10
1962-09-13,3.99,DGS10
1962-09-14,3.99,DGS10
1962-09-17,3.99,DGS10
1962-09-18,3.98,DGS10
1962-09-19,3.99,DGS10
1962-09-20,3.98,DGS10
1962-09-21,3.98,DGS10
1962-09-24,3.97,DGS10
1962-09-25,3.96,DGS10
1962-09-26,3.95,DGS10
1962-09-27,3.95,DGS10
1962-09-28,3.94,DGS10
1962-10-01,3.93,DGS10
1962-10-02,3.92,DGS10
1962-10-03,3.9,DGS10
1962-10-04,3.9,DGS10
1962-10-05,3.92,DGS10
1962-10-08,3.93,DGS10
1962-10-09,3.95,DGS10
1962-10-10,3.93,DGS10
1962-10-11,3.94,DGS10
1962-10-12,,DGS10
1962-10-15,3.94,DGS10
1962-10-16,3.94,DGS10
1962-10-17,3.94,DGS10
1962-10-18,3.92,DGS10
1962-10-19,3.88,DGS10
1962-10-22,3.91,DGS10
1962-10-23,3.94,DGS10
1962-10-24,3.94,DGS10
1962-10-25,3.94,DGS10
1962-10-26,3.93,DGS10
1962-10-29,3.92,DGS10
1962-10-30,3.92,DGS10
1962-10-31,3.92,DGS10
1962-11-01,3.92,DGS10
1962-11-02,3.91,DGS10
1962-11-05,3.91,DGS10
1962-11-06,,DGS10
1962-11-07,3.91,DGS10
1962-11-08,3.9,DGS10
1962-11-09,3.89,DGS10
1962-11-12,,DGS10
1962-11-13,3.9,DGS10
1962-11-14,3.91,DGS10
1962-11-15,3.91,DGS10
1962-11-16,3.93,DGS10
1962-11-19,3.93,DGS10
1962-11-20,3.93,DGS10
1962-11-21,3.92,DGS10
1962-11-22,,DGS10
1962-11-23,3.92,DGS10
1962-11-26,3.93,DGS10
1962-11-27,3.92,DGS10
1962-11-28,3.92,DGS10
1962-11-29,3.92,DGS10
1962-11-30,3.92,DGS10
1962-12-03,3.93,DGS10
1962-12-04,3.94,DGS10
1962-12-05,3.93,DGS10
1962-12-06,3.92,DGS10
1962-12-07,3.91,DGS10
1962-12-10,3.9,DGS10
1962-12-11,3.89,DGS10
1962-12-12,3.88,DGS10
1962-12-13,3.88,DGS10
1962-12-14,3.87,DGS10
1962-12-17,3.85,DGS10
1962-12-18,3.83,DGS10
1962-12-19,3.84,DGS10
1962-12-20,3.83,DGS10
1962-12-21,3.81,DGS10
1962-12-24,3.79,DGS10
1962-12-25,,DGS10
1962-12-26,3.79,DGS10
1962-12-27,3.81,DGS10
1962-12-28,3.84,DGS10
1962-12-31,3.85,DGS10
1963-01-01,,DGS10
1963-01-02,3.82,DGS10
1963-01-03,3.81,DGS10
1963-01-04,3.84,DGS10
1963-01-07,3.83,DGS10
1963-01-08,3.81,DGS10
1963-01-09,3.82,DGS10
1963-01-10,3.81,DGS10
1963-01-11,3.8,DGS10
1963-01-14,3.81,DGS10
1963-01-15,3.8,DGS10
1963-01-16,3.8,DGS10
1963-01-17,3.82,DGS10
1963-01-18,3.84,DGS10
1963-01-21,3.85,DGS10
1963-01-22,3.86,DGS10
1963-01-23,3.86,DGS10
1963-01-24,3.86,DGS10
1963-01-25,3.85,DGS10
1963-01-28,3.86,DGS10
1963-01-29,3.86,DGS10
1963-01-30,3.86,DGS10
1963-01-31,3.87,DGS10
1963-02-01,3.88,DGS10
1963-02-04,3.89,DGS10
1963-02-05,3.9,DGS10
1963-02-06,3.91,DGS10
1963-02-07,3.91,DGS10
1963-02-08,3.91,DGS10
1963-02-11,3.92,DGS10
1963-02-12,,DGS10
1963-02-13,3.92,DGS10
1963-02-14,3.91,DGS10
1963-02-15,3.91,DGS10
1963-02-18,3.91,DGS10
1963-02-19,3.93,DGS10
1963-02-20,3.94,DGS10
1963-02-21,3.95,DGS10
1963-02-22,,DGS10
1963-02-25,3.95,DGS10
1963-02-26,3.95,DGS10
1963-02-27,3.95,DGS10
1963-02-28,3.94,DGS10
1963-03-01,3.93,DGS10
1963-03-04,3.92,DGS10
1963-03-05,3.92,DGS10
1963-03-06,3.91,DGS10
1963-03-07,3.92,DGS10
1963-03-08,3.92,DGS10
1963-03-11,3.92,DGS10
1963-03-12,3.92,DGS10
1963-03-13,3.92,DGS10
1963-03-14,3.92,DGS10
1963-03-15,3.92,DGS10
1963-03-18,3.92,DGS10
1963-03-19,3.92,DGS10
1963-03-20,3.92,DGS10
1963-03-21,3.92,DGS10
1963-03-22,3.93,DGS10
1963-03-25,3.94,DGS10
1963-03-26,3.96,DGS10
1963-03-27,3.96,DGS10
1963-03-28,3.96,DGS10
1963-03-29,3.95,DGS10
1963-04-01,3.95,DGS10
1963-04-02,3.96,DGS10
1963-04-03,3.96,DGS10
1963-04-04,3.95,DGS10
1963-04-05,3.95,DGS10
1963-04-08,3.97,DGS10
1963-04-09,3.98,DGS10
1963-04-10,4.0,DGS10
1963-04-11,4.0,DGS10
1963-04-12,,DGS10
1963-04-15,4.01,DGS10
1963-04-16,4.0,DGS10
1963-04-17,4.0,DGS10
1963-04-18,3.99,DGS10
1963-04-19,3.97,DGS10
1963-04-22,3.97,DGS10
1963-04-23,3.97,DGS10
1963-04-24,3.96,DGS10
1963-04-25,3.95,DGS10
1963-04-26,3.95,DGS10
1963-04-29,3.95,DGS10
1963-04-30,3.95,DGS10
1963-05-01,3.94,DGS10
1963-05-02,3.94,DGS10
1963-05-03,3.93,DGS10
1963-05-06,3.92,DGS10
1963-05-07,3.91,DGS10
1963-05-08,3.92,DGS10
1963-05-09,3.93,DGS10
1963-05-10,3.93,DGS10
1963-05-13,3.92,DGS10
1963-05-14,3.91,DGS10
1963-05-15,3.91,DGS10
1963-05-16,3.9,DGS10
1963-05-17,3.92,DGS10
1963-05-20,3.93,DGS10
1963-05-21,3.92,DGS10
1963-05-22,3.92,DGS10
1963-05-23,3.93,DGS10
1963-05-24,3.95,DGS10
1963-05-27,3.95,DGS10
1963-05-28,3.96,DGS10
1963-05-29,3.96,DGS10
1963-05-30,,DGS10
1963-05-31,3.96,DGS10
1963-06-03,3.98,DGS10
1963-06-04,3.98,DGS10
1963-06-05,3.98,DGS10
1963-06-06,3.99,DGS10
1963-06-07,3.99,DGS10
1963-06-10,3.99,DGS10
1963-06-11,3.98,DGS10
1963-06-12,3.99,DGS10
1963-06-13,3.99,DGS10
1963-06-14,3.99,DGS10
1963-06-17,4.0,DGS10
1963-06-18,4.0,DGS10
1963-06-19,4.0,DGS10
1963-06-20,4.0,DGS10
1963-06-21,4.0,DGS10
1963-06-24,4.0,DGS10
1963-06-25,4.0,DGS10
1963-06-26,4.0,DGS10
1963-06-27,4.0,DGS10
1963-06-28,4.0,DGS10
1963-07-01,4.01,DGS10
1963-07-02,4.03,DGS10
1963-07-03,4.03,DGS10
1963-07-04,,DGS10
1963-07-05,4.04,DGS10
1963-07-08,4.05,DGS10
1963-07-09,4.04,DGS10
1963-07-10,4.03,DGS10
1963-07-11,4.04,DGS10
1963-07-12,4.03,DGS10
1963-07-15,4.02,DGS10
1963-07-16,4.02,DGS10
1963-07-17,4.03,DGS10
1963-07-18,4.02,DGS10
1963-07-19,4.02,DGS10
1963-07-22,4.02,DGS10
1963-07-23,4.02,DGS10
1963-07-24,4.01,DGS10
1963-07-25,4.01,DGS10
1963-07-26,3.99,DGS10
1963-07-29,3.99,DGS10
1963-07-30,4.0,DGS10
1963-07-31,4.0,DGS10
1963-08-01,3.99,DGS10
1963-08-02,3.99,DGS10
1963-08-05,3.99,DGS10
1963-08-06,4.0,DGS10
1963-08-07,4.01,DGS10
1963-08-08,4.0,DGS10
1963-08-09,4.0,DGS10
1963-08-12,4.01,DGS10
1963-08-13,4.02,DGS10
1963-08-14,4.02,DGS10
1963-08-15,4.01,DGS10
1963-08-16,4.0,DGS10
1963-08-19,3.99,DGS10
1963-08-20,3.99,DGS10
1963-08-21,4.0,DGS10
1963-08-22,4.0,DGS10
1963-08-23,4.0,DGS10
1963-08-26,4.0,DGS10
1963-08-27,4.0,DGS10
1963-08-28,4.0,DGS10
1963-08-29,4.01,DGS10
1963-08-30,4.02,DGS10
1963-09-02,,DGS10
1963-09-03,4.03,DGS10
1963-09-04,4.04,DGS10
1963-09-05,4.08,DGS10
1963-09-06,4.09,DGS10
1963-09-09,4.09,DGS10
1963-09-10,4.09,DGS10
1963-09-11,4.09,DGS10
1963-09-12,4.09,DGS10
1963-09-13,4.09,DGS10
1963-09-16,4.09,DGS10
1963-09-17,4.09,DGS10
1963-09-18,4.08,DGS10
1963-09-19,4.08,DGS10
1963-09-20,4.07,DGS10
1963-09-23,4.07,DGS10
1963-09-24,4.08,DGS10
1963-09-25,4.08,DGS10
1963-09-26,4.08,DGS10
1963-09-27,4.07,DGS10
1963-09-30,4.07,DGS10
1963-10-01,4.07,DGS10
1963-10-02,4.07,DGS10
1963-10-03,4.07,DGS10
1963-10-04,4.08,DGS10
1963-10-07,4.08,DGS10
1963-10-08,4.09,DGS10
1963-10-09,4.1,DGS10
1963-10-10,4.1,DGS10
1963-10-11,4.1,DGS10
1963-10-14,4.1,DGS10
1963-10-15,4.11,DGS10
1963-10-16,4.11,DGS10
1963-10-17,4.12,DGS10
1963-10-18,4.12,DGS10
1963-10-21,4.12,DGS10
1963-10-22,4.11,DGS10
1963-10-23,4.12,DGS10
1963-10-24,4.11,DGS10
1963-10-25,4.12,DGS10
1963-10-28,4.12,DGS10
1963-10-29,4.13,DGS10
1963-10-30,4.14,DGS10
1963-10-31,4.15,DGS10
1963-11-01,4.15,DGS10
1963-11-04,4.15,DGS10
1963-11-05,,DGS10
1963-11-06,4.17,DGS10
1963-11-07,4.17,DGS10
1963-11-08,4.16,DGS10
1963-11-11,,DGS10
1963-11-12,4.16,DGS10
1963-11-13,4.15,DGS10
1963-11-14,4.12,DGS10
1963-11-15,4.11,DGS10
1963-11-18,4.11,DGS10
1963-11-19,4.1,DGS10
1963-11-20,4.09,DGS10
1963-11-21,4.1,DGS10
1963-11-22,4.09,DGS10
1963-11-25,,DGS10
1963-11-26,4.08,DGS10
1963-11-27,4.08,DGS10
1963-11-28,,DGS10
1963-11-29,4.08,DGS10
1963-12-02,4.09,DGS10
1963-12-03,4.1,DGS10
1963-12-04,4.1,DGS10
1963-12-05,4.11,DGS10
1963-12-06,4.11,DGS10
1963-12-09,4.1,DGS10
1963-12-10,4.1,DGS10
1963-12-11,4.12,DGS10
1963-12-12,4.12,DGS10
1963-12-13,4.13,DGS10
1963-12-16,4.15,DGS10
1963-12-17,4.15,DGS10
1963-12-18,4.15,DGS10
1963-12-19,4.14,DGS10
1963-12-20,4.15,DGS10
1963-12-23,4.15,DGS10
1963-12-24,4.15,DGS10
1963-12-25,,DGS10
1963-12-26,4.15,DGS10
1963-12-27,4.15,DGS10
1963-12-30,4.14,DGS10
1963-12-31,4.14,DGS10
1964-01-01,,DGS10
1964-01-02,4.14,DGS10
1964-01-03,4.15,DGS10
1964-01-06,4.16,DGS10
1964-01-07,4.15,DGS10
1964-01-08,4.18,DGS10
1964-01-09,4.18,DGS10
1964-01-10,4.18,DGS10
1964-01-13,4.18,DGS10
1964-01-14,4.18,DGS10
1964-01-15,4.18,DGS10
1964-01-16,4.17,DGS10
1964-01-17,4.17,DGS10
1964-01-20,4.16,DGS10
1964-01-21,4.16,DGS10
1964-01-22,4.16,DGS10
1964-01-23,4.16,DGS10
1964-01-24,4.18,DGS10
1964-01-27,4.18,DGS10
1964-01-28,4.17,DGS10
1964-01-29,4.17,DGS10
1964-01-30,4.16,DGS10
1964-01-31,4.15,DGS10
1964-02-03,4.15,DGS10
1964-02-04,4.15,DGS10
1964-02-05,4.15,DGS10
1964-02-06,4.14,DGS10
1964-02-07,4.14,DGS10
1964-02-10,4.14,DGS10
1964-02-11,4.14,DGS10
1964-02-12,,DGS10
1964-02-13,4.13,DGS10
1964-02-14,4.13,DGS10
1964-02-17,4.13,DGS10
1964-02-18,4.14,DGS10
1964-02-19,4.14,DGS10
1964-02-20,4.14,DGS10
1964-02-21,,DGS10
1964-02-24,4.15,DGS10
1964-02-25,4.15,DGS10
1964-02-26,4.15,DGS10
1964-02-27,4.17,DGS10
1964-02-28,4.18,DGS10
1964-03-02,4.17,DGS10
1964-03-03,4.18,DGS10
1964-03-04,4.19,DGS10
1964-03-05,4.19,DGS10
1964-03-06,4.19,DGS10
1964-03-09,4.2,DGS10
1964-03-10,4.2,DGS10
1964-03-11,4.21,DGS10
1964-03-12,4.21,DGS10
1964-03-13,4.22,DGS10
1964-03-16,4.21,DGS10
1964-03-17,4.22,DGS10
1964-03-18,4.23,DGS10
1964-03-19,4.24,DGS10
1964-03-20,4.25,DGS10
1964-03-23,4.25,DGS10
1964-03-24,4.26,DGS10
1964-03-25,4.26,DGS10
1964-03-26,4.25,DGS10
1964-03-27,,DGS10
1964-03-30,4.25,DGS10
1964-03-31,4.23,DGS10
1964-04-01,4.23,DGS10
1964-04-02,4.24,DGS10
1964-04-03,4.25,DGS10
1964-04-06,4.25,DGS10
1964-04-07,4.25,DGS10
1964-04-08,4.22,DGS10
1964-04-09,4.22,DGS10
1964-04-10,4.22,DGS10
1964-04-13,4.23,DGS10
1964-04-14,4.24,DGS10
1964-04-15,4.23,DGS10
1964-04-16,4.23,DGS10
1964-04-17,4.24,DGS10
1964-04-20,4.24,DGS10
1964-04-21,4.23,DGS10
1964-04-22,4.23,DGS10
1964-04-23,4.23,DGS10
1964-04-24,4.23,DGS10
1964-04-27,4.23,DGS10
1964-04-28,4.23,DGS10
1964-04-29,4.22,DGS10
1964-04-30,4.22,DGS10
1964-05-01,4.22,DGS10
1964-05-04,4.22,DGS10
1964-05-05,4.22,DGS10
1964-05-06,4.22,DGS10
1964-05-07,4.22,DGS10
1964-05-08,4.2,DGS10
1964-05-11,4.19,DGS10
1964-05-12,4.19,DGS10
1964-05-13,4.19,DGS10
1964-05-14,4.19,DGS10
1964-05-15,4.19,DGS10
1964-05-18,4.19,DGS10
1964-05-19,4.19,DGS10
1964-05-20,4.2,DGS10
1964-05-21,4.2,DGS10
1964-05-22,4.2,DGS10
1964-05-25,4.19,DGS10
1964-05-26,4.19,DGS10
1964-05-27,4.2,DGS10
1964-05-28,4.19,DGS10
1964-05-29,,DGS10
1964-06-01,4.19,DGS10
1964-06-02,4.19,DGS10
1964-06-03,4.19,DGS10
1964-06-04,4.19,DGS10
1964-06-05,4.18,DGS10
1964-06-08,4.18,DGS10
1964-06-09,4.17,DGS10
1964-06-10,4.17,DGS10
1964-06-11,4.18,DGS10
1964-06-12,4.18,DGS10
1964-06-15,4.18,DGS10
1964-06-16,4.18,DGS10
1964-06-17,4.18,DGS10
1964-06-18,4.17,DGS10
1964-06-19,4.16,DGS10
1964-06-22,4.15,DGS10
1964-06-23,4.15,DGS10
1964-06-24,4.15,DGS10
1964-06-25,4.15,DGS10
1964-06-26,4.15,DGS10
1964-06-29,4.15,DGS10
1964-06-30,4.15,DGS10
1964-07-01,4.15,DGS10
1964-07-02,4.15,DGS10
1964-07-03,,DGS10
1964-07-06,4.16,DGS10
1964-07-07,4.15,DGS10
1964-07-08,4.15,DGS10
1964-07-09,4.18,DGS10
1964-07-10,4.19,DGS10
1964-07-13,4.19,DGS10
1964-07-14,4.19,DGS10
1964-07-15,4.19,DGS10
1964-07-16,4.19,DGS10
1964-07-17,4.2,DGS10
1964-07-20,4.21,DGS10
1964-07-21,4.2,DGS10
1964-07-22,4.21,DGS10
1964-07-23,4.2,DGS10
1964-07-24,4.2,DGS10
1964-07-27,4.2,DGS10
1964-07-28,4.2,DGS10
1964-07-29,4.2,DGS10
1964-07-30,4.19,DGS10
1964-07-31,4.19,DGS10
1964-08-03,4.19,DGS10
1964-08-04,4.19,DGS10
1964-08-05,4.19,DGS10
1964-08-06,4.18,DGS10
1964-08-07,4.19,DGS10
1964-08-10,4.19,DGS10
1964-08-11,4.2,DGS10
1964-08-12,4.2,DGS10
1964-08-13,4.19,DGS10
1964-08-14,4.19,DGS10
1964-08-17,4.19,DGS10
1964-08-18,4.19,DGS10
1964-08-19,4.19,DGS10
1964-08-20,4.19,DGS10
1964-08-21,4.19,DGS10
1964-08-24,4.19,DGS10
1964-08-25,4.2,DGS10
1964-08-26,4.2,DGS10
1964-08-27,4.2,DGS10
1964-08-28,4.21,DGS10
1964-08-31,4.21,DGS10
1964-09-01,4.21,DGS10
1964-09-02,4.22,DGS10
1964-09-03,4.22,DGS10
1964-09-04,4.22,DGS10
1964-09-07,,DGS10
1964-09-08,4.22,DGS10
1964-09-09,4.22,DGS10
1964-09-10,4.22,DGS10
1964-09-11,4.22,DGS10
1964-09-14,4.22,DGS10
1964-09-15,4.22,DGS10
1964-09-16,4.21,DGS10
1964-09-17,4.2,DGS10
1964-09-18,4.2,DGS10
1964-09-21,4.19,DGS10
1964-09-22,4.19,DGS10
1964-09-23,4.19,DGS10
1964-09-24,4.19,DGS10
1964-09-25,4.19,DGS10
1964-09-28,4.17,DGS10
1964-09-29,4.18,DGS10
1964-09-30,4.18,DGS10
1964-10-01,4.18,DGS10
1964-10-02,4.18,DGS10
1964-10-05,4.2,DGS10
1964-10-06,4.19,DGS10
1964-10-07,4.19,DGS10
1964-10-08,4.19,DGS10
1964-10-09,4.19,DGS10
1964-10-12,,DGS10
1964-10-13,4.19,DGS10
1964-10-14,4.19,DGS10
1964-10-15,4.2,DGS10
1964-10-16,4.21,DGS10
1964-10-19,4.21,DGS10
1964-10-20,4.2,DGS10
1964-10-21,4.19,DGS10
1964-10-22,4.19,DGS10
1964-10-23,4.19,DGS10
1964-10-26,4.19,DGS10
1964-10-27,4.18,DGS10
1964-10-28,4.17,DGS10
1964-10-29,4.16,DGS10
1964-10-30,4.16,DGS10
1964-11-02,4.15,DGS10
1964-11-03,,DGS10
1964-11-04,4.15,DGS10
1964-11-05,4.15,DGS10
1964-11-06,4.15,DGS10
1964-11-09,4.15,DGS10
1964-11-10,4.14,DGS10
1964-11-11,,DGS10
1964-11-12,4.12,DGS10
1964-11-13,4.13,DGS10
1964-11-16,4.13,DGS10
1964-11-17,4.14,DGS10
1964-11-18,4.14,DGS10
1964-11-19,4.13,DGS10
1964-11-20,4.13,DGS10
1964-11-23,4.18,DGS10
1964-11-24,4.18,DGS10
1964-11-25,4.19,DGS10
1964-11-26,,DGS10
1964-11-27,4.19,DGS10
1964-11-30,4.2,DGS10
1964-12-01,4.2,DGS10
1964-12-02,4.19,DGS10
1964-12-03,4.18,DGS10
1964-12-04,4.18,DGS10
1964-12-07,4.17,DGS10
1964-12-08,4.16,DGS10
1964-12-09,4.16,DGS10
1964-12-10,4.15,DGS10
1964-12-11,4.15,DGS10
1964-12-14,4.16,DGS10
1964-12-15,4.17,DGS10
1964-12-16,4.18,DGS10
1964-12-17,4.18,DGS10
1964-12-18,4.19,DGS10
1964-12-21,4.18,DGS10
1964-12-22,4.18,DGS10
1964-12-23,4.19,DGS10
1964-12-24,4.19,DGS10
1964-12-25,,DGS10
1964-12-28,4.19,DGS10
1964-12-29,4.19,DGS10
1964-12-30,4.2,DGS10
1964-12-31,4.21,DGS10
1965-01-01,,DGS10
1965-01-04,4.2,DGS10
1965-01-05,4.2,DGS10
1965-01-06,4.2,DGS10
1965-01-07,4.2,DGS10
1965-01-08,4.2,DGS10
1965-01-11,4.2,DGS10
1965-01-12,4.19,DGS10
1965-01-13,4.19,DGS10
1965-01-14,4.19,DGS10
1965-01-15,4.19,DGS10
1965-01-18,4.19,DGS10
1965-01-19,4.18,DGS10
1965-01-20,4.18,DGS10
1965-01-21,4.17,DGS10
1965-01-22,4.17,DGS10
1965-01-25,4.18,DGS10
1965-01-26,4.19,DGS10
1965-01-27,4.19,DGS10
1965-01-28,4.19,DGS10
1965-01-29,4.19,DGS10
1965-02-01,4.2,DGS10
1965-02-02,4.2,DGS10
1965-02-03,4.2,DGS10
1965-02-04,4.21,DGS10
1965-02-05,4.22,DGS10
1965-02-08,4.21,DGS10
1965-02-09,4.21,DGS10
1965-02-10,4.21,DGS10
1965-02-11,4.21,DGS10
1965-02-12,,DGS10
1965-02-15,4.22,DGS10
1965-02-16,4.21,DGS10
1965-02-17,4.21,DGS10
1965-02-18,4.21,DGS10
1965-02-19,4.22,DGS10
1965-02-22,,DGS10
1965-02-23,4.21,DGS10
1965-02-24,4.22,DGS10
1965-02-25,4.21,DGS10
1965-02-26,4.22,DGS10
1965-03-01,4.22,DGS10
1965-03-02,4.24,DGS10
1965-03-03,4.23,DGS10
1965-03-04,4.22,DGS10
1965-03-05,4.23,DGS10
1965-03-08,4.23,DGS10
1965-03-09,4.23,DGS10
1965-03-10,4.23,DGS10
1965-03-11,4.22,DGS10
1965-03-12,4.22,DGS10
1965-03-15,4.21,DGS10
1965-03-16,4.21,DGS10
1965-03-17,4.2,DGS10
1965-03-18,4.2,DGS10
1965-03-19,4.2,DGS10
1965-03-22,4.19,DGS10
1965-03-23,4.19,DGS10
1965-03-24,4.18,DGS10
1965-03-25,4.19,DGS10
1965-03-26,4.2,DGS10
1965-03-29,4.2,DGS10
1965-03-30,4.2,DGS10
1965-03-31,4.2,DGS10
1965-04-01,4.2,DGS10
1965-04-02,4.2,DGS10
1965-04-05,4.2,DGS10
1965-04-06,4.2,DGS10
1965-04-07,4.2,DGS10
1965-04-08,4.19,DGS10
1965-04-09,4.2,DGS10
1965-04-12,4.2,DGS10
1965-04-13,4.2,DGS10
1965-04-14,4.19,DGS10
1965-04-15,4.2,DGS10
1965-04-16,,DGS10
1965-04-19,4.21,DGS10
1965-04-20,4.21,DGS10
1965-04-21,4.21,DGS10
1965-04-22,4.21,DGS10
1965-04-23,4.21,DGS10
1965-04-26,4.21,DGS10
1965-04-27,4.21,DGS10
1965-04-28,4.21,DGS10
1965-04-29,4.21,DGS10
1965-04-30,4.21,DGS10
1965-05-03,4.21,DGS10
1965-05-04,4.2,DGS10
1965-05-05,4.2,DGS10
1965-05-06,4.2,DGS10
1965-05-07,4.2,DGS10
1965-05-10,4.2,DGS10
1965-05-11,4.2,DGS10
1965-05-12,4.2,DGS10
1965-05-13,4.21,DGS10
1965-05-14,4.21,DGS10
1965-05-17,4.21,DGS10
1965-05-18,4.22,DGS10
1965-05-19,4.22,DGS10
1965-05-20,4.22,DGS10
1965-05-21,4.22,DGS10
1965-05-24,4.22,DGS10
1965-05-25,4.22,DGS10
1965-05-26,4.22,DGS10
1965-05-27,4.22,DGS10
1965-05-28,4.23,DGS10
1965-05-31,,DGS10
1965-06-01,4.23,DGS10
1965-06-02,4.23,DGS10
1965-06-03,4.23,DGS10
1965-06-04,4.23,DGS10
1965-06-07,4.23,DGS10
1965-06-08,4.23,DGS10
1965-06-09,4.23,DGS10
1965-06-10,4.23,DGS10
1965-06-11,4.23,DGS10
1965-06-14,4.21,DGS10
1965-06-15,4.21,DGS10
1965-06-16,4.21,DGS10
1965-06-17,4.21,DGS10
1965-06-18,4.21,DGS10
1965-06-21,4.2,DGS10
1965-06-22,4.2,DGS10
1965-06-23,4.2,DGS10
1965-06-24,4.19,DGS10
1965-06-25,4.19,DGS10
1965-06-28,4.19,DGS10
1965-06-29,4.2,DGS10
1965-06-30,4.2,DGS10
1965-07-01,4.2,DGS10
1965-07-02,4.21,DGS10
1965-07-05,,DGS10
1965-07-06,4.21,DGS10
1965-07-07,4.21,DGS10
1965-07-08,4.2,DGS10
1965-07-09,4.21,DGS10
1965-07-12,4.21,DGS10
1965-07-13,4.21,DGS10
1965-07-14,4.21,DGS10
1965-07-15,4.2,DGS10
1965-07-16,4.2,DGS10
1965-07-19,4.2,DGS10
1965-07-20,4.2,DGS10
1965-07-21,4.2,DGS10
1965-07-22,4.2,DGS10
1965-07-23,4.2,DGS10
1965-07-26,4.2,DGS10
1965-07-27,4.2,DGS10
1965-07-28,4.2,DGS10
1965-07-29,4.21,DGS10
1965-07-30,4.22,DGS10
1965-08-02,4.22,DGS10
1965-08-03,4.22,DGS10
1965-08-04,4.23,DGS10
1965-08-05,4.23,DGS10
1965-08-06,4.24,DGS10
1965-08-09,4.24,DGS10
1965-08-10,4.24,DGS10
1965-08-11,4.25,DGS10
1965-08-12,4.25,DGS10
1965-08-13,4.25,DGS10
1965-08-16,4.26,DGS10
1965-08-17,4.27,DGS10
1965-08-18,4.26,DGS10
1965-08-19,4.26,DGS10
1965-08-20,4.26,DGS10
1965-08-23,4.26,DGS10
1965-08-24,4.27,DGS10
1965-08-25,4.26,DGS10
1965-08-26,4.27,DGS10
1965-08-27,4.27,DGS10
1965-08-30,4.27,DGS10
1965-08-31,4.27,DGS10
1965-09-01,4.28,DGS10
1965-09-02,4.28,DGS10
1965-09-03,4.27,DGS10
1965-09-06,,DGS10
1965-09-07,4.27,DGS10
1965-09-08,4.27,DGS10
1965-09-09,4.27,DGS10
1965-09-10,4.28,DGS10
1965-09-13,4.28,DGS10
1965-09-14,4.28,DGS10
1965-09-15,4.28,DGS10
1965-09-16,4.27,DGS10
1965-09-17,4.27,DGS10
1965-09-20,4.27,DGS10
1965-09-21,4.28,DGS10
1965-09-22,4.29,DGS10
1965-09-23,4.3,DGS10
1965-09-24,4.31,DGS10
1965-09-27,4.31,DGS10
1965-09-28,4.33,DGS10
1965-09-29,4.36,DGS10
1965-09-30,4.35,DGS10
1965-10-01,4.36,DGS10
1965-10-04,4.35,DGS10
1965-10-05,4.33,DGS10
1965-10-06,4.32,DGS10
1965-10-07,4.31,DGS10
1965-10-08,4.32,DGS10
1965-10-11,4.31,DGS10
1965-10-12,,DGS10
1965-10-13,4.3,DGS10
1965-10-14,4.31,DGS10
1965-10-15,4.34,DGS10
1965-10-18,4.34,DGS10
1965-10-19,4.35,DGS10
1965-10-20,4.36,DGS10
1965-10-21,4.37,DGS10
1965-10-22,4.36,DGS10
1965-10-25,4.38,DGS10
1965-10-26,4.38,DGS10
1965-10-27,4.39,DGS10
1965-10-28,4.4,DGS10
1965-10-29,4.41,DGS10
1965-11-01,4.43,DGS10
1965-11-02,,DGS10
1965-11-03,4.43,DGS10
1965-11-04,4.43,DGS10
1965-11-05,4.43,DGS10
1965-11-08,4.45,DGS10
1965-11-09,4.47,DGS10
1965-11-10,4.46,DGS10
1965-11-11,,DGS10
1965-11-12,4.44,DGS10
1965-11-15,4.45,DGS10
1965-11-16,4.44,DGS10
1965-11-17,4.45,DGS10
1965-11-18,4.45,DGS10
1965-11-19,4.46,DGS10
1965-11-22,4.45,DGS10
1965-11-23,4.45,DGS10
1965-11-24,4.45,DGS10
1965-11-25,,DGS10
1965-11-26,4.45,DGS10
1965-11-29,4.46,DGS10
1965-11-30,4.48,DGS10
1965-12-01,4.52,DGS10
1965-12-02,4.52,DGS10
1965-12-03,4.52,DGS10
1965-12-06,4.61,DGS10
1965-12-07,4.59,DGS10
1965-12-08,4.6,DGS10
1965-12-09,4.6,DGS10
1965-12-10,4.6,DGS10
1965-12-13,4.65,DGS10
1965-12-14,4.67,DGS10
1965-12-15,4.67,DGS10
1965-12-16,4.66,DGS10
1965-12-17,4.65,DGS10
1965-12-20,4.61,DGS10
1965-12-21,4.64,DGS10
1965-12-22,4.65,DGS10
1965-12-23,4.65,DGS10
1965-12-24,,DGS10
1965-12-27,4.62,DGS10
1965-12-28,4.61,DGS10
1965-12-29,4.62,DGS10
1965-12-30,4.63,DGS10
1965-12-31,4.65,DGS10
1966-01-03,4.63,DGS10
1966-01-04,4.65,DGS10
1966-01-05,4.63,DGS10
1966-01-06,4.6,DGS10
1966-01-07,4.6,DGS10
1966-01-10,4.61,DGS10
1966-01-11,4.6,DGS10
1966-01-12,4.56,DGS10
1966-01-13,4.58,DGS10
1966-01-14,4.59,DGS10
1966-01-17,4.61,DGS10
1966-01-18,4.61,DGS10
1966-01-19,4.61,DGS10
1966-01-20,4.6,DGS10
1966-01-21,4.59,DGS10
1966-01-24,4.6,DGS10
1966-01-25,4.61,DGS10
1966-01-26,4.61,DGS10
1966-01-27,4.63,DGS10
1966-01-28,4.65,DGS10
1966-01-31,4.69,DGS10
1966-02-01,4.69,DGS10
1966-02-02,4.7,DGS10
1966-02-03,4.7,DGS10
1966-02-04,4.71,DGS10
1966-02-07,4.73,DGS10
1966-02-08,4.72,DGS10
1966-02-09,4.74,DGS10
1966-02-10,4.78,DGS10
1966-02-11,4.86,DGS10
1966-02-14,4.87,DGS10
1966-02-15,4.88,DGS10
1966-02-16,4.89,DGS10
1966-02-17,4.88,DGS10
1966-02-18,4.9,DGS10
1966-02-21,4.92,DGS10
1966-02-22,,DGS10
1966-02-23,4.92,DGS10
1966-02-24,4.93,DGS10
1966-02-25,4.97,DGS10
1966-02-28,5.02,DGS10
1966-03-01,5.01,DGS10
1966-03-02,5.0,DGS10
1966-03-03,5.0,DGS10
1966-03-04,4.98,DGS10
1966-03-07,4.96,DGS10
1966-03-08,4.93,DGS10
1966-03-09,4.93,DGS10
1966-03-10,4.95,DGS10
1966-03-11,4.96,DGS10
1966-03-14,4.94,DGS10
1966-03-15,4.91,DGS10
1966-03-16,4.9,DGS10
1966-03-17,4.86,DGS10
1966-03-18,4.84,DGS10
1966-03-21,4.81,DGS10
1966-03-22,4.78,DGS10
1966-03-23,4.73,DGS10
1966-03-24,4.76,DGS10
1966-03-25,4.82,DGS10
1966-03-28,4.81,DGS10
1966-03-29,4.8,DGS10
1966-03-30,4.7,DGS10
1966-03-31,4.71,DGS10
1966-04-01,4.7,DGS10
1966-04-04,4.69,DGS10
1966-04-05,4.66,DGS10
1966-04-06,4.71,DGS10
1966-04-07,4.73,DGS10
1966-04-08,,DGS10
1966-04-11,4.73,DGS10
1966-04-12,4.73,DGS10
1966-04-13,4.74,DGS10
1966-04-14,4.76,DGS10
1966-04-15,4.77,DGS10
1966-04-18,4.76,DGS10
1966-04-19,4.76,DGS10
1966-04-20,4.8,DGS10
1966-04-21,4.77,DGS10
1966-04-22,4.77,DGS10
1966-04-25,4.78,DGS10
1966-04-26,4.79,DGS10
1966-04-27,4.78,DGS10
1966-04-28,4.78,DGS10
1966-04-29,4.79,DGS10
1966-05-02,4.8,DGS10
1966-05-03,4.81,DGS10
1966-05-04,4.81,DGS10
1966-05-05,4.81,DGS10
1966-05-06,4.79,DGS10
1966-05-09,4.75,DGS10
1966-05-10,4.75,DGS10
1966-05-11,4.77,DGS10
1966-05-12,4.77,DGS10
1966-05-13,4.77,DGS10
1966-05-16,4.77,DGS10
1966-05-17,4.75,DGS10
1966-05-18,4.75,DGS10
1966-05-19,4.75,DGS10
1966-05-20,4.75,DGS10
1966-05-23,4.77,DGS10
1966-05-24,4.79,DGS10
1966-05-25,4.78,DGS10
1966-05-26,4.8,DGS10
1966-05-27,4.81,DGS10
1966-05-30,,DGS10
1966-05-31,4.8,DGS10
1966-06-01,4.79,DGS10
1966-06-02,4.77,DGS10
1966-06-03,4.78,DGS10
1966-06-06,4.79,DGS10
1966-06-07,4.81,DGS10
1966-06-08,4.83,DGS10
1966-06-09,4.83,DGS10
1966-06-10,4.83,DGS10
1966-06-13,4.83,DGS10
1966-06-14,4.83,DGS10
1966-06-15,4.79,DGS10
1966-06-16,4.81,DGS10
1966-06-17,4.8,DGS10
1966-06-20,4.76,DGS10
1966-06-21,4.75,DGS10
1966-06-22,4.76,DGS10
1966-06-23,4.77,DGS10
1966-06-24,4.8,DGS10
1966-06-27,4.83,DGS10
1966-06-28,4.89,DGS10
1966-06-29,4.9,DGS10
1966-06-30,4.97,DGS10
1966-07-01,4.99,DGS10
1966-07-04,,DGS10
1966-07-05,4.96,DGS10
1966-07-06,4.95,DGS10
1966-07-07,4.95,DGS10
1966-07-08,4.97,DGS10
1966-07-11,5.03,DGS10
1966-07-12,5.05,DGS10
1966-07-13,5.07,DGS10
1966-07-14,5.1,DGS10
1966-07-15,5.09,DGS10
1966-07-18,5.04,DGS10
1966-07-19,5.03,DGS10
1966-07-20,5.02,DGS10
1966-07-21,5.04,DGS10
1966-07-22,5.02,DGS10
1966-07-25,4.99,DGS10
1966-07-26,4.99,DGS10
1966-07-27,4.99,DGS10
1966-07-28,5.03,DGS10
1966-07-29,5.05,DGS10
1966-08-01,5.05,DGS10
1966-08-02,5.04,DGS10
1966-08-03,5.06,DGS10
1966-08-04,5.07,DGS10
1966-08-05,5.07,DGS10
1966-08-08,5.08,DGS10
1966-08-09,5.1,DGS10
1966-08-10,5.1,DGS10
1966-08-11,5.11,DGS10
1966-08-12,5.11,DGS10
1966-08-15,5.15,DGS10
1966-08-16,5.18,DGS10
1966-08-17,5.24,DGS10
1966-08-18,5.29,DGS10
1966-08-19,5.31,DGS10
1966-08-22,5.29,DGS10
1966-08-23,5.33,DGS10
1966-08-24,5.36,DGS10
1966-08-25,5.39,DGS10
1966-08-26,5.48,DGS10
1966-08-29,5.51,DGS10
1966-08-30,5.48,DGS10
1966-08-31,5.36,DGS10
1966-09-01,5.3,DGS10
1966-09-02,5.23,DGS10
1966-09-05,,DGS10
1966-09-06,5.19,DGS10
1966-09-07,5.2,DGS10
1966-09-08,5.18,DGS10
1966-09-09,5.17,DGS10
1966-09-12,5.18,DGS10
1966-09-13,5.16,DGS10
1966-09-14,5.21,DGS10
1966-09-15,5.25,DGS10
1966-09-16,5.24,DGS10
1966-09-19,5.32,DGS10
1966-09-20,5.27,DGS10
1966-09-21,5.21,DGS10
1966-09-22,5.15,DGS10
1966-09-23,5.17,DGS10
1966-09-26,5.17,DGS10
1966-09-27,5.13,DGS10
1966-09-28,5.09,DGS10
1966-09-29,4.99,DGS10
1966-09-30,5.02,DGS10
1966-10-03,5.08,DGS10
1966-10-04,5.06,DGS10
1966-10-05,5.05,DGS10
1966-10-06,5.03,DGS10
1966-10-07,5.02,DGS10
1966-10-10,5.05,DGS10
1966-10-11,5.05,DGS10
1966-10-12,,DGS10
1966-10-13,5.07,DGS10
1966-10-14,5.06,DGS10
1966-10-17,5.04,DGS10
1966-10-18,4.99,DGS10
1966-10-19,5.0,DGS10
1966-10-20,5.02,DGS10
1966-10-21,4.94,DGS10
1966-10-24,4.94,DGS10
1966-10-25,4.94,DGS10
1966-10-26,4.96,DGS10
1966-10-27,4.99,DGS10
1966-10-28,4.97,DGS10
1966-10-31,4.97,DGS10
1966-11-01,4.99,DGS10
1966-11-02,5.04,DGS10
1966-11-03,5.06,DGS10
1966-11-04,5.11,DGS10
1966-11-07,5.11,DGS10
1966-11-08,,DGS10
1966-11-09,5.12,DGS10
1966-11-10,5.17,DGS10
1966-11-11,,DGS10
1966-11-14,5.19,DGS10
1966-11-15,5.21,DGS10
1966-11-16,5.22,DGS10
1966-11-17,5.23,DGS10
1966-11-18,5.22,DGS10
1966-11-21,5.17,DGS10
1966-11-22,5.2,DGS10
1966-11-23,5.22,DGS10
1966-11-24,,DGS10
1966-11-25,5.23,DGS10
1966-11-28,5.19,DGS10
1966-11-29,5.15,DGS10
1966-11-30,5.12,DGS10
1966-12-01,5.09,DGS10
1966-12-02,5.03,DGS10
1966-12-05,5.06,DGS10
1966-12-06,5.07,DGS10
1966-12-07,5.07,DGS10
1966-12-08,5.1,DGS10
1966-12-09,5.05,DGS10
1966-12-12,4.93,DGS10
1966-12-13,4.86,DGS10
1966-12-14,4.83,DGS10
1966-12-15,4.76,DGS10
1966-12-16,4.78,DGS10
1966-12-19,4.72,DGS10
1966-12-20,4.69,DGS10
1966-12-21,4.66,DGS10
1966-12-22,4.68,DGS10
1966-12-23,4.67,DGS10
1966-12-26,,DGS10
1966-12-27,4.71,DGS10
1966-12-28,4.64,DGS10
1966-12-29,4.66,DGS10
1966-12-30,4.64,DGS10
1967-01-02,,DGS10
1967-01-03,4.69,DGS10
1967-01-04,4.65,DGS10
1967-01-05,4.63,DGS10
1967-01-06,4.64,DGS10
1967-01-09,4.71,DGS10
1967-01-10,4.69,DGS10
1967-01-11,4.54,DGS10
1967-01-12,4.55,DGS10
1967-01-13,4.51,DGS10
1967-01-16,4.49,DGS10
1967-01-17,4.51,DGS10
1967-01-18,4.53,DGS10
1967-01-19,4.58,DGS10
1967-01-20,4.6,DGS10
1967-01-23,4.6,DGS10
1967-01-24,4.65,DGS10
1967-01-25,4.62,DGS10
1967-01-26,4.5,DGS10
1967-01-27,4.47,DGS10
1967-01-30,4.48,DGS10
1967-01-31,4.52,DGS10
1967-02-01,4.52,DGS10
1967-02-02,4.51,DGS10
1967-02-03,4.52,DGS10
1967-02-06,4.53,DGS10
1967-02-07,4.54,DGS10
1967-02-08,4.54,DGS10
1967-02-09,4.53,DGS10
1967-02-10,4.59,DGS10
1967-02-13,,DGS10
1967-02-14,4.64,DGS10
1967-02-15,4.69,DGS10
1967-02-16,4.67,DGS10
1967-02-17,4.68,DGS10
1967-02-20,4.7,DGS10
1967-02-21,4.71,DGS10
1967-02-22,,DGS10
1967-02-23,4.74,DGS10
1967-02-24,4.73,DGS10
1967-02-27,4.72,DGS10
1967-02-28,4.72,DGS10
1967-03-01,4.66,DGS10
1967-03-02,4.63,DGS10
1967-03-03,4.62,DGS10
1967-03-06,4.61,DGS10
1967-03-07,4.6,DGS10
1967-03-08,4.61,DGS10
1967-03-09,4.57,DGS10
1967-03-10,4.58,DGS10
1967-03-13,4.56,DGS10
1967-03-14,4.53,DGS10
1967-03-15,4.49,DGS10
1967-03-16,4.45,DGS10
1967-03-17,4.47,DGS10
1967-03-20,4.45,DGS10
1967-03-21,4.51,DGS10
1967-03-22,4.52,DGS10
1967-03-23,4.5,DGS10
1967-03-24,,DGS10
1967-03-27,4.52,DGS10
1967-03-28,4.52,DGS10
1967-03-29,4.52,DGS10
1967-03-30,4.5,DGS10
1967-03-31,4.5,DGS10
1967-04-03,4.5,DGS10
1967-04-04,4.49,DGS10
1967-04-05,4.5,DGS10
1967-04-06,4.49,DGS10
1967-04-07,4.48,DGS10
1967-04-10,4.5,DGS10
1967-04-11,4.51,DGS10
1967-04-12,4.51,DGS10
1967-04-13,4.54,DGS10
1967-04-14,4.56,DGS10
1967-04-17,4.61,DGS10
1967-04-18,4.63,DGS10
1967-04-19,4.63,DGS10
1967-04-20,4.63,DGS10
1967-04-21,4.66,DGS10
1967-04-24,4.68,DGS10
1967-04-25,4.71,DGS10
1967-04-26,4.73,DGS10
1967-04-27,4.73,DGS10
1967-04-28,4.78,DGS10
1967-05-01,4.77,DGS10
1967-05-02,4.75,DGS10
1967-05-03,4.75,DGS10
1967-05-04,4.76,DGS10
1967-05-05,4.77,DGS10
1967-05-08,4.83,DGS10
1967-05-09,4.87,DGS10
1967-05-10,4.87,DGS10
1967-05-11,4.84,DGS10
1967-05-12,4.82,DGS10
1967-05-15,4.86,DGS10
1967-05-16,4.87,DGS10
1967-05-17,4.88,DGS10
1967-05-18,4.88,DGS10
1967-05-19,4.89,DGS10
1967-05-22,4.94,DGS10
1967-05-23,4.94,DGS10
1967-05-24,4.93,DGS10
1967-05-25,4.92,DGS10
1967-05-26,4.86,DGS10
1967-05-29,4.84,DGS10
1967-05-30,,DGS10
1967-05-31,4.81,DGS10
1967-06-01,4.81,DGS10
1967-06-02,4.82,DGS10
1967-06-05,4.85,DGS10
1967-06-06,4.84,DGS10
1967-06-07,4.84,DGS10
1967-06-08,4.86,DGS10
1967-06-09,4.89,DGS10
1967-06-12,4.94,DGS10
1967-06-13,4.95,DGS10
1967-06-14,5.02,DGS10
1967-06-15,5.02,DGS10
1967-06-16,5.07,DGS10
1967-06-19,5.07,DGS10
1967-06-20,5.14,DGS10
1967-06-21,5.14,DGS10
1967-06-22,5.13,DGS10
1967-06-23,5.14,DGS10
1967-06-26,5.16,DGS10
1967-06-27,5.21,DGS10
1967-06-28,5.18,DGS10
1967-06-29,5.2,DGS10
1967-06-30,5.22,DGS10
1967-07-03,5.22,DGS10
1967-07-04,,DGS10
1967-07-05,5.17,DGS10
1967-07-06,5.11,DGS10
1967-07-07,5.15,DGS10
1967-07-10,5.16,DGS10
1967-07-11,5.09,DGS10
1967-07-12,5.06,DGS10
1967-07-13,5.08,DGS10
1967-07-14,5.08,DGS10
1967-07-17,5.09,DGS10
1967-07-18,5.16,DGS10
1967-07-19,5.18,DGS10
1967-07-20,5.2,DGS10
1967-07-21,5.2,DGS10
1967-07-24,5.23,DGS10
1967-07-25,5.23,DGS10
1967-07-26,5.23,DGS10
1967-07-27,5.2,DGS10
1967-07-28,5.18,DGS10
1967-07-31,5.16,DGS10
1967-08-01,5.18,DGS10
1967-08-02,5.21,DGS10
1967-08-03,5.2,DGS10
1967-08-04,5.26,DGS10
1967-08-07,5.3,DGS10
1967-08-08,5.28,DGS10
1967-08-09,5.27,DGS10
1967-08-10,5.28,DGS10
1967-08-11,5.29,DGS10
1967-08-14,5.29,DGS10
1967-08-15,5.29,DGS10
1967-08-16,5.28,DGS10
1967-08-17,5.28,DGS10
1967-08-18,5.28,DGS10
1967-08-21,5.3,DGS10
1967-08-22,5.3,DGS10
1967-08-23,5.31,DGS10
1967-08-24,5.31,DGS10
1967-08-25,5.32,DGS10
1967-08-28,5.29,DGS10
1967-08-29,5.27,DGS10
1967-08-30,5.28,DGS10
1967-08-31,5.27,DGS10
1967-09-01,5.25,DGS10
1967-09-04,,DGS10
1967-09-05,5.22,DGS10
1967-09-06,5.2,DGS10
1967-09-07,5.2,DGS10
1967-09-08,5.26,DGS10
1967-09-11,5.28,DGS10
1967-09-12,5.29,DGS10
1967-09-13,5.27,DGS10
1967-09-14,5.28,DGS10
1967-09-15,5.29,DGS10
1967-09-18,5.3,DGS10
1967-09-19,5.35,DGS10
1967-09-20,5.34,DGS10
1967-09-21,5.36,DGS10
1967-09-22,5.36,DGS10
1967-09-25,5.38,DGS10
1967-09-26,5.37,DGS10
1967-09-27,5.37,DGS10
1967-09-28,5.36,DGS10
1967-09-29,5.31,DGS10
1967-10-02,5.35,DGS10
1967-10-03,5.35,DGS10
1967-10-04,5.37,DGS10
1967-10-05,5.37,DGS10
1967-10-06,5.37,DGS10
1967-10-09,5.39,DGS10
1967-10-10,5.42,DGS10
1967-10-11,5.42,DGS10
1967-10-12,,DGS10
1967-10-13,5.45,DGS10
1967-10-16,5.47,DGS10
1967-10-17,5.49,DGS10
1967-10-18,5.52,DGS10
1967-10-19,5.53,DGS10
1967-10-20,5.52,DGS10
1967-10-23,5.56,DGS10
1967-10-24,5.56,DGS10
1967-10-25,5.57,DGS10
1967-10-26,5.58,DGS10
1967-10-27,5.57,DGS10
1967-10-30,5.6,DGS10
1967-10-31,5.64,DGS10
1967-11-01,5.7,DGS10
1967-11-02,5.71,DGS10
1967-11-03,5.75,DGS10
1967-11-06,5.77,DGS10
1967-11-07,,DGS10
1967-11-08,5.74,DGS10
1967-11-09,5.78,DGS10
1967-11-10,5.83,DGS10
1967-11-13,5.87,DGS10
1967-11-14,5.81,DGS10
1967-11-15,5.78,DGS10
1967-11-16,5.72,DGS10
1967-11-17,5.75,DGS10
1967-11-20,5.85,DGS10
1967-11-21,5.71,DGS10
1967-11-22,5.7,DGS10
1967-11-23,,DGS10
1967-11-24,5.78,DGS10
1967-11-27,5.76,DGS10
1967-11-28,5.65,DGS10
1967-11-29,5.67,DGS10
1967-11-30,5.74,DGS10
1967-12-01,5.78,DGS10
1967-12-04,5.76,DGS10
1967-12-05,5.74,DGS10
1967-12-06,5.69,DGS10
1967-12-07,5.71,DGS10
1967-12-08,5.72,DGS10
1967-12-11,5.74,DGS10
1967-12-12,5.75,DGS10
1967-12-13,5.71,DGS10
1967-12-14,5.7,DGS10
1967-12-15,5.71,DGS10
1967-12-18,5.68,DGS10
1967-12-19,5.66,DGS10
1967-12-20,5.62,DGS10
1967-12-21,5.64,DGS10
1967-12-22,5.69,DGS10
1967-12-25,,DGS10
1967-12-26,5.64,DGS10
1967-12-27,5.64,DGS10
1967-12-28,5.7,DGS10
1967-12-29,5.7,DGS10
1968-01-01,,DGS10
1968-01-02,5.63,DGS10
1968-01-03,5.63,DGS10
1968-01-04,5.51,DGS10
1968-01-05,5.48,DGS10
1968-01-08,5.5,DGS10
1968-01-09,5.52,DGS10
1968-01-10,5.46,DGS10
1968-01-11,5.46,DGS10
1968-01-12,5.43,DGS10
1968-01-15,5.49,DGS10
1968-01-16,5.52,DGS10
1968-01-17,5.48,DGS10
1968-01-18,5.55,DGS10
1968-01-19,5.59,DGS10
1968-01-22,5.61,DGS10
1968-01-23,5.56,DGS10
1968-01-24,5.56,DGS10
1968-01-25,5.52,DGS10
1968-01-26,5.53,DGS10
1968-01-29,5.53,DGS10
1968-01-30,5.53,DGS10
1968-01-31,5.54,DGS10
1968-02-01,5.58,DGS10
1968-02-02,5.58,DGS10
1968-02-05,5.6,DGS10
1968-02-06,5.61,DGS10
1968-02-07,5.59,DGS10
1968-02-08,5.6,DGS10
1968-02-09,5.59,DGS10
1968-02-12,,DGS10
1968-02-13,5.55,DGS10
1968-02-14,5.54,DGS10
1968-02-15,5.51,DGS10
1968-02-16,5.5,DGS10
1968-02-19,5.53,DGS10
1968-02-20,5.54,DGS10
1968-02-21,5.54,DGS10
1968-02-22,,DGS10
1968-02-23,5.56,DGS10
1968-02-26,5.58,DGS10
1968-02-27,5.58,DGS10
1968-02-28,5.57,DGS10
1968-02-29,5.56,DGS10
1968-03-01,5.56,DGS10
1968-03-04,5.57,DGS10
1968-03-05,5.59,DGS10
1968-03-06,5.61,DGS10
1968-03-07,5.67,DGS10
1968-03-08,5.75,DGS10
1968-03-11,5.75,DGS10
1968-03-12,5.79,DGS10
1968-03-13,5.86,DGS10
1968-03-14,5.95,DGS10
1968-03-15,5.84,DGS10
1968-03-18,5.76,DGS10
1968-03-19,5.77,DGS10
1968-03-20,5.73,DGS10
1968-03-21,5.76,DGS10
1968-03-22,5.74,DGS10
1968-03-25,5.74,DGS10
1968-03-26,5.78,DGS10
1968-03-27,5.78,DGS10
1968-03-28,5.78,DGS10
1968-03-29,5.76,DGS10
1968-04-01,5.64,DGS10
1968-04-02,5.62,DGS10
1968-04-03,5.49,DGS10
1968-04-04,5.52,DGS10
1968-04-05,5.52,DGS10
1968-04-08,5.54,DGS10
1968-04-09,,DGS10
1968-04-10,5.53,DGS10
1968-04-11,5.54,DGS10
1968-04-12,,DGS10
1968-04-15,5.6,DGS10
1968-04-16,5.62,DGS10
1968-04-17,5.62,DGS10
1968-04-18,5.64,DGS10
1968-04-19,5.76,DGS10
1968-04-22,5.78,DGS10
1968-04-23,5.73,DGS10
1968-04-24,5.72,DGS10
1968-04-25,5.72,DGS10
1968-04-26,5.71,DGS10
1968-04-29,5.73,DGS10
1968-04-30,5.74,DGS10
1968-05-01,5.73,DGS10
1968-05-02,5.76,DGS10
1968-05-03,5.8,DGS10
1968-05-06,5.78,DGS10
1968-05-07,5.79,DGS10
1968-05-08,5.8,DGS10
1968-05-09,5.79,DGS10
1968-05-10,5.79,DGS10
1968-05-13,5.79,DGS10
1968-05-14,5.82,DGS10
1968-05-15,5.85,DGS10
1968-05-16,5.9,DGS10
1968-05-17,5.92,DGS10
1968-05-20,5.96,DGS10
1968-05-21,6.02,DGS10
1968-05-22,6.02,DGS10
1968-05-23,5.98,DGS10
1968-05-24,5.96,DGS10
1968-05-27,5.92,DGS10
1968-05-28,5.94,DGS10
1968-05-29,5.95,DGS10
1968-05-30,,DGS10
1968-05-31,5.86,DGS10
1968-06-03,5.79,DGS10
1968-06-04,5.78,DGS10
1968-06-05,5.81,DGS10
1968-06-06,5.83,DGS10
1968-06-07,5.82,DGS10
1968-06-10,5.8,DGS10
1968-06-11,5.79,DGS10
1968-06-12,5.77,DGS10
1968-06-13,5.76,DGS10
1968-06-14,5.72,DGS10
1968-06-17,5.71,DGS10
1968-06-18,5.71,DGS10
1968-06-19,5.67,DGS10
1968-06-20,5.62,DGS10
1968-06-21,5.6,DGS10
1968-06-24,5.61,DGS10
1968-06-25,5.64,DGS10
1968-06-26,5.64,DGS10
1968-06-27,5.65,DGS10
1968-06-28,5.64,DGS10
1968-07-01,5.62,DGS10
1968-07-02,5.58,DGS10
1968-07-03,5.57,DGS10
1968-07-04,,DGS10
1968-07-05,5.56,DGS10
1968-07-08,5.53,DGS10
1968-07-09,5.51,DGS10
1968-07-10,5.52,DGS10
1968-07-11,5.52,DGS10
1968-07-12,5.53,DGS10
1968-07-15,5.56,DGS10
1968-07-16,5.57,DGS10
1968-07-17,5.55,DGS10
1968-07-18,5.56,DGS10
1968-07-19,5.53,DGS10
1968-07-22,5.45,DGS10
1968-07-23,5.38,DGS10
1968-07-24,5.39,DGS10
1968-07-25,5.37,DGS10
1968-07-26,5.39,DGS10
1968-07-29,5.41,DGS10
1968-07-30,5.41,DGS10
1968-07-31,5.39,DGS10
1968-08-01,5.38,DGS10
1968-08-02,5.34,DGS10
1968-08-05,5.37,DGS10
1968-08-06,5.38,DGS10
1968-08-07,5.36,DGS10
1968-08-08,5.37,DGS10
1968-08-09,5.39,DGS10
1968-08-12,5.42,DGS10
1968-08-13,5.43,DGS10
1968-08-14,5.43,DGS10
1968-08-15,5.45,DGS10
1968-08-16,5.42,DGS10
1968-08-19,5.43,DGS10
1968-08-20,5.43,DGS10
1968-08-21,5.46,DGS10
1968-08-22,5.5,DGS10
1968-08-23,5.47,DGS10
1968-08-26,5.46,DGS10
1968-08-27,5.46,DGS10
1968-08-28,5.45,DGS10
1968-08-29,5.43,DGS10
1968-08-30,5.42,DGS10
1968-09-02,,DGS10
1968-09-03,5.41,DGS10
1968-09-04,5.43,DGS10
1968-09-05,5.46,DGS10
1968-09-06,5.48,DGS10
1968-09-09,5.49,DGS10
1968-09-10,5.51,DGS10
1968-09-11,5.5,DGS10
1968-09-12,5.49,DGS10
1968-09-13,5.48,DGS10
1968-09-16,5.46,DGS10
1968-09-17,5.46,DGS10
1968-09-18,5.42,DGS10
1968-09-19,5.43,DGS10
1968-09-20,5.45,DGS10
1968-09-23,5.45,DGS10
1968-09-24,5.44,DGS10
1968-09-25,5.44,DGS10
1968-09-26,5.45,DGS10
1968-09-27,5.46,DGS10
1968-09-30,5.49,DGS10
1968-10-01,5.49,DGS10
1968-10-02,5.49,DGS10
1968-10-03,5.5,DGS10
1968-10-04,5.52,DGS10
1968-10-07,5.55,DGS10
1968-10-08,5.57,DGS10
1968-10-09,5.6,DGS10
1968-10-10,5.61,DGS10
1968-10-11,5.61,DGS10
1968-10-14,5.62,DGS10
1968-10-15,5.65,DGS10
1968-10-16,5.62,DGS10
1968-10-17,5.58,DGS10
1968-10-18,5.57,DGS10
1968-10-21,5.58,DGS10
1968-10-22,5.58,DGS10
1968-10-23,5.58,DGS10
1968-10-24,5.61,DGS10
1968-10-25,5.6,DGS10
1968-10-28,5.61,DGS10
1968-10-29,5.62,DGS10
1968-10-30,5.63,DGS10
1968-10-31,5.61,DGS10
1968-11-01,5.61,DGS10
1968-11-04,5.63,DGS10
1968-11-05,,DGS10
1968-11-06,5.62,DGS10
1968-11-07,5.63,DGS10
1968-11-08,5.65,DGS10
1968-11-11,,DGS10
1968-11-12,5.68,DGS10
1968-11-13,5.66,DGS10
1968-11-14,5.66,DGS10
1968-11-15,5.68,DGS10
1968-11-18,5.71,DGS10
1968-11-19,5.74,DGS10
1968-11-20,5.74,DGS10
1968-11-21,5.73,DGS10
1968-11-22,5.74,DGS10
1968-11-25,5.75,DGS10
1968-11-26,5.76,DGS10
1968-11-27,5.76,DGS10
1968-11-28,,DGS10
1968-11-29,5.78,DGS10
1968-12-02,5.89,DGS10
1968-12-03,5.96,DGS10
1968-12-04,5.95,DGS10
1968-12-05,5.93,DGS10
1968-12-06,5.91,DGS10
1968-12-09,5.92,DGS10
1968-12-10,5.93,DGS10
1968-12-11,5.93,DGS10
1968-12-12,5.94,DGS10
1968-12-13,5.93,DGS10
1968-12-16,5.96,DGS10
1968-12-17,5.97,DGS10
1968-12-18,6.0,DGS10
1968-12-19,6.07,DGS10
1968-12-20,6.14,DGS10
1968-12-23,6.23,DGS10
1968-12-24,6.27,DGS10
1968-12-25,,DGS10
1968-12-26,6.17,DGS10
1968-12-27,6.2,DGS10
1968-12-30,6.21,DGS10
1968-12-31,6.16,DGS10
1969-01-01,,DGS10
1969-01-02,6.04,DGS10
1969-01-03,6.01,DGS10
1969-01-06,6.04,DGS10
1969-01-07,6.14,DGS10
1969-01-08,6.09,DGS10
1969-01-09,6.04,DGS10
1969-01-10,6.03,DGS10
1969-01-13,6.04,DGS10
1969-01-14,6.04,DGS10
1969-01-15,6.02,DGS10
1969-01-16,5.98,DGS10
1969-01-17,5.97,DGS10
1969-01-20,5.95,DGS10
1969-01-21,5.97,DGS10
1969-01-22,6.03,DGS10
1969-01-23,6.02,DGS10
1969-01-24,6.01,DGS10
1969-01-27,6.03,DGS10
1969-01-28,6.05,DGS10
1969-01-29,6.09,DGS10
1969-01-30,6.14,DGS10
1969-01-31,6.19,DGS10
1969-02-03,6.22,DGS10
1969-02-04,6.2,DGS10
1969-02-05,6.19,DGS10
1969-02-06,6.2,DGS10
1969-02-07,6.14,DGS10
1969-02-10,6.14,DGS10
1969-02-11,6.1,DGS10
1969-02-12,,DGS10
1969-02-13,6.09,DGS10
1969-02-14,6.11,DGS10
1969-02-17,6.14,DGS10
1969-02-18,6.16,DGS10
1969-02-19,6.2,DGS10
1969-02-20,6.23,DGS10
1969-02-21,6.24,DGS10
1969-02-24,6.22,DGS10
1969-02-25,6.24,DGS10
1969-02-26,6.24,DGS10
1969-02-27,6.27,DGS10
1969-02-28,6.26,DGS10
1969-03-03,6.25,DGS10
1969-03-04,6.24,DGS10
1969-03-05,6.24,DGS10
1969-03-06,6.26,DGS10
1969-03-07,6.27,DGS10
1969-03-10,6.27,DGS10
1969-03-11,6.3,DGS10
1969-03-12,6.31,DGS10
1969-03-13,6.32,DGS10
1969-03-14,6.31,DGS10
1969-03-17,6.35,DGS10
1969-03-18,6.35,DGS10
1969-03-19,6.32,DGS10
1969-03-20,6.31,DGS10
1969-03-21,6.29,DGS10
1969-03-24,6.28,DGS10
1969-03-25,6.3,DGS10
1969-03-26,6.32,DGS10
1969-03-27,6.33,DGS10
1969-03-28,6.3,DGS10
1969-03-31,,DGS10
1969-04-01,6.25,DGS10
1969-04-02,6.25,DGS10
1969-04-03,6.26,DGS10
1969-04-04,,DGS10
1969-04-07,6.28,DGS10
1969-04-08,6.25,DGS10
1969-04-09,6.19,DGS10
1969-04-10,6.18,DGS10
1969-04-11,6.15,DGS10
1969-04-14,6.06,DGS10
1969-04-15,6.11,DGS10
1969-04-16,6.1,DGS10
1969-04-17,6.13,DGS10
1969-04-18,6.16,DGS10
1969-04-21,6.14,DGS10
1969-04-22,6.12,DGS10
1969-04-23,6.12,DGS10
1969-04-24,6.14,DGS10
1969-04-25,6.15,DGS10
1969-04-28,6.19,DGS10
1969-04-29,6.21,DGS10
1969-04-30,6.2,DGS10
1969-05-01,6.25,DGS10
1969-05-02,6.23,DGS10
1969-05-05,6.19,DGS10
1969-05-06,6.22,DGS10
1969-05-07,6.22,DGS10
1969-05-08,6.2,DGS10
1969-05-09,6.23,DGS10
1969-05-12,6.27,DGS10
1969-05-13,6.25,DGS10
1969-05-14,6.24,DGS10
1969-05-15,6.26,DGS10
1969-05-16,6.31,DGS10
1969-05-19,6.36,DGS10
1969-05-20,6.36,DGS10
1969-05-21,6.36,DGS10
1969-05-22,6.36,DGS10
1969-05-23,6.38,DGS10
1969-05-26,6.44,DGS10
1969-05-27,6.54,DGS10
1969-05-28,6.56,DGS10
1969-05-29,6.56,DGS10
1969-05-30,,DGS10
1969-06-02,6.56,DGS10
1969-06-03,6.55,DGS10
1969-06-04,6.56,DGS10
1969-06-05,6.54,DGS10
1969-06-06,6.52,DGS10
1969-06-09,6.59,DGS10
1969-06-10,6.56,DGS10
1969-06-11,6.56,DGS10
1969-06-12,6.54,DGS10
1969-06-13,6.51,DGS10
1969-06-16,6.49,DGS10
1969-06-17,6.52,DGS10
1969-06-18,6.53,DGS10
1969-06-19,6.57,DGS10
1969-06-20,6.59,DGS10
1969-06-23,6.6,DGS10
1969-06-24,6.63,DGS10
1969-06-25,6.63,DGS10
1969-06-26,6.62,DGS10
1969-06-27,6.66,DGS10
1969-06-30,6.73,DGS10
1969-07-01,6.75,DGS10
1969-07-02,6.77,DGS10
1969-07-03,6.75,DGS10
1969-07-04,,DGS10
1969-07-07,6.76,DGS10
1969-07-08,6.79,DGS10
1969-07-09,6.82,DGS10
1969-07-10,6.78,DGS10
1969-07-11,6.64,DGS10
1969-07-14,6.69,DGS10
1969-07-15,6.72,DGS10
1969-07-16,6.67,DGS10
1969-07-17,6.69,DGS10
1969-07-18,6.7,DGS10
1969-07-21,,DGS10
1969-07-22,6.66,DGS10
1969-07-23,6.68,DGS10
1969-07-24,6.7,DGS10
1969-07-25,6.71,DGS10
1969-07-28,6.73,DGS10
1969-07-29,6.72,DGS10
1969-07-30,6.72,DGS10
1969-07-31,6.66,DGS10
1969-08-01,6.66,DGS10
1969-08-04,6.63,DGS10
1969-08-05,6.6,DGS10
1969-08-06,6.62,DGS10
1969-08-07,6.63,DGS10
1969-08-08,6.64,DGS10
1969-08-11,6.69,DGS10
1969-08-12,6.7,DGS10
1969-08-13,6.7,DGS10
1969-08-14,6.68,DGS10
1969-08-15,6.68,DGS10
1969-08-18,6.66,DGS10
1969-08-19,6.65,DGS10
1969-08-20,6.66,DGS10
1969-08-21,6.68,DGS10
1969-08-22,6.71,DGS10
1969-08-25,6.72,DGS10
1969-08-26,6.76,DGS10
1969-08-27,6.79,DGS10
1969-08-28,6.83,DGS10
1969-08-29,6.83,DGS10
1969-09-01,,DGS10
1969-09-02,6.87,DGS10
1969-09-03,6.94,DGS10
1969-09-04,6.96,DGS10
1969-09-05,6.99,DGS10
1969-09-08,7.03,DGS10
1969-09-09,7.04,DGS10
1969-09-10,7.02,DGS10
1969-09-11,7.05,DGS10
1969-09-12,7.08,DGS10
1969-09-15,7.09,DGS10
1969-09-16,7.14,DGS10
1969-09-17,7.14,DGS10
1969-09-18,7.27,DGS10
1969-09-19,7.28,DGS10
1969-09-22,7.26,DGS10
1969-09-23,7.26,DGS10
1969-09-24,7.27,DGS10
1969-09-25,7.3,DGS10
1969-09-26,7.4,DGS10
1969-09-29,7.45,DGS10
1969-09-30,7.51,DGS10
1969-10-01,7.52,DGS10
1969-10-02,7.45,DGS10
1969-10-03,7.38,DGS10
1969-10-06,7.35,DGS10
1969-10-07,7.31,DGS10
1969-10-08,7.29,DGS10
1969-10-09,7.3,DGS10
1969-10-10,7.22,DGS10
1969-10-13,,DGS10
1969-10-14,7.1,DGS10
1969-10-15,7.12,DGS10
1969-10-16,7.04,DGS10
1969-10-17,6.99,DGS10
1969-10-20,6.83,DGS10
1969-10-21,6.77,DGS10
1969-10-22,6.8,DGS10
1969-10-23,6.9,DGS10
1969-10-24,6.9,DGS10
1969-10-27,6.93,DGS10
1969-10-28,7.0,DGS10
1969-10-29,7.0,DGS10
1969-10-30,6.96,DGS10
1969-10-31,6.94,DGS10
1969-11-03,6.9,DGS10
1969-11-04,,DGS10
1969-11-05,6.97,DGS10
1969-11-06,7.01,DGS10
1969-11-07,6.99,DGS10
1969-11-10,6.99,DGS10
1969-11-11,,DGS10
1969-11-12,7.06,DGS10
1969-11-13,7.12,DGS10
1969-11-14,7.08,DGS10
1969-11-17,7.13,DGS10
1969-11-18,7.22,DGS10
1969-11-19,7.25,DGS10
1969-11-20,7.31,DGS10
1969-11-21,7.28,DGS10
1969-11-24,7.27,DGS10
1969-11-25,7.28,DGS10
1969-11-26,7.3,DGS10
1969-11-27,,DGS10
1969-11-28,7.29,DGS10
1969-12-01,7.29,DGS10
1969-12-02,7.35,DGS10
1969-12-03,7.39,DGS10
1969-12-04,7.35,DGS10
1969-12-05,7.35,DGS10
1969-12-08,7.4,DGS10
1969-12-09,7.5,DGS10
1969-12-10,7.59,DGS10
1969-12-11,7.62,DGS10
1969-12-12,7.6,DGS10
1969-12-15,7.63,DGS10
1969-12-16,7.72,DGS10
1969-12-17,7.76,DGS10
1969-12-18,7.81,DGS10
1969-12-19,7.79,DGS10
1969-12-22,7.76,DGS10
1969-12-23,7.82,DGS10
1969-12-24,7.89,DGS10
1969-12-25,,DGS10
1969-12-26,7.87,DGS10
1969-12-29,8.05,DGS10
1969-12-30,7.97,DGS10
1969-12-31,7.88,DGS10
1970-01-01,,DGS10
1970-01-02,7.86,DGS10
1970-01-05,7.88,DGS10
1970-01-06,7.96,DGS10
1970-01-07,7.99,DGS10
1970-01-08,7.96,DGS10
1970-01-09,7.86,DGS10
1970-01-12,7.82,DGS10
1970-01-13,7.81,DGS10
1970-01-14,7.86,DGS10
1970-01-15,7.85,DGS10
1970-01-16,7.75,DGS10
1970-01-19,7.69,DGS10
1970-01-20,7.72,DGS10
1970-01-21,7.69,DGS10
1970-01-22,7.67,DGS10
1970-01-23,7.69,DGS10
1970-01-26,7.71,DGS10
1970-01-27,7.7,DGS10
1970-01-28,7.7,DGS10
1970-01-29,7.77,DGS10
1970-01-30,7.75,DGS10
1970-02-02,7.65,DGS10
1970-02-03,7.58,DGS10
1970-02-04,7.5,DGS10
1970-02-05,7.45,DGS10
1970-02-06,7.36,DGS10
1970-02-09,7.28,DGS10
1970-02-10,7.32,DGS10
1970-02-11,7.33,DGS10
1970-02-12,,DGS10
1970-02-13,7.15,DGS10
1970-02-16,7.17,DGS10
1970-02-17,7.15,DGS10
1970-02-18,7.12,DGS10
1970-02-19,7.09,DGS10
1970-02-20,7.12,DGS10
1970-02-23,,DGS10
1970-02-24,7.14,DGS10
1970-02-25,7.04,DGS10
1970-02-26,6.94,DGS10
1970-02-27,6.9,DGS10
1970-03-02,6.95,DGS10
1970-03-03,6.99,DGS10
1970-03-04,6.97,DGS10
1970-03-05,6.98,DGS10
1970-03-06,6.96,DGS10
1970-03-09,6.99,DGS10
1970-03-10,7.04,DGS10
1970-03-11,7.11,DGS10
1970-03-12,7.16,DGS10
1970-03-13,7.23,DGS10
1970-03-16,7.24,DGS10
1970-03-17,7.36,DGS10
1970-03-18,7.28,DGS10
1970-03-19,7.07,DGS10
1970-03-20,7.06,DGS10
1970-03-23,7.05,DGS10
1970-03-24,7.02,DGS10
1970-03-25,6.96,DGS10
1970-03-26,6.98,DGS10
1970-03-27,,DGS10
1970-03-30,7.05,DGS10
1970-03-31,7.08,DGS10
1970-04-01,7.04,DGS10
1970-04-02,7.08,DGS10
1970-04-03,7.14,DGS10
1970-04-06,7.17,DGS10
1970-04-07,7.18,DGS10
1970-04-08,7.17,DGS10
1970-04-09,7.18,DGS10
1970-04-10,7.17,DGS10
1970-04-13,7.2,DGS10
1970-04-14,7.22,DGS10
1970-04-15,7.27,DGS10
1970-04-16,7.34,DGS10
1970-04-17,7.4,DGS10
1970-04-20,7.44,DGS10
1970-04-21,7.5,DGS10
1970-04-22,7.61,DGS10
1970-04-23,7.64,DGS10
1970-04-24,7.72,DGS10
1970-04-27,7.74,DGS10
1970-04-28,7.79,DGS10
1970-04-29,7.78,DGS10
1970-04-30,7.82,DGS10
1970-05-01,7.85,DGS10
1970-05-04,7.94,DGS10
1970-05-05,7.92,DGS10
1970-05-06,7.86,DGS10
1970-05-07,7.82,DGS10
1970-05-08,7.78,DGS10
1970-05-11,7.82,DGS10
1970-05-12,7.84,DGS10
1970-05-13,7.85,DGS10
1970-05-14,7.86,DGS10
1970-05-15,7.83,DGS10
1970-05-18,7.8,DGS10
1970-05-19,7.8,DGS10
1970-05-20,7.85,DGS10
1970-05-21,7.9,DGS10
1970-05-22,7.99,DGS10
1970-05-25,8.15,DGS10
1970-05-26,8.22,DGS10
1970-05-27,8.02,DGS10
1970-05-28,7.98,DGS10
1970-05-29,7.95,DGS10
1970-06-01,7.84,DGS10
1970-06-02,7.78,DGS10
1970-06-03,7.76,DGS10
1970-06-04,7.8,DGS10
1970-06-05,7.88,DGS10
1970-06-08,7.89,DGS10
1970-06-09,7.88,DGS10
1970-06-10,7.87,DGS10
1970-06-11,7.92,DGS10
1970-06-12,7.98,DGS10
1970-06-15,7.98,DGS10
1970-06-16,7.87,DGS10
1970-06-17,7.9,DGS10
1970-06-18,7.9,DGS10
1970-06-19,7.9,DGS10
1970-06-22,7.86,DGS10
1970-06-23,7.79,DGS10
1970-06-24,7.74,DGS10
1970-06-25,7.76,DGS10
1970-06-26,7.78,DGS10
1970-06-29,7.76,DGS10
1970-06-30,7.68,DGS10
1970-07-01,7.64,DGS10
1970-07-02,7.55,DGS10
1970-07-03,,DGS10
1970-07-06,7.49,DGS10
1970-07-07,7.46,DGS10
1970-07-08,7.49,DGS10
1970-07-09,7.49,DGS10
1970-07-10,7.54,DGS10
1970-07-13,7.55,DGS10
1970-07-14,7.53,DGS10
1970-07-15,7.49,DGS10
1970-07-16,7.46,DGS10
1970-07-17,7.45,DGS10
1970-07-20,7.46,DGS10
1970-07-21,7.45,DGS10
1970-07-22,7.43,DGS10
1970-07-23,7.32,DGS10
1970-07-24,7.34,DGS10
1970-07-27,7.36,DGS10
1970-07-28,7.41,DGS10
1970-07-29,7.39,DGS10
1970-07-30,7.38,DGS10
1970-07-31,7.38,DGS10
1970-08-03,7.39,DGS10
1970-08-04,7.4,DGS10
1970-08-05,7.42,DGS10
1970-08-06,7.43,DGS10
1970-08-07,7.45,DGS10
1970-08-10,7.5,DGS10
1970-08-11,7.54,DGS10
1970-08-12,7.56,DGS10
1970-08-13,7.58,DGS10
1970-08-14,7.67,DGS10
1970-08-17,7.71,DGS10
1970-08-18,7.68,DGS10
1970-08-19,7.65,DGS10
1970-08-20,7.64,DGS10
1970-08-21,7.6,DGS10
1970-08-24,7.48,DGS10
1970-08-25,7.46,DGS10
1970-08-26,7.45,DGS10
1970-08-27,7.48,DGS10
1970-08-28,7.49,DGS10
1970-08-31,7.49,DGS10
1970-09-01,7.47,DGS10
1970-09-02,7.48,DGS10
1970-09-03,7.48,DGS10
1970-09-04,7.47,DGS10
1970-09-07,,DGS10
1970-09-08,7.5,DGS10
1970-09-09,7.54,DGS10
1970-09-10,7.52,DGS10
1970-09-11,7.5,DGS10
1970-09-14,7.48,DGS10
1970-09-15,7.46,DGS10
1970-09-16,7.4,DGS10
1970-09-17,7.32,DGS10
1970-09-18,7.31,DGS10
1970-09-21,7.29,DGS10
1970-09-22,7.28,DGS10
1970-09-23,7.24,DGS10
1970-09-24,7.26,DGS10
1970-09-25,7.28,DGS10
1970-09-28,7.31,DGS10
1970-09-29,7.3,DGS10
1970-09-30,7.29,DGS10
1970-10-01,7.29,DGS10
1970-10-02,7.26,DGS10
1970-10-05,7.26,DGS10
1970-10-06,7.24,DGS10
1970-10-07,7.23,DGS10
1970-10-08,7.25,DGS10
1970-10-09,7.25,DGS10
1970-10-12,,DGS10
1970-10-13,7.25,DGS10
1970-10-14,7.3,DGS10
1970-10-15,7.3,DGS10
1970-10-16,7.31,DGS10
1970-10-19,7.35,DGS10
1970-10-20,7.37,DGS10
1970-10-21,7.42,DGS10
1970-10-22,7.46,DGS10
1970-10-23,7.44,DGS10
1970-10-26,7.44,DGS10
1970-10-27,7.42,DGS10
1970-10-28,7.38,DGS10
1970-10-29,7.31,DGS10
1970-10-30,7.33,DGS10
1970-11-02,7.24,DGS10
1970-11-03,,DGS10
1970-11-04,7.23,DGS10
1970-11-05,7.2,DGS10
1970-11-06,7.15,DGS10
1970-11-09,7.06,DGS10
1970-11-10,7.06,DGS10
1970-11-11,,DGS10
1970-11-12,7.03,DGS10
1970-11-13,7.0,DGS10
1970-11-16,6.96,DGS10
1970-11-17,6.93,DGS10
1970-11-18,6.86,DGS10
1970-11-19,6.72,DGS10
1970-11-20,6.48,DGS10
1970-11-23,6.32,DGS10
1970-11-24,6.45,DGS10
1970-11-25,6.48,DGS10
1970-11-26,,DGS10
1970-11-27,6.48,DGS10
1970-11-30,6.49,DGS10
1970-12-01,6.48,DGS10
1970-12-02,6.41,DGS10
1970-12-03,6.31,DGS10
1970-12-04,6.21,DGS10
1970-12-07,6.27,DGS10
1970-12-08,6.29,DGS10
1970-12-09,6.34,DGS10
1970-12-10,6.34,DGS10
1970-12-11,6.31,DGS10
1970-12-14,6.26,DGS10
1970-12-15,6.29,DGS10
1970-12-16,6.29,DGS10
1970-12-17,6.3,DGS10
1970-12-18,6.33,DGS10
1970-12-21,6.45,DGS10
1970-12-22,6.52,DGS10
1970-12-23,6.57,DGS10
1970-12-24,6.53,DGS10
1970-12-25,,DGS10
1970-12-28,6.54,DGS10
1970-12-29,6.56,DGS10
1970-12-30,6.51,DGS10
1970-12-31,6.5,DGS10
1971-01-01,,DGS10
1971-01-04,6.46,DGS10
1971-01-05,6.47,DGS10
1971-01-06,6.47,DGS10
1971-01-07,6.45,DGS10
1971-01-08,6.44,DGS10
1971-01-11,6.39,DGS10
1971-01-12,6.35,DGS10
1971-01-13,6.29,DGS10
1971-01-14,6.22,DGS10
1971-01-15,6.22,DGS10
1971-01-18,6.16,DGS10
1971-01-19,6.17,DGS10
1971-01-20,6.15,DGS10
1971-01-21,6.09,DGS10
1971-01-22,6.06,DGS10
1971-01-25,6.05,DGS10
1971-01-26,6.07,DGS10
1971-01-27,6.09,DGS10
1971-01-28,6.08,DGS10
1971-01-29,6.09,DGS10
1971-02-01,6.09,DGS10
1971-02-02,6.11,DGS10
1971-02-03,6.11,DGS10
1971-02-04,6.1,DGS10
1971-02-05,6.1,DGS10
1971-02-08,6.09,DGS10
1971-02-09,6.07,DGS10
1971-02-10,6.08,DGS10
1971-02-11,6.08,DGS10
1971-02-12,,DGS10
1971-02-15,,DGS10
1971-02-16,6.11,DGS10
1971-02-17,6.11,DGS10
1971-02-18,6.11,DGS10
1971-02-19,6.12,DGS10
1971-02-22,6.15,DGS10
1971-02-23,6.18,DGS10
1971-02-24,6.16,DGS10
1971-02-25,6.11,DGS10
1971-02-26,6.14,DGS10
1971-03-01,6.12,DGS10
1971-03-02,6.09,DGS10
1971-03-03,6.05,DGS10
1971-03-04,6.05,DGS10
1971-03-05,6.03,DGS10
1971-03-08,5.99,DGS10
1971-03-09,5.9,DGS10
1971-03-10,5.8,DGS10
1971-03-11,5.69,DGS10
1971-03-12,5.72,DGS10
1971-03-15,5.7,DGS10
1971-03-16,5.68,DGS10
1971-03-17,5.61,DGS10
1971-03-18,5.55,DGS10
1971-03-19,5.51,DGS10
1971-03-22,5.42,DGS10
1971-03-23,5.38,DGS10
1971-03-24,5.41,DGS10
1971-03-25,5.43,DGS10
1971-03-26,5.48,DGS10
1971-03-29,5.54,DGS10
1971-03-30,5.5,DGS10
1971-03-31,5.53,DGS10
1971-04-01,5.58,DGS10
1971-04-02,5.6,DGS10
1971-04-05,5.63,DGS10
1971-04-06,5.6,DGS10
1971-04-07,5.58,DGS10
1971-04-08,5.62,DGS10
1971-04-09,,DGS10
1971-04-12,5.73,DGS10
1971-04-13,5.72,DGS10
1971-04-14,5.77,DGS10
1971-04-15,5.8,DGS10
1971-04-16,5.82,DGS10
1971-04-19,5.88,DGS10
1971-04-20,5.97,DGS10
1971-04-21,6.04,DGS10
1971-04-22,6.02,DGS10
1971-04-23,6.01,DGS10
1971-04-26,6.0,DGS10
1971-04-27,6.0,DGS10
1971-04-28,5.99,DGS10
1971-04-29,6.07,DGS10
1971-04-30,6.08,DGS10
1971-05-03,6.15,DGS10
1971-05-04,6.25,DGS10
1971-05-05,6.26,DGS10
1971-05-06,6.28,DGS10
1971-05-07,6.25,DGS10
1971-05-10,6.22,DGS10
1971-05-11,6.26,DGS10
1971-05-12,6.35,DGS10
1971-05-13,6.47,DGS10
1971-05-14,6.49,DGS10
1971-05-17,6.57,DGS10
1971-05-18,6.65,DGS10
1971-05-19,6.6,DGS10
1971-05-20,6.49,DGS10
1971-05-21,6.53,DGS10
1971-05-24,6.49,DGS10
1971-05-25,6.44,DGS10
1971-05-26,6.37,DGS10
1971-05-27,6.35,DGS10
1971-05-28,6.38,DGS10
1971-05-31,,DGS10
1971-06-01,6.36,DGS10
1971-06-02,6.24,DGS10
1971-06-03,6.19,DGS10
1971-06-04,6.26,DGS10
1971-06-07,6.34,DGS10
1971-06-08,6.38,DGS10
1971-06-09,6.44,DGS10
1971-06-10,6.48,DGS10
1971-06-11,6.5,DGS10
1971-06-14,6.63,DGS10
1971-06-15,6.73,DGS10
1971-06-16,6.68,DGS10
1971-06-17,6.68,DGS10
1971-06-18,6.58,DGS10
1971-06-21,6.53,DGS10
1971-06-22,6.62,DGS10
1971-06-23,6.61,DGS10
1971-06-24,6.61,DGS10
1971-06-25,6.62,DGS10
1971-06-28,6.64,DGS10
1971-06-29,6.67,DGS10
1971-06-30,6.7,DGS10
1971-07-01,6.69,DGS10
1971-07-02,6.69,DGS10
1971-07-05,,DGS10
1971-07-06,6.68,DGS10
1971-07-07,6.66,DGS10
1971-07-08,6.67,DGS10
1971-07-09,6.68,DGS10
1971-07-12,6.6,DGS10
1971-07-13,6.61,DGS10
1971-07-14,6.6,DGS10
1971-07-15,6.59,DGS10
1971-07-16,6.66,DGS10
1971-07-19,6.71,DGS10
1971-07-20,6.7,DGS10
1971-07-21,6.7,DGS10
1971-07-22,6.79,DGS10
1971-07-23,6.84,DGS10
1971-07-26,6.86,DGS10
1971-07-27,6.91,DGS10
1971-07-28,6.95,DGS10
1971-07-29,6.88,DGS10
1971-07-30,6.85,DGS10
1971-08-02,6.86,DGS10
1971-08-03,6.91,DGS10
1971-08-04,6.89,DGS10
1971-08-05,6.86,DGS10
1971-08-06,6.86,DGS10
1971-08-09,6.88,DGS10
1971-08-10,6.89,DGS10
1971-08-11,6.86,DGS10
1971-08-12,6.8,DGS10
1971-08-13,6.68,DGS10
1971-08-16,6.41,DGS10
1971-08-17,6.3,DGS10
1971-08-18,6.35,DGS10
1971-08-19,6.34,DGS10
1971-08-20,6.37,DGS10
1971-08-23,6.48,DGS10
1971-08-24,6.38,DGS10
1971-08-25,6.4,DGS10
1971-08-26,6.37,DGS10
1971-08-27,6.33,DGS10
1971-08-30,6.32,DGS10
1971-08-31,6.28,DGS10
1971-09-01,6.22,DGS10
1971-09-02,6.17,DGS10
1971-09-03,6.12,DGS10
1971-09-06,,DGS10
1971-09-07,6.07,DGS10
1971-09-08,6.08,DGS10
1971-09-09,6.13,DGS10
1971-09-10,6.12,DGS10
1971-09-13,6.2,DGS10
1971-09-14,6.18,DGS10
1971-09-15,6.17,DGS10
1971-09-16,6.14,DGS10
1971-09-17,6.13,DGS10
1971-09-20,6.15,DGS10
1971-09-21,6.17,DGS10
1971-09-22,6.19,DGS10
1971-09-23,6.2,DGS10
1971-09-24,6.16,DGS10
1971-09-27,6.13,DGS10
1971-09-28,6.12,DGS10
1971-09-29,6.08,DGS10
1971-09-30,6.0,DGS10
1971-10-01,6.0,DGS10
1971-10-04,5.98,DGS10
1971-10-05,6.01,DGS10
1971-10-06,5.98,DGS10
1971-10-07,5.97,DGS10
1971-10-08,5.94,DGS10
1971-10-11,,DGS10
1971-10-12,5.88,DGS10
1971-10-13,5.86,DGS10
1971-10-14,5.88,DGS10
1971-10-15,5.9,DGS10
1971-10-18,5.95,DGS10
1971-10-19,5.96,DGS10
1971-10-20,5.92,DGS10
1971-10-21,5.88,DGS10
1971-10-22,5.9,DGS10
1971-10-25,,DGS10
1971-10-26,5.89,DGS10
1971-10-27,5.92,DGS10
1971-10-28,5.9,DGS10
1971-10-29,5.87,DGS10
1971-11-01,5.8,DGS10
1971-11-02,,DGS10
1971-11-03,5.72,DGS10
1971-11-04,5.72,DGS10
1971-11-05,5.72,DGS10
1971-11-08,5.77,DGS10
1971-11-09,5.77,DGS10
1971-11-10,5.82,DGS10
1971-11-11,5.79,DGS10
1971-11-12,5.77,DGS10
1971-11-15,5.77,DGS10
1971-11-16,5.76,DGS10
1971-11-17,5.75,DGS10
1971-11-18,5.77,DGS10
1971-11-19,5.79,DGS10
1971-11-22,5.82,DGS10
1971-11-23,5.89,DGS10
1971-11-24,5.95,DGS10
1971-11-25,,DGS10
1971-11-26,5.94,DGS10
1971-11-29,5.95,DGS10
1971-11-30,5.93,DGS10
1971-12-01,5.92,DGS10
1971-12-02,5.9,DGS10
1971-12-03,5.88,DGS10
1971-12-06,5.88,DGS10
1971-12-07,5.92,DGS10
1971-12-08,5.92,DGS10
1971-12-09,5.94,DGS10
1971-12-10,5.93,DGS10
1971-12-13,5.9,DGS10
1971-12-14,5.94,DGS10
1971-12-15,5.96,DGS10
1971-12-16,5.95,DGS10
1971-12-17,5.93,DGS10
1971-12-20,5.97,DGS10
1971-12-21,6.0,DGS10
1971-12-22,6.01,DGS10
1971-12-23,5.97,DGS10
1971-12-24,,DGS10
1971-12-27,5.91,DGS10
1971-12-28,5.86,DGS10
1971-12-29,5.9,DGS10
1971-12-30,5.9,DGS10
1971-12-31,5.89,DGS10
1972-01-03,5.94,DGS10
1972-01-04,5.93,DGS10
1972-01-05,5.91,DGS10
1972-01-06,5.9,DGS10
1972-01-07,5.88,DGS10
1972-01-10,5.86,DGS10
1972-01-11,5.88,DGS10
1972-01-12,5.88,DGS10
1972-01-13,5.86,DGS10
1972-01-14,5.85,DGS10
1972-01-17,5.89,DGS10
1972-01-18,5.92,DGS10
1972-01-19,5.96,DGS10
1972-01-20,5.98,DGS10
1972-01-21,5.99,DGS10
1972-01-24,6.02,DGS10
1972-01-25,6.02,DGS10
1972-01-26,6.01,DGS10
1972-01-27,6.05,DGS10
1972-01-28,6.08,DGS10
1972-01-31,6.09,DGS10
1972-02-01,6.09,DGS10
1972-02-02,6.08,DGS10
1972-02-03,6.08,DGS10
1972-02-04,6.08,DGS10
1972-02-07,6.09,DGS10
1972-02-08,6.11,DGS10
1972-02-09,6.12,DGS10
1972-02-10,6.11,DGS10
1972-02-11,6.12,DGS10
1972-02-14,6.1,DGS10
1972-02-15,6.1,DGS10
1972-02-16,6.08,DGS10
1972-02-17,6.06,DGS10
1972-02-18,6.06,DGS10
1972-02-21,,DGS10
1972-02-22,6.06,DGS10
1972-02-23,6.07,DGS10
1972-02-24,6.07,DGS10
1972-02-25,6.06,DGS10
1972-02-28,6.04,DGS10
1972-02-29,6.04,DGS10
1972-03-01,6.04,DGS10
1972-03-02,6.03,DGS10
1972-03-03,6.02,DGS10
1972-03-06,6.01,DGS10
1972-03-07,6.02,DGS10
1972-03-08,6.02,DGS10
1972-03-09,6.02,DGS10
1972-03-10,6.03,DGS10
1972-03-13,6.07,DGS10
1972-03-14,6.06,DGS10
1972-03-15,6.11,DGS10
1972-03-16,6.08,DGS10
1972-03-17,6.08,DGS10
1972-03-20,6.09,DGS10
1972-03-21,6.08,DGS10
1972-03-22,6.08,DGS10
1972-03-23,6.1,DGS10
1972-03-24,6.12,DGS10
1972-03-27,6.1,DGS10
1972-03-28,6.11,DGS10
1972-03-29,6.12,DGS10
1972-03-30,6.12,DGS10
1972-03-31,,DGS10
1972-04-03,6.14,DGS10
1972-04-04,6.18,DGS10
1972-04-05,6.18,DGS10
1972-04-06,6.18,DGS10
1972-04-07,6.18,DGS10
1972-04-10,6.17,DGS10
1972-04-11,6.18,DGS10
1972-04-12,6.21,DGS10
1972-04-13,6.25,DGS10
1972-04-14,6.25,DGS10
1972-04-17,6.24,DGS10
1972-04-18,6.24,DGS10
1972-04-19,6.22,DGS10
1972-04-20,6.21,DGS10
1972-04-21,6.2,DGS10
1972-04-24,6.21,DGS10
1972-04-25,6.21,DGS10
1972-04-26,6.19,DGS10
1972-04-27,6.11,DGS10
1972-04-28,6.14,DGS10
1972-05-01,6.14,DGS10
1972-05-02,6.16,DGS10
1972-05-03,6.17,DGS10
1972-05-04,6.17,DGS10
1972-05-05,6.17,DGS10
1972-05-08,6.17,DGS10
1972-05-09,6.2,DGS10
1972-05-10,6.19,DGS10
1972-05-11,6.19,DGS10
1972-05-12,6.16,DGS10
1972-05-15,6.16,DGS10
1972-05-16,6.16,DGS10
1972-05-17,6.15,DGS10
1972-05-18,6.13,DGS10
1972-05-19,6.1,DGS10
1972-05-22,6.07,DGS10
1972-05-23,6.05,DGS10
1972-05-24,6.06,DGS10
1972-05-25,6.04,DGS10
1972-05-26,6.04,DGS10
1972-05-29,,DGS10
1972-05-30,6.05,DGS10
1972-05-31,6.05,DGS10
1972-06-01,6.07,DGS10
1972-06-02,6.09,DGS10
1972-06-05,6.1,DGS10
1972-06-06,6.13,DGS10
1972-06-07,6.12,DGS10
1972-06-08,6.12,DGS10
1972-06-09,6.11,DGS10
1972-06-12,6.1,DGS10
1972-06-13,6.1,DGS10
1972-06-14,6.1,DGS10
1972-06-15,6.1,DGS10
1972-06-16,6.1,DGS10
1972-06-19,6.08,DGS10
1972-06-20,6.08,DGS10
1972-06-21,6.09,DGS10
1972-06-22,6.11,DGS10
1972-06-23,6.1,DGS10
1972-06-26,6.12,DGS10
1972-06-27,6.12,DGS10
1972-06-28,6.12,DGS10
1972-06-29,6.14,DGS10
1972-06-30,6.15,DGS10
1972-07-03,6.14,DGS10
1972-07-04,,DGS10
1972-07-05,6.13,DGS10
1972-07-06,6.13,DGS10
1972-07-07,6.13,DGS10
1972-07-10,6.13,DGS10
1972-07-11,6.13,DGS10
1972-07-12,6.12,DGS10
1972-07-13,6.11,DGS10
1972-07-14,6.1,DGS10
1972-07-17,6.11,DGS10
1972-07-18,6.11,DGS10
1972-07-19,6.09,DGS10
1972-07-20,6.09,DGS10
1972-07-21,6.1,DGS10
1972-07-24,6.1,DGS10
1972-07-25,6.09,DGS10
1972-07-26,6.08,DGS10
1972-07-27,6.13,DGS10
1972-07-28,6.12,DGS10
1972-07-31,6.12,DGS10
1972-08-01,6.14,DGS10
1972-08-02,6.14,DGS10
1972-08-03,6.15,DGS10
1972-08-04,6.16,DGS10
1972-08-07,6.16,DGS10
1972-08-08,6.15,DGS10
1972-08-09,6.14,DGS10
1972-08-10,6.14,DGS10
1972-08-11,6.14,DGS10
1972-08-14,6.16,DGS10
1972-08-15,6.17,DGS10
1972-08-16,6.18,DGS10
1972-08-17,6.2,DGS10
1972-08-18,6.21,DGS10
1972-08-21,6.21,DGS10
1972-08-22,6.2,DGS10
1972-08-23,6.22,DGS10
1972-08-24,6.23,DGS10
1972-08-25,6.26,DGS10
1972-08-28,6.3,DGS10
1972-08-29,6.34,DGS10
1972-08-30,6.42,DGS10
1972-08-31,6.42,DGS10
1972-09-01,6.43,DGS10
1972-09-04,,DGS10
1972-09-05,6.46,DGS10
1972-09-06,6.49,DGS10
1972-09-07,6.52,DGS10
1972-09-08,6.56,DGS10
1972-09-11,6.54,DGS10
1972-09-12,6.54,DGS10
1972-09-13,6.54,DGS10
1972-09-14,6.57,DGS10
1972-09-15,6.56,DGS10
1972-09-18,6.55,DGS10
1972-09-19,6.55,DGS10
1972-09-20,6.56,DGS10
1972-09-21,6.59,DGS10
1972-09-22,6.62,DGS10
1972-09-25,6.62,DGS10
1972-09-26,6.6,DGS10
1972-09-27,6.59,DGS10
1972-09-28,6.56,DGS10
1972-09-29,6.54,DGS10
1972-10-02,6.54,DGS10
1972-10-03,6.54,DGS10
1972-10-04,6.53,DGS10
1972-10-05,6.53,DGS10
1972-10-06,6.52,DGS10
1972-10-09,,DGS10
1972-10-10,6.48,DGS10
1972-10-11,6.47,DGS10
1972-10-12,6.5,DGS10
1972-10-13,6.5,DGS10
1972-10-16,6.49,DGS10
1972-10-17,6.49,DGS10
1972-10-18,6.49,DGS10
1972-10-19,6.48,DGS10
1972-10-20,6.47,DGS10
1972-10-23,,DGS10
1972-10-24,6.45,DGS10
1972-10-25,6.44,DGS10
1972-10-26,6.42,DGS10
1972-10-27,6.42,DGS10
1972-10-30,6.42,DGS10
1972-10-31,6.41,DGS10
1972-11-01,6.39,DGS10
1972-11-02,6.34,DGS10
1972-11-03,6.3,DGS10
1972-11-06,6.27,DGS10
1972-11-07,,DGS10
1972-11-08,6.3,DGS10
1972-11-09,6.3,DGS10
1972-11-10,6.3,DGS10
1972-11-13,6.27,DGS10
1972-11-14,6.26,DGS10
1972-11-15,6.23,DGS10
1972-11-16,6.24,DGS10
1972-11-17,6.24,DGS10
1972-11-20,6.23,DGS10
1972-11-21,6.26,DGS10
1972-11-22,6.27,DGS10
1972-11-23,,DGS10
1972-11-24,6.27,DGS10
1972-11-27,6.3,DGS10
1972-11-28,6.29,DGS10
1972-11-29,6.27,DGS10
1972-11-30,6.28,DGS10
1972-12-01,6.29,DGS10
1972-12-04,6.3,DGS10
1972-12-05,6.31,DGS10
1972-12-06,6.31,DGS10
1972-12-07,6.31,DGS10
1972-12-08,6.32,DGS10
1972-12-11,6.34,DGS10
1972-12-12,6.35,DGS10
1972-12-13,6.35,DGS10
1972-12-14,6.35,DGS10
1972-12-15,6.35,DGS10
1972-12-18,6.38,DGS10
1972-12-19,6.4,DGS10
1972-12-20,6.4,DGS10
1972-12-21,6.4,DGS10
1972-12-22,6.4,DGS10
1972-12-25,,DGS10
1972-12-26,6.39,DGS10
1972-12-27,6.4,DGS10
1972-12-28,6.41,DGS10
1972-12-29,6.41,DGS10
1973-01-01,,DGS10
1973-01-02,6.43,DGS10
1973-01-03,6.42,DGS10
1973-01-04,6.4,DGS10
1973-01-05,6.42,DGS10
1973-01-08,6.43,DGS10
1973-01-09,6.42,DGS10
1973-01-10,6.43,DGS10
1973-01-11,6.43,DGS10
1973-01-12,6.44,DGS10
1973-01-15,6.44,DGS10
1973-01-16,6.44,DGS10
1973-01-17,6.45,DGS10
1973-01-18,6.46,DGS10
1973-01-19,6.49,DGS10
1973-01-22,6.5,DGS10
1973-01-23,6.48,DGS10
1973-01-24,6.49,DGS10
1973-01-25,6.51,DGS10
1973-01-26,6.53,DGS10
1973-01-29,6.55,DGS10
1973-01-30,6.52,DGS10
1973-01-31,6.54,DGS10
1973-02-01,6.6,DGS10
1973-02-02,6.64,DGS10
1973-02-05,6.64,DGS10
1973-02-06,6.64,DGS10
1973-02-07,6.64,DGS10
1973-02-08,6.66,DGS10
1973-02-09,6.63,DGS10
1973-02-12,,DGS10
1973-02-13,6.61,DGS10
1973-02-14,6.62,DGS10
1973-02-15,6.62,DGS10
1973-02-16,6.63,DGS10
1973-02-19,,DGS10
1973-02-20,6.66,DGS10
1973-02-21,6.66,DGS10
1973-02-22,6.65,DGS10
1973-02-23,6.61,DGS10
1973-02-26,6.65,DGS10
1973-02-27,6.64,DGS10
1973-02-28,6.64,DGS10
1973-03-01,6.65,DGS10
1973-03-02,6.67,DGS10
1973-03-05,6.68,DGS10
1973-03-06,6.68,DGS10
1973-03-07,6.66,DGS10
1973-03-08,6.67,DGS10
1973-03-09,6.68,DGS10
1973-03-12,6.68,DGS10
1973-03-13,6.7,DGS10
1973-03-14,6.71,DGS10
1973-03-15,6.73,DGS10
1973-03-16,6.77,DGS10
1973-03-19,6.75,DGS10
1973-03-20,6.76,DGS10
1973-03-21,6.76,DGS10
1973-03-22,6.76,DGS10
1973-03-23,6.76,DGS10
1973-03-26,6.73,DGS10
1973-03-27,6.72,DGS10
1973-03-28,6.67,DGS10
1973-03-29,6.68,DGS10
1973-03-30,6.73,DGS10
1973-04-02,6.74,DGS10
1973-04-03,6.73,DGS10
1973-04-04,6.7,DGS10
1973-04-05,6.68,DGS10
1973-04-06,6.64,DGS10
1973-04-09,6.62,DGS10
1973-04-10,6.64,DGS10
1973-04-11,6.65,DGS10
1973-04-12,6.66,DGS10
1973-04-13,6.63,DGS10
1973-04-16,6.62,DGS10
1973-04-17,6.64,DGS10
1973-04-18,6.64,DGS10
1973-04-19,6.66,DGS10
1973-04-20,,DGS10
1973-04-23,6.73,DGS10
1973-04-24,6.66,DGS10
1973-04-25,6.66,DGS10
1973-04-26,6.68,DGS10
1973-04-27,6.69,DGS10
1973-04-30,6.7,DGS10
1973-05-01,6.72,DGS10
1973-05-02,6.76,DGS10
1973-05-03,6.77,DGS10
1973-05-04,6.79,DGS10
1973-05-07,6.81,DGS10
1973-05-08,6.8,DGS10
1973-05-09,6.8,DGS10
1973-05-10,6.81,DGS10
1973-05-11,6.82,DGS10
1973-05-14,6.83,DGS10
1973-05-15,6.86,DGS10
1973-05-16,6.84,DGS10
1973-05-17,6.85,DGS10
1973-05-18,6.86,DGS10
1973-05-21,6.89,DGS10
1973-05-22,6.9,DGS10
1973-05-23,6.92,DGS10
1973-05-24,6.91,DGS10
1973-05-25,6.91,DGS10
1973-05-28,,DGS10
1973-05-29,6.93,DGS10
1973-05-30,6.93,DGS10
1973-05-31,6.93,DGS10
1973-06-01,6.96,DGS10
1973-06-04,6.98,DGS10
1973-06-05,6.95,DGS10
1973-06-06,6.89,DGS10
1973-06-07,6.89,DGS10
1973-06-08,6.87,DGS10
1973-06-11,6.87,DGS10
1973-06-12,6.86,DGS10
1973-06-13,6.85,DGS10
1973-06-14,6.85,DGS10
1973-06-15,6.86,DGS10
1973-06-18,6.87,DGS10
1973-06-19,6.87,DGS10
1973-06-20,6.89,DGS10
1973-06-21,6.89,DGS10
1973-06-22,6.91,DGS10
1973-06-25,6.93,DGS10
1973-06-26,6.93,DGS10
1973-06-27,6.92,DGS10
1973-06-28,6.92,DGS10
1973-06-29,6.94,DGS10
1973-07-02,7.01,DGS10
1973-07-03,7.01,DGS10
1973-07-04,,DGS10
1973-07-05,7.01,DGS10
1973-07-06,7.03,DGS10
1973-07-09,7.05,DGS10
1973-07-10,7.05,DGS10
1973-07-11,7.05,DGS10
1973-07-12,7.04,DGS10
1973-07-13,7.05,DGS10
1973-07-16,7.06,DGS10
1973-07-17,7.06,DGS10
1973-07-18,7.07,DGS10
1973-07-19,7.11,DGS10
1973-07-20,7.17,DGS10
1973-07-23,7.17,DGS10
1973-07-24,7.19,DGS10
1973-07-25,7.19,DGS10
1973-07-26,7.28,DGS10
1973-07-27,7.35,DGS10
1973-07-30,7.37,DGS10
1973-07-31,7.43,DGS10
1973-08-01,7.55,DGS10
1973-08-02,7.52,DGS10
1973-08-03,7.53,DGS10
1973-08-06,7.54,DGS10
1973-08-07,7.58,DGS10
1973-08-08,7.52,DGS10
1973-08-09,7.54,DGS10
1973-08-10,7.52,DGS10
1973-08-13,7.47,DGS10
1973-08-14,7.46,DGS10
1973-08-15,7.45,DGS10
1973-08-16,7.37,DGS10
1973-08-17,7.28,DGS10
1973-08-20,7.38,DGS10
1973-08-21,7.36,DGS10
1973-08-22,7.39,DGS10
1973-08-23,7.31,DGS10
1973-08-24,7.23,DGS10
1973-08-27,7.26,DGS10
1973-08-28,7.29,DGS10
1973-08-29,7.26,DGS10
1973-08-30,7.25,DGS10
1973-08-31,7.25,DGS10
1973-09-03,,DGS10
1973-09-04,7.21,DGS10
1973-09-05,7.11,DGS10
1973-09-06,7.1,DGS10
1973-09-07,7.11,DGS10
1973-09-10,7.16,DGS10
1973-09-11,7.19,DGS10
1973-09-12,7.2,DGS10
1973-09-13,7.21,DGS10
1973-09-14,7.21,DGS10
1973-09-17,7.16,DGS10
1973-09-18,7.08,DGS10
1973-09-19,7.1,DGS10
1973-09-20,7.09,DGS10
1973-09-21,7.02,DGS10
1973-09-24,7.0,DGS10
1973-09-25,6.96,DGS10
1973-09-26,6.97,DGS10
1973-09-27,6.94,DGS10
1973-09-28,6.9,DGS10
1973-10-01,6.91,DGS10
1973-10-02,6.89,DGS10
1973-10-03,6.9,DGS10
1973-10-04,6.88,DGS10
1973-10-05,6.86,DGS10
1973-10-08,,DGS10
1973-10-09,6.78,DGS10
1973-10-10,6.77,DGS10
1973-10-11,6.78,DGS10
1973-10-12,6.75,DGS10
1973-10-15,6.77,DGS10
1973-10-16,6.81,DGS10
1973-10-17,6.82,DGS10
1973-10-18,6.81,DGS10
1973-10-19,6.8,DGS10
1973-10-22,,DGS10
1973-10-23,6.8,DGS10
1973-10-24,6.75,DGS10
1973-10-25,6.73,DGS10
1973-10-26,6.72,DGS10
1973-10-29,6.72,DGS10
1973-10-30,6.72,DGS10
1973-10-31,6.71,DGS10
1973-11-01,6.71,DGS10
1973-11-02,6.72,DGS10
1973-11-05,6.74,DGS10
1973-11-06,,DGS10
1973-11-07,6.76,DGS10
1973-11-08,6.77,DGS10
1973-11-09,6.76,DGS10
1973-11-12,6.76,DGS10
1973-11-13,6.76,DGS10
1973-11-14,6.79,DGS10
1973-11-15,6.76,DGS10
1973-11-16,6.72,DGS10
1973-11-19,6.71,DGS10
1973-11-20,6.72,DGS10
1973-11-21,6.71,DGS10
1973-11-22,,DGS10
1973-11-23,6.7,DGS10
1973-11-26,6.69,DGS10
1973-11-27,6.7,DGS10
1973-11-28,6.7,DGS10
1973-11-29,6.7,DGS10
1973-11-30,6.69,DGS10
1973-12-03,6.69,DGS10
1973-12-04,6.69,DGS10
1973-12-05,6.72,DGS10
1973-12-06,6.75,DGS10
1973-12-07,6.74,DGS10
1973-12-10,6.71,DGS10
1973-12-11,6.69,DGS10
1973-12-12,6.69,DGS10
1973-12-13,6.68,DGS10
1973-12-14,6.68,DGS10
1973-12-17,6.67,DGS10
1973-12-18,6.68,DGS10
1973-12-19,6.71,DGS10
1973-12-20,6.73,DGS10
1973-12-21,6.78,DGS10
1973-12-24,,DGS10
1973-12-25,,DGS10
1973-12-26,6.83,DGS10
1973-12-27,6.88,DGS10
1973-12-28,6.91,DGS10
1973-12-31,6.9,DGS10
1974-01-01,,DGS10
1974-01-02,6.94,DGS10
1974-01-03,6.96,DGS10
1974-01-04,6.94,DGS10
1974-01-07,6.96,DGS10
1974-01-08,6.96,DGS10
1974-01-09,6.96,DGS10
1974-01-10,7.0,DGS10
1974-01-11,7.01,DGS10
1974-01-14,7.01,DGS10
1974-01-15,6.99,DGS10
1974-01-16,6.99,DGS10
1974-01-17,6.97,DGS10
1974-01-18,6.98,DGS10
1974-01-21,6.99,DGS10
1974-01-22,7.0,DGS10
1974-01-23,7.01,DGS10
1974-01-24,7.02,DGS10
1974-01-25,7.02,DGS10
1974-01-28,7.01,DGS10
1974-01-29,7.02,DGS10
1974-01-30,7.01,DGS10
1974-01-31,7.0,DGS10
1974-02-01,7.0,DGS10
1974-02-04,6.98,DGS10
1974-02-05,6.95,DGS10
1974-02-06,6.93,DGS10
1974-02-07,6.93,DGS10
1974-02-08,6.93,DGS10
1974-02-11,6.93,DGS10
1974-02-12,,DGS10
1974-02-13,6.93,DGS10
1974-02-14,6.93,DGS10
1974-02-15,6.93,DGS10
1974-02-18,,DGS10
1974-02-19,6.93,DGS10
1974-02-20,6.96,DGS10
1974-02-21,6.98,DGS10
1974-02-22,6.97,DGS10
1974-02-25,6.96,DGS10
1974-02-26,6.98,DGS10
1974-02-27,7.0,DGS10
1974-02-28,7.01,DGS10
1974-03-01,7.08,DGS10
1974-03-04,7.09,DGS10
1974-03-05,7.1,DGS10
1974-03-06,7.09,DGS10
1974-03-07,7.06,DGS10
1974-03-08,7.06,DGS10
1974-03-11,7.08,DGS10
1974-03-12,7.09,DGS10
1974-03-13,7.13,DGS10
1974-03-14,7.13,DGS10
1974-03-15,7.18,DGS10
1974-03-18,7.23,DGS10
1974-03-19,7.24,DGS10
1974-03-20,7.27,DGS10
1974-03-21,7.3,DGS10
1974-03-22,7.35,DGS10
1974-03-25,7.39,DGS10
1974-03-26,7.38,DGS10
1974-03-27,7.35,DGS10
1974-03-28,7.38,DGS10
1974-03-29,7.41,DGS10
1974-04-01,7.42,DGS10
1974-04-02,7.43,DGS10
1974-04-03,7.43,DGS10
1974-04-04,7.51,DGS10
1974-04-05,7.54,DGS10
1974-04-08,7.5,DGS10
1974-04-09,7.49,DGS10
1974-04-10,7.46,DGS10
1974-04-11,7.45,DGS10
1974-04-12,,DGS10
1974-04-15,7.42,DGS10
1974-04-16,7.43,DGS10
1974-04-17,7.45,DGS10
1974-04-18,7.5,DGS10
1974-04-19,7.51,DGS10
1974-04-22,7.52,DGS10
1974-04-23,7.54,DGS10
1974-04-24,7.58,DGS10
1974-04-25,7.63,DGS10
1974-04-26,7.64,DGS10
1974-04-29,7.65,DGS10
1974-04-30,7.66,DGS10
1974-05-01,7.62,DGS10
1974-05-02,7.58,DGS10
1974-05-03,7.65,DGS10
1974-05-06,7.65,DGS10
1974-05-07,7.65,DGS10
1974-05-08,7.65,DGS10
1974-05-09,7.7,DGS10
1974-05-10,7.63,DGS10
1974-05-13,7.54,DGS10
1974-05-14,7.57,DGS10
1974-05-15,7.55,DGS10
1974-05-16,7.54,DGS10
1974-05-17,7.57,DGS10
1974-05-20,7.58,DGS10
1974-05-21,7.57,DGS10
1974-05-22,7.56,DGS10
1974-05-23,7.52,DGS10
1974-05-24,7.49,DGS10
1974-05-27,,DGS10
1974-05-28,7.5,DGS10
1974-05-29,7.52,DGS10
1974-05-30,7.51,DGS10
1974-05-31,7.52,DGS10
1974-06-03,7.53,DGS10
1974-06-04,7.52,DGS10
1974-06-05,7.52,DGS10
1974-06-06,7.5,DGS10
1974-06-07,7.46,DGS10
1974-06-10,7.47,DGS10
1974-06-11,7.48,DGS10
1974-06-12,7.5,DGS10
1974-06-13,7.5,DGS10
1974-06-14,7.5,DGS10
1974-06-17,7.49,DGS10
1974-06-18,7.52,DGS10
1974-06-19,7.52,DGS10
1974-06-20,7.55,DGS10
1974-06-21,7.55,DGS10
1974-06-24,7.58,DGS10
1974-06-25,7.62,DGS10
1974-06-26,7.62,DGS10
1974-06-27,7.64,DGS10
1974-06-28,7.64,DGS10
1974-07-01,7.65,DGS10
1974-07-02,7.65,DGS10
1974-07-03,7.7,DGS10
1974-07-04,,DGS10
1974-07-05,7.71,DGS10
1974-07-08,7.77,DGS10
1974-07-09,7.81,DGS10
1974-07-10,7.82,DGS10
1974-07-11,7.84,DGS10
1974-07-12,7.85,DGS10
1974-07-15,7.86,DGS10
1974-07-16,7.88,DGS10
1974-07-17,7.91,DGS10
1974-07-18,7.9,DGS10
1974-07-19,7.87,DGS10
1974-07-22,7.77,DGS10
1974-07-23,7.79,DGS10
1974-07-24,7.76,DGS10
1974-07-25,7.75,DGS10
1974-07-26,7.79,DGS10
1974-07-29,7.85,DGS10
1974-07-30,7.89,DGS10
1974-07-31,7.89,DGS10
1974-08-01,7.92,DGS10
1974-08-02,7.96,DGS10
1974-08-05,7.99,DGS10
1974-08-06,7.97,DGS10
1974-08-07,7.97,DGS10
1974-08-08,7.97,DGS10
1974-08-09,8.03,DGS10
1974-08-12,8.05,DGS10
1974-08-13,8.06,DGS10
1974-08-14,8.05,DGS10
1974-08-15,8.02,DGS10
1974-08-16,8.0,DGS10
1974-08-19,7.98,DGS10
1974-08-20,7.99,DGS10
1974-08-21,8.05,DGS10
1974-08-22,8.09,DGS10
1974-08-23,8.15,DGS10
1974-08-26,8.16,DGS10
1974-08-27,8.15,DGS10
1974-08-28,8.15,DGS10
1974-08-29,8.15,DGS10
1974-08-30,8.11,DGS10
1974-09-02,,DGS10
1974-09-03,8.11,DGS10
1974-09-04,8.12,DGS10
1974-09-05,8.1,DGS10
1974-09-06,8.09,DGS10
1974-09-09,8.02,DGS10
1974-09-10,8.04,DGS10
1974-09-11,8.05,DGS10
1974-09-12,8.13,DGS10
1974-09-13,8.13,DGS10
1974-09-16,8.1,DGS10
1974-09-17,8.09,DGS10
1974-09-18,8.08,DGS10
1974-09-19,8.04,DGS10
1974-09-20,8.02,DGS10
1974-09-23,7.91,DGS10
1974-09-24,7.94,DGS10
1974-09-25,7.94,DGS10
1974-09-26,7.96,DGS10
1974-09-27,7.94,DGS10
1974-09-30,7.94,DGS10
1974-10-01,7.97,DGS10
1974-10-02,7.98,DGS10
1974-10-03,8.04,DGS10
1974-10-04,8.02,DGS10
1974-10-07,8.01,DGS10
1974-10-08,7.95,DGS10
1974-10-09,7.95,DGS10
1974-10-10,7.93,DGS10
1974-10-11,7.88,DGS10
1974-10-14,,DGS10
1974-10-15,7.87,DGS10
1974-10-16,7.87,DGS10
1974-10-17,7.88,DGS10
1974-10-18,7.86,DGS10
1974-10-21,7.81,DGS10
1974-10-22,7.81,DGS10
1974-10-23,7.85,DGS10
1974-10-24,7.87,DGS10
1974-10-25,7.86,DGS10
1974-10-28,7.88,DGS10
1974-10-29,7.84,DGS10
1974-10-30,7.81,DGS10
1974-10-31,7.79,DGS10
1974-11-01,7.8,DGS10
1974-11-04,7.8,DGS10
1974-11-05,,DGS10
1974-11-06,7.76,DGS10
1974-11-07,7.74,DGS10
1974-11-08,7.72,DGS10
1974-11-11,,DGS10
1974-11-12,7.78,DGS10
1974-11-13,7.75,DGS10
1974-11-14,7.72,DGS10
1974-11-15,7.61,DGS10
1974-11-18,7.63,DGS10
1974-11-19,7.63,DGS10
1974-11-20,7.59,DGS10
1974-11-21,7.6,DGS10
1974-11-22,7.6,DGS10
1974-11-25,7.62,DGS10
1974-11-26,7.63,DGS10
1974-11-27,7.64,DGS10
1974-11-28,,DGS10
1974-11-29,7.64,DGS10
1974-12-02,7.71,DGS10
1974-12-03,7.74,DGS10
1974-12-04,7.68,DGS10
1974-12-05,7.64,DGS10
1974-12-06,7.59,DGS10
1974-12-09,7.4,DGS10
1974-12-10,7.42,DGS10
1974-12-11,7.38,DGS10
1974-12-12,7.39,DGS10
1974-12-13,7.38,DGS10
1974-12-16,7.34,DGS10
1974-12-17,7.28,DGS10
1974-12-18,7.25,DGS10
1974-12-19,7.25,DGS10
1974-12-20,7.27,DGS10
1974-12-23,7.41,DGS10
1974-12-24,7.43,DGS10
1974-12-25,,DGS10
1974-12-26,7.37,DGS10
1974-12-27,7.39,DGS10
1974-12-30,7.39,DGS10
1974-12-31,7.4,DGS10
1975-01-01,,DGS10
1975-01-02,7.42,DGS10
1975-01-03,7.43,DGS10
1975-01-06,7.39,DGS10
1975-01-07,7.38,DGS10
1975-01-08,7.39,DGS10
1975-01-09,7.35,DGS10
1975-01-10,7.37,DGS10
1975-01-13,7.46,DGS10
1975-01-14,7.49,DGS10
1975-01-15,7.54,DGS10
1975-01-16,7.54,DGS10
1975-01-17,7.53,DGS10
1975-01-20,7.59,DGS10
1975-01-21,7.55,DGS10
1975-01-22,7.51,DGS10
1975-01-23,7.57,DGS10
1975-01-24,7.64,DGS10
1975-01-27,7.61,DGS10
1975-01-28,7.61,DGS10
1975-01-29,7.59,DGS10
1975-01-30,7.54,DGS10
1975-01-31,7.53,DGS10
1975-02-03,7.49,DGS10
1975-02-04,7.47,DGS10
1975-02-05,7.35,DGS10
1975-02-06,7.43,DGS10
1975-02-07,7.38,DGS10
1975-02-10,7.45,DGS10
1975-02-11,7.42,DGS10
1975-02-12,,DGS10
1975-02-13,7.44,DGS10
1975-02-14,7.35,DGS10
1975-02-17,,DGS10
1975-02-18,7.28,DGS10
1975-02-19,7.26,DGS10
1975-02-20,7.3,DGS10
1975-02-21,7.22,DGS10
1975-02-24,7.36,DGS10
1975-02-25,7.43,DGS10
1975-02-26,7.5,DGS10
1975-02-27,7.47,DGS10
1975-02-28,7.46,DGS10
1975-03-03,7.5,DGS10
1975-03-04,7.53,DGS10
1975-03-05,7.48,DGS10
1975-03-06,7.49,DGS10
1975-03-07,7.52,DGS10
1975-03-10,7.56,DGS10
1975-03-11,7.58,DGS10
1975-03-12,7.58,DGS10
1975-03-13,7.56,DGS10
1975-03-14,7.58,DGS10
1975-03-17,7.7,DGS10
1975-03-18,7.7,DGS10
1975-03-19,7.8,DGS10
1975-03-20,7.95,DGS10
1975-03-21,7.84,DGS10
1975-03-24,8.05,DGS10
1975-03-25,8.03,DGS10
1975-03-26,8.02,DGS10
1975-03-27,8.08,DGS10
1975-03-28,,DGS10
1975-03-31,8.01,DGS10
1975-04-01,8.08,DGS10
1975-04-02,8.22,DGS10
1975-04-03,8.13,DGS10
1975-04-04,8.15,DGS10
1975-04-07,8.26,DGS10
1975-04-08,8.21,DGS10
1975-04-09,8.17,DGS10
1975-04-10,8.19,DGS10
1975-04-11,8.22,DGS10
1975-04-14,8.16,DGS10
1975-04-15,8.16,DGS10
1975-04-16,8.15,DGS10
1975-04-17,8.21,DGS10
1975-04-18,8.27,DGS10
1975-04-21,8.32,DGS10
1975-04-22,8.32,DGS10
1975-04-23,8.27,DGS10
1975-04-24,8.25,DGS10
1975-04-25,8.25,DGS10
1975-04-28,8.35,DGS10
1975-04-29,8.34,DGS10
1975-04-30,8.31,DGS10
1975-05-01,8.31,DGS10
1975-05-02,8.11,DGS10
1975-05-05,8.08,DGS10
1975-05-06,8.11,DGS10
1975-05-07,8.07,DGS10
1975-05-08,8.09,DGS10
1975-05-09,8.08,DGS10
1975-05-12,8.07,DGS10
1975-05-13,8.06,DGS10
1975-05-14,8.02,DGS10
1975-05-15,8.02,DGS10
1975-05-16,8.01,DGS10
1975-05-19,8.0,DGS10
1975-05-20,7.98,DGS10
1975-05-21,7.98,DGS10
1975-05-22,8.02,DGS10
1975-05-23,8.02,DGS10
1975-05-26,,DGS10
1975-05-27,7.98,DGS10
1975-05-28,8.02,DGS10
1975-05-29,8.18,DGS10
1975-05-30,8.04,DGS10
1975-06-02,8.02,DGS10
1975-06-03,8.0,DGS10
1975-06-04,7.99,DGS10
1975-06-05,7.97,DGS10
1975-06-06,7.88,DGS10
1975-06-09,7.78,DGS10
1975-06-10,7.77,DGS10
1975-06-11,7.65,DGS10
1975-06-12,7.67,DGS10
1975-06-13,7.69,DGS10
1975-06-16,7.66,DGS10
1975-06-17,7.72,DGS10
1975-06-18,7.83,DGS10
1975-06-19,7.8,DGS10
1975-06-20,7.94,DGS10
1975-06-23,7.9,DGS10
1975-06-24,7.9,DGS10
1975-06-25,8.02,DGS10
1975-06-26,7.98,DGS10
1975-06-27,7.95,DGS10
1975-06-30,7.96,DGS10
1975-07-01,7.97,DGS10
1975-07-02,8.05,DGS10
1975-07-03,8.05,DGS10
1975-07-04,,DGS10
1975-07-07,8.06,DGS10
1975-07-08,8.01,DGS10
1975-07-09,8.02,DGS10
1975-07-10,8.02,DGS10
1975-07-11,7.99,DGS10
1975-07-14,7.99,DGS10
1975-07-15,7.98,DGS10
1975-07-16,8.03,DGS10
1975-07-17,8.04,DGS10
1975-07-18,8.06,DGS10
1975-07-21,8.07,DGS10
1975-07-22,8.1,DGS10
1975-07-23,8.09,DGS10
1975-07-24,8.09,DGS10
1975-07-25,8.12,DGS10
1975-07-28,8.12,DGS10
1975-07-29,8.13,DGS10
1975-07-30,8.16,DGS10
1975-07-31,8.2,DGS10
1975-08-01,8.26,DGS10
1975-08-04,8.37,DGS10
1975-08-05,8.37,DGS10
1975-08-06,8.4,DGS10
1975-08-07,8.48,DGS10
1975-08-08,8.4,DGS10
1975-08-11,8.38,DGS10
1975-08-12,8.4,DGS10
1975-08-13,8.39,DGS10
1975-08-14,8.45,DGS10
1975-08-15,8.48,DGS10
1975-08-18,8.46,DGS10
1975-08-19,8.42,DGS10
1975-08-20,8.42,DGS10
1975-08-21,8.48,DGS10
1975-08-22,8.46,DGS10
1975-08-25,8.46,DGS10
1975-08-26,8.4,DGS10
1975-08-27,8.37,DGS10
1975-08-28,8.28,DGS10
1975-08-29,8.22,DGS10
1975-09-01,,DGS10
1975-09-02,8.26,DGS10
1975-09-03,8.29,DGS10
1975-09-04,8.29,DGS10
1975-09-05,8.35,DGS10
1975-09-08,8.36,DGS10
1975-09-09,8.4,DGS10
1975-09-10,8.46,DGS10
1975-09-11,8.55,DGS10
1975-09-12,8.57,DGS10
1975-09-15,8.58,DGS10
1975-09-16,8.59,DGS10
1975-09-17,8.53,DGS10
1975-09-18,8.5,DGS10
1975-09-19,8.42,DGS10
1975-09-22,8.38,DGS10
1975-09-23,8.35,DGS10
1975-09-24,8.31,DGS10
1975-09-25,8.38,DGS10
1975-09-26,8.45,DGS10
1975-09-29,8.46,DGS10
1975-09-30,8.48,DGS10
1975-10-01,8.47,DGS10
1975-10-02,8.44,DGS10
1975-10-03,8.33,DGS10
1975-10-06,8.3,DGS10
1975-10-07,8.33,DGS10
1975-10-08,8.3,DGS10
1975-10-09,8.23,DGS10
1975-10-10,8.15,DGS10
1975-10-13,,DGS10
1975-10-14,8.19,DGS10
1975-10-15,8.19,DGS10
1975-10-16,8.07,DGS10
1975-10-17,8.07,DGS10
1975-10-20,8.07,DGS10
1975-10-21,8.05,DGS10
1975-10-22,8.05,DGS10
1975-10-23,7.99,DGS10
1975-10-24,8.0,DGS10
1975-10-27,8.0,DGS10
1975-10-28,7.99,DGS10
1975-10-29,7.98,DGS10
1975-10-30,7.92,DGS10
1975-10-31,7.91,DGS10
1975-11-03,7.97,DGS10
1975-11-04,,DGS10
1975-11-05,7.91,DGS10
1975-11-06,7.94,DGS10
1975-11-07,7.91,DGS10
1975-11-10,7.9,DGS10
1975-11-11,,DGS10
1975-11-12,7.95,DGS10
1975-11-13,7.97,DGS10
1975-11-14,8.06,DGS10
1975-11-17,8.08,DGS10
1975-11-18,8.13,DGS10
1975-11-19,8.14,DGS10
1975-11-20,8.12,DGS10
1975-11-21,8.21,DGS10
1975-11-24,8.16,DGS10
1975-11-25,8.16,DGS10
1975-11-26,8.15,DGS10
1975-11-27,,DGS10
1975-11-28,8.14,DGS10
1975-12-01,8.12,DGS10
1975-12-02,8.1,DGS10
1975-12-03,8.1,DGS10
1975-12-04,8.15,DGS10
1975-12-05,8.13,DGS10
1975-12-08,8.19,DGS10
1975-12-09,8.23,DGS10
1975-12-10,8.23,DGS10
1975-12-11,8.16,DGS10
1975-12-12,8.12,DGS10
1975-12-15,8.06,DGS10
1975-12-16,8.0,DGS10
1975-12-17,7.95,DGS10
1975-12-18,7.96,DGS10
1975-12-19,7.88,DGS10
1975-12-22,7.87,DGS10
1975-12-23,7.87,DGS10
1975-12-24,7.82,DGS10
1975-12-25,,DGS10
1975-12-26,7.75,DGS10
1975-12-29,7.75,DGS10
1975-12-30,7.73,DGS10
1975-12-31,7.76,DGS10
1976-01-01,,DGS10
1976-01-02,7.77,DGS10
1976-01-05,7.74,DGS10
1976-01-06,7.64,DGS10
1976-01-07,7.69,DGS10
1976-01-08,7.74,DGS10
1976-01-09,7.64,DGS10
1976-01-12,7.63,DGS10
1976-01-13,7.64,DGS10
1976-01-14,7.71,DGS10
1976-01-15,7.73,DGS10
1976-01-16,7.79,DGS10
1976-01-19,7.76,DGS10
1976-01-20,7.71,DGS10
1976-01-21,7.78,DGS10
1976-01-22,7.8,DGS10
1976-01-23,7.78,DGS10
1976-01-26,7.79,DGS10
1976-01-27,7.8,DGS10
1976-01-28,7.83,DGS10
1976-01-29,7.82,DGS10
1976-01-30,7.8,DGS10
1976-02-02,7.8,DGS10
1976-02-03,7.82,DGS10
1976-02-04,7.85,DGS10
1976-02-05,7.83,DGS10
1976-02-06,7.88,DGS10
1976-02-09,7.86,DGS10
1976-02-10,7.88,DGS10
1976-02-11,7.85,DGS10
1976-02-12,,DGS10
1976-02-13,7.82,DGS10
1976-02-16,,DGS10
1976-02-17,7.78,DGS10
1976-02-18,7.79,DGS10
1976-02-19,7.8,DGS10
1976-02-20,7.77,DGS10
1976-02-23,7.72,DGS10
1976-02-24,7.69,DGS10
1976-02-25,7.68,DGS10
1976-02-26,7.68,DGS10
1976-02-27,7.77,DGS10
1976-03-01,7.86,DGS10
1976-03-02,7.82,DGS10
1976-03-03,7.82,DGS10
1976-03-04,7.85,DGS10
1976-03-05,7.8,DGS10
1976-03-08,7.76,DGS10
1976-03-09,7.78,DGS10
1976-03-10,7.76,DGS10
1976-03-11,7.77,DGS10
1976-03-12,7.71,DGS10
1976-03-15,7.74,DGS10
1976-03-16,7.76,DGS10
1976-03-17,7.76,DGS10
1976-03-18,7.73,DGS10
1976-03-19,7.74,DGS10
1976-03-22,7.68,DGS10
1976-03-23,7.67,DGS10
1976-03-24,7.65,DGS10
1976-03-25,7.64,DGS10
1976-03-26,7.64,DGS10
1976-03-29,7.64,DGS10
1976-03-30,7.65,DGS10
1976-03-31,7.66,DGS10
1976-04-01,7.68,DGS10
1976-04-02,7.67,DGS10
1976-04-05,7.62,DGS10
1976-04-06,7.59,DGS10
1976-04-07,7.56,DGS10
1976-04-08,7.55,DGS10
1976-04-09,7.52,DGS10
1976-04-12,7.52,DGS10
1976-04-13,7.5,DGS10
1976-04-14,7.47,DGS10
1976-04-15,7.47,DGS10
1976-04-16,,DGS10
1976-04-19,7.51,DGS10
1976-04-20,7.5,DGS10
1976-04-21,7.47,DGS10
1976-04-22,7.52,DGS10
1976-04-23,7.59,DGS10
1976-04-26,7.61,DGS10
1976-04-27,7.62,DGS10
1976-04-28,7.6,DGS10
1976-04-29,7.61,DGS10
1976-04-30,7.67,DGS10
1976-05-03,7.69,DGS10
1976-05-04,7.66,DGS10
1976-05-05,7.68,DGS10
1976-05-06,7.78,DGS10
1976-05-07,7.87,DGS10
1976-05-10,7.92,DGS10
1976-05-11,7.92,DGS10
1976-05-12,7.94,DGS10
1976-05-13,7.92,DGS10
1976-05-14,7.93,DGS10
1976-05-17,7.94,DGS10
1976-05-18,7.94,DGS10
1976-05-19,7.94,DGS10
1976-05-20,7.95,DGS10
1976-05-21,8.0,DGS10
1976-05-24,7.98,DGS10
1976-05-25,7.94,DGS10
1976-05-26,7.95,DGS10
1976-05-27,7.99,DGS10
1976-05-28,7.96,DGS10
1976-05-31,,DGS10
1976-06-01,7.94,DGS10
1976-06-02,7.94,DGS10
1976-06-03,7.92,DGS10
1976-06-04,7.89,DGS10
1976-06-07,7.88,DGS10
1976-06-08,7.9,DGS10
1976-06-09,7.9,DGS10
1976-06-10,7.86,DGS10
1976-06-11,7.86,DGS10
1976-06-14,7.84,DGS10
1976-06-15,7.85,DGS10
1976-06-16,7.87,DGS10
1976-06-17,7.85,DGS10
1976-06-18,7.81,DGS10
1976-06-21,7.8,DGS10
1976-06-22,7.81,DGS10
1976-06-23,7.81,DGS10
1976-06-24,7.81,DGS10
1976-06-25,7.83,DGS10
1976-06-28,7.86,DGS10
1976-06-29,7.86,DGS10
1976-06-30,7.86,DGS10
1976-07-01,7.88,DGS10
1976-07-02,7.84,DGS10
1976-07-05,,DGS10
1976-07-06,7.82,DGS10
1976-07-07,7.84,DGS10
1976-07-08,7.82,DGS10
1976-07-09,7.78,DGS10
1976-07-12,7.76,DGS10
1976-07-13,7.77,DGS10
1976-07-14,7.79,DGS10
1976-07-15,7.77,DGS10
1976-07-16,7.83,DGS10
1976-07-19,7.86,DGS10
1976-07-20,7.87,DGS10
1976-07-21,7.86,DGS10
1976-07-22,7.86,DGS10
1976-07-23,7.84,DGS10
1976-07-26,7.87,DGS10
1976-07-27,7.85,DGS10
1976-07-28,7.85,DGS10
1976-07-29,7.85,DGS10
1976-07-30,7.86,DGS10
1976-08-02,7.85,DGS10
1976-08-03,7.82,DGS10
1976-08-04,7.81,DGS10
1976-08-05,7.82,DGS10
1976-08-06,7.84,DGS10
1976-08-09,7.84,DGS10
1976-08-10,7.84,DGS10
1976-08-11,7.82,DGS10
1976-08-12,7.81,DGS10
1976-08-13,7.78,DGS10
1976-08-16,7.74,DGS10
1976-08-17,7.75,DGS10
1976-08-18,7.76,DGS10
1976-08-19,7.76,DGS10
1976-08-20,7.76,DGS10
1976-08-23,7.73,DGS10
1976-08-24,7.72,DGS10
1976-08-25,7.69,DGS10
1976-08-26,7.68,DGS10
1976-08-27,7.72,DGS10
1976-08-30,7.71,DGS10
1976-08-31,7.66,DGS10
1976-09-01,7.64,DGS10
1976-09-02,7.67,DGS10
1976-09-03,7.65,DGS10
1976-09-06,,DGS10
1976-09-07,7.64,DGS10
1976-09-08,7.64,DGS10
1976-09-09,7.66,DGS10
1976-09-10,7.64,DGS10
1976-09-13,7.64,DGS10
1976-09-14,7.64,DGS10
1976-09-15,7.62,DGS10
1976-09-16,7.6,DGS10
1976-09-17,7.49,DGS10
1976-09-20,7.52,DGS10
1976-09-21,7.51,DGS10
1976-09-22,7.53,DGS10
1976-09-23,7.54,DGS10
1976-09-24,7.58,DGS10
1976-09-27,7.6,DGS10
1976-09-28,7.56,DGS10
1976-09-29,7.56,DGS10
1976-09-30,7.55,DGS10
1976-10-01,7.49,DGS10
1976-10-04,7.46,DGS10
1976-10-05,7.47,DGS10
1976-10-06,7.44,DGS10
1976-10-07,7.43,DGS10
1976-10-08,7.38,DGS10
1976-10-11,,DGS10
1976-10-12,7.35,DGS10
1976-10-13,7.35,DGS10
1976-10-14,7.34,DGS10
1976-10-15,7.31,DGS10
1976-10-18,7.31,DGS10
1976-10-19,7.35,DGS10
1976-10-20,7.38,DGS10
1976-10-21,7.39,DGS10
1976-10-22,7.48,DGS10
1976-10-25,7.53,DGS10
1976-10-26,7.48,DGS10
1976-10-27,7.45,DGS10
1976-10-28,7.41,DGS10
1976-10-29,7.42,DGS10
1976-11-01,7.38,DGS10
1976-11-02,,DGS10
1976-11-03,7.44,DGS10
1976-11-04,7.38,DGS10
1976-11-05,7.41,DGS10
1976-11-08,7.46,DGS10
1976-11-09,7.46,DGS10
1976-11-10,7.45,DGS10
1976-11-11,,DGS10
1976-11-12,7.43,DGS10
1976-11-15,7.41,DGS10
1976-11-16,7.33,DGS10
1976-11-17,7.32,DGS10
1976-11-18,7.33,DGS10
1976-11-19,7.24,DGS10
1976-11-22,7.17,DGS10
1976-11-23,7.16,DGS10
1976-11-24,7.14,DGS10
1976-11-25,,DGS10
1976-11-26,6.99,DGS10
1976-11-29,7.02,DGS10
1976-11-30,7.01,DGS10
1976-12-01,6.97,DGS10
1976-12-02,6.92,DGS10
1976-12-03,6.86,DGS10
1976-12-06,6.87,DGS10
1976-12-07,6.88,DGS10
1976-12-08,6.91,DGS10
1976-12-09,6.92,DGS10
1976-12-10,6.82,DGS10
1976-12-13,6.9,DGS10
1976-12-14,6.89,DGS10
1976-12-15,6.88,DGS10
1976-12-16,6.88,DGS10
1976-12-17,6.88,DGS10
1976-12-20,6.84,DGS10
1976-12-21,6.85,DGS10
1976-12-22,6.86,DGS10
1976-12-23,6.84,DGS10
1976-12-24,,DGS10
1976-12-27,6.84,DGS10
1976-12-28,6.86,DGS10
1976-12-29,6.84,DGS10
1976-12-30,6.8,DGS10
1976-12-31,6.81,DGS10
1977-01-03,6.84,DGS10
1977-01-04,6.9,DGS10
1977-01-05,6.88,DGS10
1977-01-06,6.93,DGS10
1977-01-07,7.07,DGS10
1977-01-10,7.2,DGS10
1977-01-11,7.28,DGS10
1977-01-12,7.26,DGS10
1977-01-13,7.18,DGS10
1977-01-14,7.28,DGS10
1977-01-17,7.28,DGS10
1977-01-18,7.34,DGS10
1977-01-19,7.28,DGS10
1977-01-20,7.26,DGS10
1977-01-21,7.28,DGS10
1977-01-24,7.34,DGS10
1977-01-25,7.32,DGS10
1977-01-26,7.33,DGS10
1977-01-27,7.43,DGS10
1977-01-28,7.4,DGS10
1977-01-31,7.4,DGS10
1977-02-01,7.41,DGS10
1977-02-02,7.47,DGS10
1977-02-03,7.46,DGS10
1977-02-04,7.28,DGS10
1977-02-07,7.34,DGS10
1977-02-08,7.35,DGS10
1977-02-09,7.34,DGS10
1977-02-10,7.34,DGS10
1977-02-11,7.36,DGS10
1977-02-14,7.38,DGS10
1977-02-15,7.36,DGS10
1977-02-16,7.34,DGS10
1977-02-17,7.26,DGS10
1977-02-18,7.41,DGS10
1977-02-21,,DGS10
1977-02-22,7.42,DGS10
1977-02-23,7.48,DGS10
1977-02-24,7.5,DGS10
1977-02-25,7.48,DGS10
1977-02-28,7.45,DGS10
1977-03-01,7.49,DGS10
1977-03-02,7.45,DGS10
1977-03-03,7.43,DGS10
1977-03-04,7.48,DGS10
1977-03-07,7.5,DGS10
1977-03-08,7.52,DGS10
1977-03-09,7.5,DGS10
1977-03-10,7.49,DGS10
1977-03-11,7.44,DGS10
1977-03-14,7.45,DGS10
1977-03-15,7.44,DGS10
1977-03-16,7.44,DGS10
1977-03-17,7.47,DGS10
1977-03-18,7.44,DGS10
1977-03-21,7.43,DGS10
1977-03-22,7.43,DGS10
1977-03-23,7.44,DGS10
1977-03-24,7.46,DGS10
1977-03-25,7.48,DGS10
1977-03-28,7.47,DGS10
1977-03-29,7.47,DGS10
1977-03-30,7.44,DGS10
1977-03-31,7.42,DGS10
1977-04-01,7.43,DGS10
1977-04-04,7.44,DGS10
1977-04-05,7.47,DGS10
1977-04-06,7.46,DGS10
1977-04-07,7.43,DGS10
1977-04-08,,DGS10
1977-04-11,7.39,DGS10
1977-04-12,7.39,DGS10
1977-04-13,7.36,DGS10
1977-04-14,7.22,DGS10
1977-04-15,7.25,DGS10
1977-04-18,7.25,DGS10
1977-04-19,7.3,DGS10
1977-04-20,7.32,DGS10
1977-04-21,7.33,DGS10
1977-04-22,7.36,DGS10
1977-04-25,7.4,DGS10
1977-04-26,7.38,DGS10
1977-04-27,7.38,DGS10
1977-04-28,7.4,DGS10
1977-04-29,7.45,DGS10
1977-05-02,7.45,DGS10
1977-05-03,7.44,DGS10
1977-05-04,7.45,DGS10
1977-05-05,7.47,DGS10
1977-05-06,7.5,DGS10
1977-05-09,7.5,DGS10
1977-05-10,7.52,DGS10
1977-05-11,7.52,DGS10
1977-05-12,7.5,DGS10
1977-05-13,7.48,DGS10
1977-05-16,7.46,DGS10
1977-05-17,7.45,DGS10
1977-05-18,7.43,DGS10
1977-05-19,7.49,DGS10
1977-05-20,7.49,DGS10
1977-05-23,7.46,DGS10
1977-05-24,7.41,DGS10
1977-05-25,7.39,DGS10
1977-05-26,7.42,DGS10
1977-05-27,7.38,DGS10
1977-05-30,,DGS10
1977-05-31,7.38,DGS10
1977-06-01,7.38,DGS10
1977-06-02,7.39,DGS10
1977-06-03,7.36,DGS10
1977-06-06,7.37,DGS10
1977-06-07,7.36,DGS10
1977-06-08,7.36,DGS10
1977-06-09,7.35,DGS10
1977-06-10,7.3,DGS10
1977-06-13,7.27,DGS10
1977-06-14,7.22,DGS10
1977-06-15,7.23,DGS10
1977-06-16,7.24,DGS10
1977-06-17,7.24,DGS10
1977-06-20,7.27,DGS10
1977-06-21,7.26,DGS10
1977-06-22,7.25,DGS10
1977-06-23,7.26,DGS10
1977-06-24,7.2,DGS10
1977-06-27,7.2,DGS10
1977-06-28,7.16,DGS10
1977-06-29,7.19,DGS10
1977-06-30,7.2,DGS10
1977-07-01,7.34,DGS10
1977-07-04,,DGS10
1977-07-05,7.35,DGS10
1977-07-06,7.37,DGS10
1977-07-07,7.29,DGS10
1977-07-08,7.31,DGS10
1977-07-11,7.33,DGS10
1977-07-12,7.32,DGS10
1977-07-13,7.28,DGS10
1977-07-14,,DGS10
1977-07-15,7.31,DGS10
1977-07-18,7.34,DGS10
1977-07-19,7.33,DGS10
1977-07-20,7.32,DGS10
1977-07-21,7.32,DGS10
1977-07-22,7.31,DGS10
1977-07-25,7.28,DGS10
1977-07-26,7.28,DGS10
1977-07-27,7.36,DGS10
1977-07-28,7.41,DGS10
1977-07-29,7.42,DGS10
1977-08-01,7.43,DGS10
1977-08-02,7.44,DGS10
1977-08-03,7.42,DGS10
1977-08-04,7.43,DGS10
1977-08-05,7.42,DGS10
1977-08-08,7.41,DGS10
1977-08-09,7.45,DGS10
1977-08-10,7.46,DGS10
1977-08-11,7.47,DGS10
1977-08-12,7.48,DGS10
1977-08-15,7.48,DGS10
1977-08-16,7.48,DGS10
1977-08-17,7.44,DGS10
1977-08-18,7.42,DGS10
1977-08-19,7.4,DGS10
1977-08-22,7.39,DGS10
1977-08-23,7.36,DGS10
1977-08-24,7.35,DGS10
1977-08-25,7.32,DGS10
1977-08-26,7.27,DGS10
1977-08-29,7.25,DGS10
1977-08-30,7.27,DGS10
1977-08-31,7.28,DGS10
1977-09-01,7.3,DGS10
1977-09-02,7.24,DGS10
1977-09-05,,DGS10
1977-09-06,7.24,DGS10
1977-09-07,7.26,DGS10
1977-09-08,7.28,DGS10
1977-09-09,7.36,DGS10
1977-09-12,7.38,DGS10
1977-09-13,7.37,DGS10
1977-09-14,7.34,DGS10
1977-09-15,7.33,DGS10
1977-09-16,7.32,DGS10
1977-09-19,7.32,DGS10
1977-09-20,7.36,DGS10
1977-09-21,7.36,DGS10
1977-09-22,7.39,DGS10
1977-09-23,7.39,DGS10
1977-09-26,7.42,DGS10
1977-09-27,7.38,DGS10
1977-09-28,7.38,DGS10
1977-09-29,7.39,DGS10
1977-09-30,7.41,DGS10
1977-10-03,7.41,DGS10
1977-10-04,7.4,DGS10
1977-10-05,7.4,DGS10
1977-10-06,7.44,DGS10
1977-10-07,7.48,DGS10
1977-10-10,,DGS10
1977-10-11,7.54,DGS10
1977-10-12,7.54,DGS10
1977-10-13,7.54,DGS10
1977-10-14,7.54,DGS10
1977-10-17,7.55,DGS10
1977-10-18,7.55,DGS10
1977-10-19,7.54,DGS10
1977-10-20,7.54,DGS10
1977-10-21,7.55,DGS10
1977-10-24,7.56,DGS10
1977-10-25,7.58,DGS10
1977-10-26,7.57,DGS10
1977-10-27,7.56,DGS10
1977-10-28,7.56,DGS10
1977-10-31,7.62,DGS10
1977-11-01,7.63,DGS10
1977-11-02,7.69,DGS10
1977-11-03,7.68,DGS10
1977-11-04,7.64,DGS10
1977-11-07,7.62,DGS10
1977-11-08,,DGS10
1977-11-09,7.6,DGS10
1977-11-10,7.59,DGS10
1977-11-11,,DGS10
1977-11-14,7.56,DGS10
1977-11-15,7.56,DGS10
1977-11-16,7.55,DGS10
1977-11-17,7.54,DGS10
1977-11-18,7.54,DGS10
1977-11-21,7.56,DGS10
1977-11-22,7.54,DGS10
1977-11-23,7.52,DGS10
1977-11-24,,DGS10
1977-11-25,7.52,DGS10
1977-11-28,7.53,DGS10
1977-11-29,7.55,DGS10
1977-11-30,7.55,DGS10
1977-12-01,7.58,DGS10
1977-12-02,7.59,DGS10
1977-12-05,7.6,DGS10
1977-12-06,7.63,DGS10
1977-12-07,7.63,DGS10
1977-12-08,7.64,DGS10
1977-12-09,7.63,DGS10
1977-12-12,7.64,DGS10
1977-12-13,7.65,DGS10
1977-12-14,7.66,DGS10
1977-12-15,7.67,DGS10
1977-12-16,7.67,DGS10
1977-12-19,7.69,DGS10
1977-12-20,7.74,DGS10
1977-12-21,7.72,DGS10
1977-12-22,7.75,DGS10
1977-12-23,7.75,DGS10
1977-12-26,,DGS10
1977-12-27,7.77,DGS10
1977-12-28,7.78,DGS10
1977-12-29,7.82,DGS10
1977-12-30,7.78,DGS10
1978-01-02,,DGS10
1978-01-03,7.83,DGS10
1978-01-04,7.82,DGS10
1978-01-05,7.83,DGS10
1978-01-06,7.85,DGS10
1978-01-09,8.01,DGS10
1978-01-10,8.02,DGS10
1978-01-11,8.03,DGS10
1978-01-12,8.02,DGS10
1978-01-13,7.98,DGS10
1978-01-16,7.98,DGS10
1978-01-17,7.98,DGS10
1978-01-18,7.98,DGS10
1978-01-19,7.97,DGS10
1978-01-20,7.97,DGS10
1978-01-23,7.97,DGS10
1978-01-24,7.99,DGS10
1978-01-25,8.0,DGS10
1978-01-26,7.98,DGS10
1978-01-27,7.97,DGS10
1978-01-30,7.96,DGS10
1978-01-31,7.94,DGS10
1978-02-01,7.96,DGS10
1978-02-02,7.96,DGS10
1978-02-03,7.97,DGS10
1978-02-06,7.99,DGS10
1978-02-07,7.99,DGS10
1978-02-08,8.0,DGS10
1978-02-09,8.01,DGS10
1978-02-10,8.02,DGS10
1978-02-13,,DGS10
1978-02-14,8.05,DGS10
1978-02-15,8.08,DGS10
1978-02-16,8.1,DGS10
1978-02-17,8.09,DGS10
1978-02-20,,DGS10
1978-02-21,8.1,DGS10
1978-02-22,8.1,DGS10
1978-02-23,8.08,DGS10
1978-02-24,8.04,DGS10
1978-02-27,8.02,DGS10
1978-02-28,8.04,DGS10
1978-03-01,8.05,DGS10
1978-03-02,8.04,DGS10
1978-03-03,8.04,DGS10
1978-03-06,8.05,DGS10
1978-03-07,8.03,DGS10
1978-03-08,8.03,DGS10
1978-03-09,8.02,DGS10
1978-03-10,8.0,DGS10
1978-03-13,7.99,DGS10
1978-03-14,7.99,DGS10
1978-03-15,8.0,DGS10
1978-03-16,8.0,DGS10
1978-03-17,8.0,DGS10
1978-03-20,7.97,DGS10
1978-03-21,7.97,DGS10
1978-03-22,7.98,DGS10
1978-03-23,8.01,DGS10
1978-03-24,,DGS10
1978-03-27,8.12,DGS10
1978-03-28,8.12,DGS10
1978-03-29,8.11,DGS10
1978-03-30,8.12,DGS10
1978-03-31,8.15,DGS10
1978-04-03,8.13,DGS10
1978-04-04,8.12,DGS10
1978-04-05,8.14,DGS10
1978-04-06,8.16,DGS10
1978-04-07,8.14,DGS10
1978-04-10,8.15,DGS10
1978-04-11,8.16,DGS10
1978-04-12,8.16,DGS10
1978-04-13,8.15,DGS10
1978-04-14,8.12,DGS10
1978-04-17,8.08,DGS10
1978-04-18,8.08,DGS10
1978-04-19,8.13,DGS10
1978-04-20,8.14,DGS10
1978-04-21,8.16,DGS10
1978-04-24,8.18,DGS10
1978-04-25,8.18,DGS10
1978-04-26,8.22,DGS10
1978-04-27,8.24,DGS10
1978-04-28,8.24,DGS10
1978-05-01,8.24,DGS10
1978-05-02,8.25,DGS10
1978-05-03,8.28,DGS10
1978-05-04,8.27,DGS10
1978-05-05,8.34,DGS10
1978-05-08,8.35,DGS10
1978-05-09,8.34,DGS10
1978-05-10,8.34,DGS10
1978-05-11,8.34,DGS10
1978-05-12,8.36,DGS10
1978-05-15,8.35,DGS10
1978-05-16,8.34,DGS10
1978-05-17,8.33,DGS10
1978-05-18,8.37,DGS10
1978-05-19,8.38,DGS10
1978-05-22,8.38,DGS10
1978-05-23,8.37,DGS10
1978-05-24,8.39,DGS10
1978-05-25,8.4,DGS10
1978-05-26,8.42,DGS10
1978-05-29,,DGS10
1978-05-30,,DGS10
1978-05-31,8.42,DGS10
1978-06-01,8.41,DGS10
1978-06-02,8.39,DGS10
1978-06-05,8.38,DGS10
1978-06-06,8.37,DGS10
1978-06-07,8.37,DGS10
1978-06-08,8.38,DGS10
1978-06-09,8.41,DGS10
1978-06-12,8.4,DGS10
1978-06-13,8.41,DGS10
1978-06-14,8.41,DGS10
1978-06-15,8.41,DGS10
1978-06-16,8.43,DGS10
1978-06-19,8.45,DGS10
1978-06-20,8.47,DGS10
1978-06-21,8.5,DGS10
1978-06-22,8.5,DGS10
1978-06-23,8.55,DGS10
1978-06-26,8.59,DGS10
1978-06-27,8.58,DGS10
1978-06-28,8.57,DGS10
1978-06-29,8.57,DGS10
1978-06-30,8.62,DGS10
1978-07-03,8.59,DGS10
1978-07-04,,DGS10
1978-07-05,8.62,DGS10
1978-07-06,8.62,DGS10
1978-07-07,8.66,DGS10
1978-07-10,8.68,DGS10
1978-07-11,8.68,DGS10
1978-07-12,8.67,DGS10
1978-07-13,8.68,DGS10
1978-07-14,8.68,DGS10
1978-07-17,8.65,DGS10
1978-07-18,8.63,DGS10
1978-07-19,8.62,DGS10
1978-07-20,8.66,DGS10
1978-07-21,8.67,DGS10
1978-07-24,8.67,DGS10
1978-07-25,8.67,DGS10
1978-07-26,8.66,DGS10
1978-07-27,8.58,DGS10
1978-07-28,8.55,DGS10
1978-07-31,8.56,DGS10
1978-08-01,8.54,DGS10
1978-08-02,8.44,DGS10
1978-08-03,8.39,DGS10
1978-08-04,8.38,DGS10
1978-08-07,8.36,DGS10
1978-08-08,8.35,DGS10
1978-08-09,8.34,DGS10
1978-08-10,8.45,DGS10
1978-08-11,8.44,DGS10
1978-08-14,8.45,DGS10
1978-08-15,8.46,DGS10
1978-08-16,8.55,DGS10
1978-08-17,8.48,DGS10
1978-08-18,8.46,DGS10
1978-08-21,8.41,DGS10
1978-08-22,8.41,DGS10
1978-08-23,8.32,DGS10
1978-08-24,8.35,DGS10
1978-08-25,8.34,DGS10
1978-08-28,8.35,DGS10
1978-08-29,8.37,DGS10
1978-08-30,8.42,DGS10
1978-08-31,8.39,DGS10
1978-09-01,8.38,DGS10
1978-09-04,,DGS10
1978-09-05,8.34,DGS10
1978-09-06,8.35,DGS10
1978-09-07,8.34,DGS10
1978-09-08,8.34,DGS10
1978-09-11,8.31,DGS10
1978-09-12,8.29,DGS10
1978-09-13,8.3,DGS10
1978-09-14,8.32,DGS10
1978-09-15,8.35,DGS10
1978-09-18,8.37,DGS10
1978-09-19,8.38,DGS10
1978-09-20,8.46,DGS10
1978-09-21,8.51,DGS10
1978-09-22,8.56,DGS10
1978-09-25,8.56,DGS10
1978-09-26,8.53,DGS10
1978-09-27,8.54,DGS10
1978-09-28,8.54,DGS10
1978-09-29,8.56,DGS10
1978-10-02,8.58,DGS10
1978-10-03,8.57,DGS10
1978-10-04,8.59,DGS10
1978-10-05,8.6,DGS10
1978-10-06,8.58,DGS10
1978-10-09,,DGS10
1978-10-10,8.58,DGS10
1978-10-11,8.56,DGS10
1978-10-12,8.51,DGS10
1978-10-13,8.52,DGS10
1978-10-16,8.59,DGS10
1978-10-17,8.6,DGS10
1978-10-18,8.62,DGS10
1978-10-19,8.64,DGS10
1978-10-20,8.66,DGS10
1978-10-23,8.66,DGS10
1978-10-24,8.64,DGS10
1978-10-25,8.65,DGS10
1978-10-26,8.72,DGS10
1978-10-27,8.78,DGS10
1978-10-30,8.88,DGS10
1978-10-31,8.96,DGS10
1978-11-01,8.66,DGS10
1978-11-02,8.73,DGS10
1978-11-03,8.86,DGS10
1978-11-06,8.85,DGS10
1978-11-07,,DGS10
1978-11-08,8.86,DGS10
1978-11-09,8.87,DGS10
1978-11-10,8.86,DGS10
1978-11-13,8.83,DGS10
1978-11-14,8.82,DGS10
1978-11-15,8.76,DGS10
1978-11-16,8.72,DGS10
1978-11-17,8.72,DGS10
1978-11-20,8.72,DGS10
1978-11-21,8.77,DGS10
1978-11-22,8.77,DGS10
1978-11-23,,DGS10
1978-11-24,8.86,DGS10
1978-11-27,8.86,DGS10
1978-11-28,8.86,DGS10
1978-11-29,8.86,DGS10
1978-11-30,8.86,DGS10
1978-12-01,8.8,DGS10
1978-12-04,8.82,DGS10
1978-12-05,8.85,DGS10
1978-12-06,8.85,DGS10
1978-12-07,8.89,DGS10
1978-12-08,8.9,DGS10
1978-12-11,8.9,DGS10
1978-12-12,8.92,DGS10
1978-12-13,8.98,DGS10
1978-12-14,8.96,DGS10
1978-12-15,9.0,DGS10
1978-12-18,9.13,DGS10
1978-12-19,9.14,DGS10
1978-12-20,9.16,DGS10
1978-12-21,9.16,DGS10
1978-12-22,9.11,DGS10
1978-12-25,,DGS10
1978-12-26,9.13,DGS10
1978-12-27,9.12,DGS10
1978-12-28,9.16,DGS10
1978-12-29,9.15,DGS10
1979-01-01,,DGS10
1979-01-02,9.18,DGS10
1979-01-03,9.16,DGS10
1979-01-04,9.11,DGS10
1979-01-05,9.1,DGS10
1979-01-08,9.14,DGS10
1979-01-09,9.16,DGS10
1979-01-10,9.16,DGS10
1979-01-11,9.15,DGS10
1979-01-12,9.14,DGS10
1979-01-15,9.15,DGS10
1979-01-16,9.16,DGS10
1979-01-17,9.18,DGS10
1979-01-18,9.18,DGS10
1979-01-19,9.15,DGS10
1979-01-22,9.12,DGS10
1979-01-23,9.1,DGS10
1979-01-24,9.08,DGS10
1979-01-25,8.98,DGS10
1979-01-26,8.93,DGS10
1979-01-29,8.96,DGS10
1979-01-30,8.95,DGS10
1979-01-31,8.95,DGS10
1979-02-01,8.94,DGS10
1979-02-02,8.89,DGS10
1979-02-05,8.95,DGS10
1979-02-06,9.0,DGS10
1979-02-07,9.09,DGS10
1979-02-08,9.09,DGS10
1979-02-09,9.11,DGS10
1979-02-12,,DGS10
1979-02-13,9.11,DGS10
1979-02-14,9.12,DGS10
1979-02-15,9.12,DGS10
1979-02-16,9.11,DGS10
1979-02-19,,DGS10
1979-02-20,9.12,DGS10
1979-02-21,9.15,DGS10
1979-02-22,9.2,DGS10
1979-02-23,9.21,DGS10
1979-02-26,9.2,DGS10
1979-02-27,9.19,DGS10
1979-02-28,9.17,DGS10
1979-03-01,9.17,DGS10
1979-03-02,9.16,DGS10
1979-03-05,9.11,DGS10
1979-03-06,9.14,DGS10
1979-03-07,9.1,DGS10
1979-03-08,9.1,DGS10
1979-03-09,9.11,DGS10
1979-03-12,9.11,DGS10
1979-03-13,9.11,DGS10
1979-03-14,9.12,DGS10
1979-03-15,9.14,DGS10
1979-03-16,9.12,DGS10
1979-03-19,9.12,DGS10
1979-03-20,9.13,DGS10
1979-03-21,9.13,DGS10
1979-03-22,9.12,DGS10
1979-03-23,9.12,DGS10
1979-03-26,9.12,DGS10
1979-03-27,9.11,DGS10
1979-03-28,9.07,DGS10
1979-03-29,9.06,DGS10
1979-03-30,9.11,DGS10
1979-04-02,9.11,DGS10
1979-04-03,9.1,DGS10
1979-04-04,9.09,DGS10
1979-04-05,9.07,DGS10
1979-04-06,9.1,DGS10
1979-04-09,9.14,DGS10
1979-04-10,9.17,DGS10
1979-04-11,9.2,DGS10
1979-04-12,9.2,DGS10
1979-04-13,,DGS10
1979-04-16,9.19,DGS10
1979-04-17,9.16,DGS10
1979-04-18,9.15,DGS10
1979-04-19,9.15,DGS10
1979-04-20,9.19,DGS10
1979-04-23,9.21,DGS10
1979-04-24,9.24,DGS10
1979-04-25,9.23,DGS10
1979-04-26,9.27,DGS10
1979-04-27,9.32,DGS10
1979-04-30,9.35,DGS10
1979-05-01,9.36,DGS10
1979-05-02,9.34,DGS10
1979-05-03,9.38,DGS10
1979-05-04,9.39,DGS10
1979-05-07,9.39,DGS10
1979-05-08,9.38,DGS10
1979-05-09,9.36,DGS10
1979-05-10,9.36,DGS10
1979-05-11,9.34,DGS10
1979-05-14,9.3,DGS10
1979-05-15,9.32,DGS10
1979-05-16,9.31,DGS10
1979-05-17,9.24,DGS10
1979-05-18,9.23,DGS10
1979-05-21,9.24,DGS10
1979-05-22,9.15,DGS10
1979-05-23,9.07,DGS10
1979-05-24,9.06,DGS10
1979-05-25,9.01,DGS10
1979-05-28,,DGS10
1979-05-29,9.01,DGS10
1979-05-30,,DGS10
1979-05-31,9.06,DGS10
1979-06-01,9.05,DGS10
1979-06-04,9.06,DGS10
1979-06-05,9.02,DGS10
1979-06-06,8.97,DGS10
1979-06-07,8.89,DGS10
1979-06-08,8.9,DGS10
1979-06-11,8.94,DGS10
1979-06-12,8.79,DGS10
1979-06-13,8.83,DGS10
1979-06-14,8.87,DGS10
1979-06-15,8.96,DGS10
1979-06-18,8.95,DGS10
1979-06-19,8.95,DGS10
1979-06-20,8.94,DGS10
1979-06-21,8.93,DGS10
1979-06-22,8.98,DGS10
1979-06-25,8.93,DGS10
1979-06-26,8.82,DGS10
1979-06-27,8.8,DGS10
1979-06-28,8.8,DGS10
1979-06-29,8.81,DGS10
1979-07-02,8.76,DGS10
1979-07-03,8.77,DGS10
1979-07-04,,DGS10
1979-07-05,8.8,DGS10
1979-07-06,8.82,DGS10
1979-07-09,8.86,DGS10
1979-07-10,8.92,DGS10
1979-07-11,8.97,DGS10
1979-07-12,8.95,DGS10
1979-07-13,8.94,DGS10
1979-07-16,8.99,DGS10
1979-07-17,9.01,DGS10
1979-07-18,9.03,DGS10
1979-07-19,9.04,DGS10
1979-07-20,8.98,DGS10
1979-07-23,9.03,DGS10
1979-07-24,9.06,DGS10
1979-07-25,8.99,DGS10
1979-07-26,8.97,DGS10
1979-07-27,9.02,DGS10
1979-07-30,9.03,DGS10
1979-07-31,9.01,DGS10
1979-08-01,8.99,DGS10
1979-08-02,8.91,DGS10
1979-08-03,8.92,DGS10
1979-08-06,8.91,DGS10
1979-08-07,8.91,DGS10
1979-08-08,8.93,DGS10
1979-08-09,8.97,DGS10
1979-08-10,9.0,DGS10
1979-08-13,9.0,DGS10
1979-08-14,8.98,DGS10
1979-08-15,9.0,DGS10
1979-08-16,9.0,DGS10
1979-08-17,9.01,DGS10
1979-08-20,9.02,DGS10
1979-08-21,9.04,DGS10
1979-08-22,9.04,DGS10
1979-08-23,9.05,DGS10
1979-08-24,9.14,DGS10
1979-08-27,9.12,DGS10
1979-08-28,9.15,DGS10
1979-08-29,9.14,DGS10
1979-08-30,9.21,DGS10
1979-08-31,9.24,DGS10
1979-09-03,,DGS10
1979-09-04,9.32,DGS10
1979-09-05,9.32,DGS10
1979-09-06,9.35,DGS10
1979-09-07,9.34,DGS10
1979-09-10,9.36,DGS10
1979-09-11,9.25,DGS10
1979-09-12,9.3,DGS10
1979-09-13,9.34,DGS10
1979-09-14,9.29,DGS10
1979-09-17,9.37,DGS10
1979-09-18,9.36,DGS10
1979-09-19,9.31,DGS10
1979-09-20,9.29,DGS10
1979-09-21,9.26,DGS10
1979-09-24,9.34,DGS10
1979-09-25,9.32,DGS10
1979-09-26,9.36,DGS10
1979-09-27,9.44,DGS10
1979-09-28,9.44,DGS10
1979-10-01,9.51,DGS10
1979-10-02,9.47,DGS10
1979-10-03,9.5,DGS10
1979-10-04,9.58,DGS10
1979-10-05,9.6,DGS10
1979-10-08,,DGS10
1979-10-09,9.93,DGS10
1979-10-10,10.09,DGS10
1979-10-11,10.17,DGS10
1979-10-12,10.15,DGS10
1979-10-15,10.31,DGS10
1979-10-16,10.27,DGS10
1979-10-17,10.2,DGS10
1979-10-18,10.41,DGS10
1979-10-19,10.68,DGS10
1979-10-22,10.96,DGS10
1979-10-23,11.02,DGS10
1979-10-24,10.83,DGS10
1979-10-25,10.98,DGS10
1979-10-26,10.67,DGS10
1979-10-29,10.78,DGS10
1979-10-30,10.75,DGS10
1979-10-31,10.72,DGS10
1979-11-01,10.79,DGS10
1979-11-02,10.84,DGS10
1979-11-05,10.85,DGS10
1979-11-06,,DGS10
1979-11-07,11.0,DGS10
1979-11-08,10.96,DGS10
1979-11-09,10.68,DGS10
1979-11-12,,DGS10
1979-11-13,10.63,DGS10
1979-11-14,10.75,DGS10
1979-11-15,10.62,DGS10
1979-11-16,10.77,DGS10
1979-11-19,10.8,DGS10
1979-11-20,10.78,DGS10
1979-11-21,10.73,DGS10
1979-11-22,,DGS10
1979-11-23,10.51,DGS10
1979-11-26,10.37,DGS10
1979-11-27,10.24,DGS10
1979-11-28,10.37,DGS10
1979-11-29,10.34,DGS10
1979-11-30,10.38,DGS10
1979-12-03,10.44,DGS10
1979-12-04,10.32,DGS10
1979-12-05,10.27,DGS10
1979-12-06,10.13,DGS10
1979-12-07,10.3,DGS10
1979-12-10,10.27,DGS10
1979-12-11,10.46,DGS10
1979-12-12,10.58,DGS10
1979-12-13,10.51,DGS10
1979-12-14,10.45,DGS10
1979-12-17,10.42,DGS10
1979-12-18,10.34,DGS10
1979-12-19,10.33,DGS10
1979-12-20,10.38,DGS10
1979-12-21,10.39,DGS10
1979-12-24,10.45,DGS10
1979-12-25,,DGS10
1979-12-26,10.48,DGS10
1979-12-27,10.46,DGS10
1979-12-28,10.41,DGS10
1979-12-31,10.33,DGS10
1980-01-01,,DGS10
1980-01-02,10.5,DGS10
1980-01-03,10.6,DGS10
1980-01-04,10.66,DGS10
1980-01-07,10.63,DGS10
1980-01-08,10.57,DGS10
1980-01-09,10.58,DGS10
1980-01-10,10.51,DGS10
1980-01-11,10.68,DGS10
1980-01-14,10.7,DGS10
1980-01-15,10.65,DGS10
1980-01-16,10.65,DGS10
1980-01-17,10.71,DGS10
1980-01-18,10.82,DGS10
1980-01-21,10.96,DGS10
1980-01-22,10.85,DGS10
1980-01-23,10.82,DGS10
1980-01-24,11.01,DGS10
1980-01-25,11.1,DGS10
1980-01-28,11.15,DGS10
1980-01-29,11.21,DGS10
1980-01-30,11.16,DGS10
1980-01-31,11.13,DGS10
1980-02-01,11.29,DGS10
1980-02-04,11.4,DGS10
1980-02-05,11.73,DGS10
1980-02-06,11.92,DGS10
1980-02-07,11.71,DGS10
1980-02-08,11.8,DGS10
1980-02-11,12.01,DGS10
1980-02-12,,DGS10
1980-02-13,11.86,DGS10
1980-02-14,11.97,DGS10
1980-02-15,12.2,DGS10
1980-02-18,,DGS10
1980-02-19,12.85,DGS10
1980-02-20,12.84,DGS10
1980-02-21,13.22,DGS10
1980-02-22,13.06,DGS10
1980-02-25,13.27,DGS10
1980-02-26,13.65,DGS10
1980-02-27,13.46,DGS10
1980-02-28,12.92,DGS10
1980-02-29,12.72,DGS10
1980-03-03,12.79,DGS10
1980-03-04,12.91,DGS10
1980-03-05,13.03,DGS10
1980-03-06,13.13,DGS10
1980-03-07,12.86,DGS10
1980-03-10,12.63,DGS10
1980-03-11,12.41,DGS10
1980-03-12,12.62,DGS10
1980-03-13,12.5,DGS10
1980-03-14,12.52,DGS10
1980-03-17,12.58,DGS10
1980-03-18,12.4,DGS10
1980-03-19,12.35,DGS10
1980-03-20,12.62,DGS10
1980-03-21,12.75,DGS10
1980-03-24,13.17,DGS10
1980-03-25,13.1,DGS10
1980-03-26,13.03,DGS10
1980-03-27,12.97,DGS10
1980-03-28,12.72,DGS10
1980-03-31,12.64,DGS10
1980-04-01,12.69,DGS10
1980-04-02,12.63,DGS10
1980-04-03,12.52,DGS10
1980-04-04,,DGS10
1980-04-07,12.13,DGS10
1980-04-08,12.21,DGS10
1980-04-09,12.06,DGS10
1980-04-10,12.06,DGS10
1980-04-11,11.79,DGS10
1980-04-14,11.62,DGS10
1980-04-15,11.57,DGS10
1980-04-16,10.9,DGS10
1980-04-17,11.13,DGS10
1980-04-18,11.05,DGS10
1980-04-21,10.9,DGS10
1980-04-22,10.82,DGS10
1980-04-23,10.89,DGS10
1980-04-24,10.96,DGS10
1980-04-25,10.95,DGS10
1980-04-28,10.63,DGS10
1980-04-29,10.67,DGS10
1980-04-30,10.76,DGS10
1980-05-01,10.57,DGS10
1980-05-02,10.24,DGS10
1980-05-05,10.18,DGS10
1980-05-06,9.8,DGS10
1980-05-07,9.96,DGS10
1980-05-08,10.18,DGS10
1980-05-09,10.3,DGS10
1980-05-12,10.3,DGS10
1980-05-13,10.13,DGS10
1980-05-14,10.14,DGS10
1980-05-15,10.31,DGS10
1980-05-16,10.37,DGS10
1980-05-19,10.53,DGS10
1980-05-20,10.22,DGS10
1980-05-21,10.08,DGS10
1980-05-22,10.1,DGS10
1980-05-23,9.85,DGS10
1980-05-26,,DGS10
1980-05-27,9.96,DGS10
1980-05-28,10.1,DGS10
1980-05-29,10.24,DGS10
1980-05-30,10.25,DGS10
1980-06-02,10.31,DGS10
1980-06-03,10.16,DGS10
1980-06-04,10.07,DGS10
1980-06-05,10.02,DGS10
1980-06-06,9.81,DGS10
1980-06-09,9.73,DGS10
1980-06-10,9.83,DGS10
1980-06-11,9.7,DGS10
1980-06-12,9.53,DGS10
1980-06-13,9.51,DGS10
1980-06-16,9.47,DGS10
1980-06-17,9.49,DGS10
1980-06-18,9.56,DGS10
1980-06-19,9.56,DGS10
1980-06-20,9.49,DGS10
1980-06-23,9.63,DGS10
1980-06-24,9.68,DGS10
1980-06-25,9.79,DGS10
1980-06-26,9.87,DGS10
1980-06-27,10.04,DGS10
1980-06-30,10.09,DGS10
1980-07-01,10.13,DGS10
1980-07-02,10.19,DGS10
1980-07-03,10.01,DGS10
1980-07-04,,DGS10
1980-07-07,10.2,DGS10
1980-07-08,10.09,DGS10
1980-07-09,10.14,DGS10
1980-07-10,10.21,DGS10
1980-07-11,10.28,DGS10
1980-07-14,10.33,DGS10
1980-07-15,10.17,DGS10
1980-07-16,10.07,DGS10
1980-07-17,10.21,DGS10
1980-07-18,10.2,DGS10
1980-07-21,10.13,DGS10
1980-07-22,10.18,DGS10
1980-07-23,10.12,DGS10
1980-07-24,10.24,DGS10
1980-07-25,10.35,DGS10
1980-07-28,10.46,DGS10
1980-07-29,10.45,DGS10
1980-07-30,10.53,DGS10
1980-07-31,10.76,DGS10
1980-08-01,10.76,DGS10
1980-08-04,10.69,DGS10
1980-08-05,10.7,DGS10
1980-08-06,10.8,DGS10
1980-08-07,10.71,DGS10
1980-08-08,10.87,DGS10
1980-08-11,11.03,DGS10
1980-08-12,10.98,DGS10
1980-08-13,10.89,DGS10
1980-08-14,10.9,DGS10
1980-08-15,10.86,DGS10
1980-08-18,11.13,DGS10
1980-08-19,11.24,DGS10
1980-08-20,11.22,DGS10
1980-08-21,11.3,DGS10
1980-08-22,11.13,DGS10
1980-08-25,11.4,DGS10
1980-08-26,11.42,DGS10
1980-08-27,11.67,DGS10
1980-08-28,11.89,DGS10
1980-08-29,11.55,DGS10
1980-09-01,,DGS10
1980-09-02,11.32,DGS10
1980-09-03,11.08,DGS10
1980-09-04,11.16,DGS10
1980-09-05,11.21,DGS10
1980-09-08,11.29,DGS10
1980-09-09,11.19,DGS10
1980-09-10,11.14,DGS10
1980-09-11,11.32,DGS10
1980-09-12,11.37,DGS10
1980-09-15,11.62,DGS10
1980-09-16,11.52,DGS10
1980-09-17,11.57,DGS10
1980-09-18,11.53,DGS10
1980-09-19,11.33,DGS10
1980-09-22,11.69,DGS10
1980-09-23,11.76,DGS10
1980-09-24,11.75,DGS10
1980-09-25,11.91,DGS10
1980-09-26,11.99,DGS10
1980-09-29,12.07,DGS10
1980-09-30,11.86,DGS10
1980-10-01,11.78,DGS10
1980-10-02,11.83,DGS10
1980-10-03,11.4,DGS10
1980-10-06,11.35,DGS10
1980-10-07,11.43,DGS10
1980-10-08,11.51,DGS10
1980-10-09,11.39,DGS10
1980-10-10,11.44,DGS10
1980-10-13,,DGS10
1980-10-14,11.37,DGS10
1980-10-15,11.29,DGS10
1980-10-16,11.47,DGS10
1980-10-17,11.62,DGS10
1980-10-20,11.64,DGS10
1980-10-21,11.7,DGS10
1980-10-22,11.88,DGS10
1980-10-23,11.82,DGS10
1980-10-24,11.74,DGS10
1980-10-27,12.13,DGS10
1980-10-28,12.32,DGS10
1980-10-29,12.48,DGS10
1980-10-30,12.48,DGS10
1980-10-31,12.46,DGS10
1980-11-03,12.46,DGS10
1980-11-04,,DGS10
1980-11-05,12.61,DGS10
1980-11-06,13.04,DGS10
1980-11-07,12.66,DGS10
1980-11-10,12.78,DGS10
1980-11-11,,DGS10
1980-11-12,12.47,DGS10
1980-11-13,12.49,DGS10
1980-11-14,12.79,DGS10
1980-11-17,12.95,DGS10
1980-11-18,12.62,DGS10
1980-11-19,12.51,DGS10
1980-11-20,12.59,DGS10
1980-11-21,12.8,DGS10
1980-11-24,12.76,DGS10
1980-11-25,12.74,DGS10
1980-11-26,12.65,DGS10
1980-11-27,,DGS10
1980-11-28,12.72,DGS10
1980-12-01,12.92,DGS10
1980-12-02,12.95,DGS10
1980-12-03,12.92,DGS10
1980-12-04,12.91,DGS10
1980-12-05,12.85,DGS10
1980-12-08,12.91,DGS10
1980-12-09,13.1,DGS10
1980-12-10,13.15,DGS10
1980-12-11,13.57,DGS10
1980-12-12,13.21,DGS10
1980-12-15,13.25,DGS10
1980-12-16,13.51,DGS10
1980-12-17,13.28,DGS10
1980-12-18,13.22,DGS10
1980-12-19,12.64,DGS10
1980-12-22,12.14,DGS10
1980-12-23,12.35,DGS10
1980-12-24,12.42,DGS10
1980-12-25,,DGS10
1980-12-26,12.25,DGS10
1980-12-29,12.2,DGS10
1980-12-30,12.39,DGS10
1980-12-31,12.43,DGS10
1981-01-01,,DGS10
1981-01-02,12.42,DGS10
1981-01-05,12.15,DGS10
1981-01-06,12.11,DGS10
1981-01-07,12.38,DGS10
1981-01-08,12.35,DGS10
1981-01-09,12.57,DGS10
1981-01-12,12.45,DGS10
1981-01-13,12.53,DGS10
1981-01-14,12.53,DGS10
1981-01-15,12.62,DGS10
1981-01-16,12.53,DGS10
1981-01-19,12.64,DGS10
1981-01-20,12.5,DGS10
1981-01-21,12.77,DGS10
1981-01-22,12.87,DGS10
1981-01-23,12.84,DGS10
1981-01-26,12.7,DGS10
1981-01-27,12.73,DGS10
1981-01-28,12.77,DGS10
1981-01-29,12.8,DGS10
1981-01-30,12.68,DGS10
1981-02-02,12.86,DGS10
1981-02-03,12.98,DGS10
1981-02-04,12.86,DGS10
1981-02-05,12.95,DGS10
1981-02-06,13.09,DGS10
1981-02-09,13.21,DGS10
1981-02-10,13.27,DGS10
1981-02-11,13.42,DGS10
1981-02-12,,DGS10
1981-02-13,13.65,DGS10
1981-02-16,,DGS10
1981-02-17,13.33,DGS10
1981-02-18,13.3,DGS10
1981-02-19,13.09,DGS10
1981-02-20,12.9,DGS10
1981-02-23,13.19,DGS10
1981-02-24,13.21,DGS10
1981-02-25,13.29,DGS10
1981-02-26,13.47,DGS10
1981-02-27,13.43,DGS10
1981-03-02,13.62,DGS10
1981-03-03,13.43,DGS10
1981-03-04,13.45,DGS10
1981-03-05,13.43,DGS10
1981-03-06,13.2,DGS10
1981-03-09,13.09,DGS10
1981-03-10,13.08,DGS10
1981-03-11,13.12,DGS10
1981-03-12,13.03,DGS10
1981-03-13,12.86,DGS10
1981-03-16,12.85,DGS10
1981-03-17,12.68,DGS10
1981-03-18,12.58,DGS10
1981-03-19,12.67,DGS10
1981-03-20,12.77,DGS10
1981-03-23,13.13,DGS10
1981-03-24,13.3,DGS10
1981-03-25,13.21,DGS10
1981-03-26,13.34,DGS10
1981-03-27,13.36,DGS10
1981-03-30,13.22,DGS10
1981-03-31,13.13,DGS10
1981-04-01,13.14,DGS10
1981-04-02,13.25,DGS10
1981-04-03,13.4,DGS10
1981-04-06,13.74,DGS10
1981-04-07,13.41,DGS10
1981-04-08,13.61,DGS10
1981-04-09,13.45,DGS10
1981-04-10,13.59,DGS10
1981-04-13,13.68,DGS10
1981-04-14,13.58,DGS10
1981-04-15,13.74,DGS10
1981-04-16,13.79,DGS10
1981-04-17,,DGS10
1981-04-20,13.69,DGS10
1981-04-21,13.73,DGS10
1981-04-22,13.78,DGS10
1981-04-23,13.8,DGS10
1981-04-24,13.88,DGS10
1981-04-27,13.92,DGS10
1981-04-28,13.93,DGS10
1981-04-29,14.05,DGS10
1981-04-30,14.11,DGS10
1981-05-01,14.05,DGS10
1981-05-04,14.47,DGS10
1981-05-05,14.69,DGS10
1981-05-06,14.56,DGS10
1981-05-07,14.33,DGS10
1981-05-08,14.23,DGS10
1981-05-11,14.34,DGS10
1981-05-12,14.46,DGS10
1981-05-13,14.49,DGS10
1981-05-14,14.24,DGS10
1981-05-15,14.07,DGS10
1981-05-18,13.8,DGS10
1981-05-19,13.95,DGS10
1981-05-20,14.0,DGS10
1981-05-21,14.05,DGS10
1981-05-22,13.82,DGS10
1981-05-25,,DGS10
1981-05-26,13.67,DGS10
1981-05-27,13.71,DGS10
1981-05-28,13.56,DGS10
1981-05-29,13.5,DGS10
1981-06-01,13.46,DGS10
1981-06-02,13.58,DGS10
1981-06-03,13.55,DGS10
1981-06-04,13.51,DGS10
1981-06-05,13.56,DGS10
1981-06-08,13.36,DGS10
1981-06-09,13.37,DGS10
1981-06-10,13.31,DGS10
1981-06-11,13.32,DGS10
1981-06-12,13.35,DGS10
1981-06-15,13.09,DGS10
1981-06-16,13.08,DGS10
1981-06-17,13.23,DGS10
1981-06-18,13.57,DGS10
1981-06-19,13.46,DGS10
1981-06-22,13.44,DGS10
1981-06-23,13.56,DGS10
1981-06-24,13.66,DGS10
1981-06-25,13.7,DGS10
1981-06-26,13.69,DGS10
1981-06-29,13.68,DGS10
1981-06-30,13.86,DGS10
1981-07-01,14.04,DGS10
1981-07-02,13.95,DGS10
1981-07-03,,DGS10
1981-07-06,13.81,DGS10
1981-07-07,14.04,DGS10
1981-07-08,14.11,DGS10
1981-07-09,14.12,DGS10
1981-07-10,13.94,DGS10
1981-07-13,13.99,DGS10
1981-07-14,14.15,DGS10
1981-07-15,14.07,DGS10
1981-07-16,14.11,DGS10
1981-07-17,14.09,DGS10
1981-07-20,14.59,DGS10
1981-07-21,14.61,DGS10
1981-07-22,14.63,DGS10
1981-07-23,14.57,DGS10
1981-07-24,14.41,DGS10
1981-07-27,14.43,DGS10
1981-07-28,14.53,DGS10
1981-07-29,14.61,DGS10
1981-07-30,14.71,DGS10
1981-07-31,14.67,DGS10
1981-08-03,14.95,DGS10
1981-08-04,14.95,DGS10
1981-08-05,14.91,DGS10
1981-08-06,14.86,DGS10
1981-08-07,14.83,DGS10
1981-08-10,14.65,DGS10
1981-08-11,14.4,DGS10
1981-08-12,14.61,DGS10
1981-08-13,14.65,DGS10
1981-08-14,14.74,DGS10
1981-08-17,14.71,DGS10
1981-08-18,14.79,DGS10
1981-08-19,14.77,DGS10
1981-08-20,14.89,DGS10
1981-08-21,14.97,DGS10
1981-08-24,15.32,DGS10
1981-08-25,15.35,DGS10
1981-08-26,15.31,DGS10
1981-08-27,15.36,DGS10
1981-08-28,15.25,DGS10
1981-08-31,15.41,DGS10
1981-09-01,15.41,DGS10
1981-09-02,15.4,DGS10
1981-09-03,15.48,DGS10
1981-09-04,15.51,DGS10
1981-09-07,,DGS10
1981-09-08,15.59,DGS10
1981-09-09,15.53,DGS10
1981-09-10,15.3,DGS10
1981-09-11,15.05,DGS10
1981-09-14,15.2,DGS10
1981-09-15,15.08,DGS10
1981-09-16,15.11,DGS10
1981-09-17,14.95,DGS10
1981-09-18,14.91,DGS10
1981-09-21,14.78,DGS10
1981-09-22,15.03,DGS10
1981-09-23,15.23,DGS10
1981-09-24,15.31,DGS10
1981-09-25,15.68,DGS10
1981-09-28,15.65,DGS10
1981-09-29,15.76,DGS10
1981-09-30,15.84,DGS10
1981-10-01,15.75,DGS10
1981-10-02,15.41,DGS10
1981-10-05,15.19,DGS10
1981-10-06,15.14,DGS10
1981-10-07,15.04,DGS10
1981-10-08,15.0,DGS10
1981-10-09,14.73,DGS10
1981-10-12,,DGS10
1981-10-13,14.83,DGS10
1981-10-14,14.87,DGS10
1981-10-15,14.88,DGS10
1981-10-16,14.94,DGS10
1981-10-19,14.95,DGS10
1981-10-20,15.09,DGS10
1981-10-21,15.34,DGS10
1981-10-22,15.38,DGS10
1981-10-23,15.3,DGS10
1981-10-26,15.6,DGS10
1981-10-27,15.54,DGS10
1981-10-28,15.44,DGS10
1981-10-29,15.06,DGS10
1981-10-30,14.63,DGS10
1981-11-02,14.57,DGS10
1981-11-03,,DGS10
1981-11-04,14.18,DGS10
1981-11-05,14.19,DGS10
1981-11-06,13.94,DGS10
1981-11-09,13.39,DGS10
1981-11-10,13.4,DGS10
1981-11-11,,DGS10
1981-11-12,13.19,DGS10
1981-11-13,13.18,DGS10
1981-11-16,13.07,DGS10
1981-11-17,13.18,DGS10
1981-11-18,13.0,DGS10
1981-11-19,13.04,DGS10
1981-11-20,13.14,DGS10
1981-11-23,13.44,DGS10
1981-11-24,13.13,DGS10
1981-11-25,12.98,DGS10
1981-11-26,,DGS10
1981-11-27,12.92,DGS10
1981-11-30,13.13,DGS10
1981-12-01,13.37,DGS10
1981-12-02,13.49,DGS10
1981-12-03,13.45,DGS10
1981-12-04,13.15,DGS10
1981-12-07,13.5,DGS10
1981-12-08,13.5,DGS10
1981-12-09,13.64,DGS10
1981-12-10,13.8,DGS10
1981-12-11,13.84,DGS10
1981-12-14,13.62,DGS10
1981-12-15,13.55,DGS10
1981-12-16,13.53,DGS10
1981-12-17,13.71,DGS10
1981-12-18,13.51,DGS10
1981-12-21,13.83,DGS10
1981-12-22,14.02,DGS10
1981-12-23,14.14,DGS10
1981-12-24,14.01,DGS10
1981-12-25,,DGS10
1981-12-28,14.01,DGS10
1981-12-29,14.12,DGS10
1981-12-30,14.17,DGS10
1981-12-31,13.98,DGS10
1982-01-01,,DGS10
1982-01-04,14.19,DGS10
1982-01-05,14.44,DGS10
1982-01-06,14.59,DGS10
1982-01-07,14.63,DGS10
1982-01-08,14.48,DGS10
1982-01-11,14.81,DGS10
1982-01-12,14.62,DGS10
1982-01-13,14.83,DGS10
1982-01-14,14.7,DGS10
1982-01-15,14.82,DGS10
1982-01-18,14.75,DGS10
1982-01-19,14.8,DGS10
1982-01-20,14.81,DGS10
1982-01-21,14.62,DGS10
1982-01-22,14.69,DGS10
1982-01-25,14.62,DGS10
1982-01-26,14.54,DGS10
1982-01-27,14.51,DGS10
1982-01-28,14.29,DGS10
1982-01-29,14.14,DGS10
1982-02-01,14.58,DGS10
1982-02-02,14.47,DGS10
1982-02-03,14.69,DGS10
1982-02-04,14.76,DGS10
1982-02-05,14.65,DGS10
1982-02-08,14.88,DGS10
1982-02-09,14.95,DGS10
1982-02-10,14.81,DGS10
1982-02-11,14.71,DGS10
1982-02-12,,DGS10
1982-02-15,,DGS10
1982-02-16,14.53,DGS10
1982-02-17,14.5,DGS10
1982-02-18,14.28,DGS10
1982-02-19,14.24,DGS10
1982-02-22,13.87,DGS10
1982-02-23,13.93,DGS10
1982-02-24,13.87,DGS10
1982-02-25,13.91,DGS10
1982-02-26,14.03,DGS10
1982-03-01,13.85,DGS10
1982-03-02,13.74,DGS10
1982-03-03,13.69,DGS10
1982-03-04,13.61,DGS10
1982-03-05,13.59,DGS10
1982-03-08,13.67,DGS10
1982-03-09,13.69,DGS10
1982-03-10,13.73,DGS10
1982-03-11,13.95,DGS10
1982-03-12,13.97,DGS10
1982-03-15,13.96,DGS10
1982-03-16,13.91,DGS10
1982-03-17,13.88,DGS10
1982-03-18,13.87,DGS10
1982-03-19,13.89,DGS10
1982-03-22,13.74,DGS10
1982-03-23,13.72,DGS10
1982-03-24,13.91,DGS10
1982-03-25,13.9,DGS10
1982-03-26,14.01,DGS10
1982-03-29,14.16,DGS10
1982-03-30,14.19,DGS10
1982-03-31,14.18,DGS10
1982-04-01,14.1,DGS10
1982-04-02,14.1,DGS10
1982-04-05,14.16,DGS10
1982-04-06,14.18,DGS10
1982-04-07,14.18,DGS10
1982-04-08,13.98,DGS10
1982-04-09,,DGS10
1982-04-12,13.83,DGS10
1982-04-13,13.83,DGS10
1982-04-14,13.95,DGS10
1982-04-15,13.91,DGS10
1982-04-16,13.71,DGS10
1982-04-19,13.66,DGS10
1982-04-20,13.72,DGS10
1982-04-21,13.69,DGS10
1982-04-22,13.71,DGS10
1982-04-23,13.69,DGS10
1982-04-26,13.7,DGS10
1982-04-27,13.7,DGS10
1982-04-28,13.77,DGS10
1982-04-29,13.87,DGS10
1982-04-30,13.87,DGS10
1982-05-03,13.95,DGS10
1982-05-04,13.87,DGS10
1982-05-05,13.8,DGS10
1982-05-06,13.54,DGS10
1982-05-07,13.48,DGS10
1982-05-10,13.49,DGS10
1982-05-11,13.46,DGS10
1982-05-12,13.59,DGS10
1982-05-13,13.62,DGS10
1982-05-14,13.48,DGS10
1982-05-17,13.57,DGS10
1982-05-18,13.6,DGS10
1982-05-19,13.64,DGS10
1982-05-20,13.53,DGS10
1982-05-21,13.52,DGS10
1982-05-24,13.58,DGS10
1982-05-25,13.62,DGS10
1982-05-26,13.68,DGS10
1982-05-27,13.72,DGS10
1982-05-28,13.71,DGS10
1982-05-31,,DGS10
1982-06-01,13.93,DGS10
1982-06-02,13.86,DGS10
1982-06-03,13.9,DGS10
1982-06-04,13.98,DGS10
1982-06-07,13.94,DGS10
1982-06-08,13.98,DGS10
1982-06-09,13.99,DGS10
1982-06-10,14.02,DGS10
1982-06-11,13.93,DGS10
1982-06-14,14.21,DGS10
1982-06-15,14.21,DGS10
1982-06-16,14.26,DGS10
1982-06-17,14.48,DGS10
1982-06-18,14.62,DGS10
1982-06-21,14.63,DGS10
1982-06-22,14.66,DGS10
1982-06-23,14.74,DGS10
1982-06-24,14.71,DGS10
1982-06-25,14.76,DGS10
1982-06-28,14.73,DGS10
1982-06-29,14.61,DGS10
1982-06-30,14.44,DGS10
1982-07-01,14.4,DGS10
1982-07-02,14.5,DGS10
1982-07-05,,DGS10
1982-07-06,14.48,DGS10
1982-07-07,14.49,DGS10
1982-07-08,14.19,DGS10
1982-07-09,14.03,DGS10
1982-07-12,13.87,DGS10
1982-07-13,14.02,DGS10
1982-07-14,14.1,DGS10
1982-07-15,13.96,DGS10
1982-07-16,13.7,DGS10
1982-07-19,13.68,DGS10
1982-07-20,13.53,DGS10
1982-07-21,13.6,DGS10
1982-07-22,13.51,DGS10
1982-07-23,13.56,DGS10
1982-07-26,13.91,DGS10
1982-07-27,13.86,DGS10
1982-07-28,13.97,DGS10
1982-07-29,13.83,DGS10
1982-07-30,13.68,DGS10
1982-08-02,13.41,DGS10
1982-08-03,13.51,DGS10
1982-08-04,13.68,DGS10
1982-08-05,13.7,DGS10
1982-08-06,13.85,DGS10
1982-08-09,13.7,DGS10
1982-08-10,13.69,DGS10
1982-08-11,13.71,DGS10
1982-08-12,13.55,DGS10
1982-08-13,13.2,DGS10
1982-08-16,13.09,DGS10
1982-08-17,12.65,DGS10
1982-08-18,12.57,DGS10
1982-08-19,12.47,DGS10
1982-08-20,12.24,DGS10
1982-08-23,12.47,DGS10
1982-08-24,12.35,DGS10
1982-08-25,12.43,DGS10
1982-08-26,12.55,DGS10
1982-08-27,12.77,DGS10
1982-08-30,12.81,DGS10
1982-08-31,12.81,DGS10
1982-09-01,12.76,DGS10
1982-09-02,12.6,DGS10
1982-09-03,12.47,DGS10
1982-09-06,,DGS10
1982-09-07,12.53,DGS10
1982-09-08,12.51,DGS10
1982-09-09,12.53,DGS10
1982-09-10,12.73,DGS10
1982-09-13,12.63,DGS10
1982-09-14,12.56,DGS10
1982-09-15,12.6,DGS10
1982-09-16,12.6,DGS10
1982-09-17,12.51,DGS10
1982-09-20,12.47,DGS10
1982-09-21,12.18,DGS10
1982-09-22,12.04,DGS10
1982-09-23,11.94,DGS10
1982-09-24,12.09,DGS10
1982-09-27,11.99,DGS10
1982-09-28,11.85,DGS10
1982-09-29,11.8,DGS10
1982-09-30,11.73,DGS10
1982-10-01,11.51,DGS10
1982-10-04,11.72,DGS10
1982-10-05,11.69,DGS10
1982-10-06,11.5,DGS10
1982-10-07,10.91,DGS10
1982-10-08,10.83,DGS10
1982-10-11,,DGS10
1982-10-12,10.53,DGS10
1982-10-13,10.39,DGS10
1982-10-14,10.61,DGS10
1982-10-15,10.75,DGS10
1982-10-18,10.58,DGS10
1982-10-19,10.56,DGS10
1982-10-20,10.69,DGS10
1982-10-21,10.69,DGS10
1982-10-22,10.81,DGS10
1982-10-25,11.11,DGS10
1982-10-26,10.87,DGS10
1982-10-27,10.9,DGS10
1982-10-28,10.77,DGS10
1982-10-29,10.71,DGS10
1982-11-01,10.56,DGS10
1982-11-02,,DGS10
1982-11-03,10.46,DGS10
1982-11-04,10.42,DGS10
1982-11-05,10.48,DGS10
1982-11-08,10.55,DGS10
1982-11-09,10.51,DGS10
1982-11-10,10.48,DGS10
1982-11-11,,DGS10
1982-11-12,10.58,DGS10
1982-11-15,10.65,DGS10
1982-11-16,10.67,DGS10
1982-11-17,10.59,DGS10
1982-11-18,10.46,DGS10
1982-11-19,10.42,DGS10
1982-11-22,10.43,DGS10
1982-11-23,10.53,DGS10
1982-11-24,10.59,DGS10
1982-11-25,,DGS10
1982-11-26,10.51,DGS10
1982-11-29,10.78,DGS10
1982-11-30,10.79,DGS10
1982-12-01,10.74,DGS10
1982-12-02,10.68,DGS10
1982-12-03,10.47,DGS10
1982-12-06,10.46,DGS10
1982-12-07,10.48,DGS10
1982-12-08,10.62,DGS10
1982-12-09,10.58,DGS10
1982-12-10,10.66,DGS10
1982-12-13,10.61,DGS10
1982-12-14,10.46,DGS10
1982-12-15,10.5,DGS10
1982-12-16,10.59,DGS10
1982-12-17,10.64,DGS10
1982-12-20,10.7,DGS10
1982-12-21,10.54,DGS10
1982-12-22,10.53,DGS10
1982-12-23,10.47,DGS10
1982-12-24,,DGS10
1982-12-27,10.44,DGS10
1982-12-28,10.44,DGS10
1982-12-29,10.47,DGS10
1982-12-30,10.44,DGS10
1982-12-31,10.36,DGS10
1983-01-03,10.32,DGS10
1983-01-04,10.37,DGS10
1983-01-05,10.35,DGS10
1983-01-06,10.39,DGS10
1983-01-07,10.36,DGS10
1983-01-10,10.38,DGS10
1983-01-11,10.34,DGS10
1983-01-12,10.32,DGS10
1983-01-13,10.27,DGS10
1983-01-14,10.28,DGS10
1983-01-17,10.28,DGS10
1983-01-18,10.3,DGS10
1983-01-19,10.41,DGS10
1983-01-20,10.43,DGS10
1983-01-21,10.61,DGS10
1983-01-24,10.7,DGS10
1983-01-25,10.62,DGS10
1983-01-26,10.69,DGS10
1983-01-27,10.67,DGS10
1983-01-28,10.71,DGS10
1983-01-31,10.8,DGS10
1983-02-01,10.78,DGS10
1983-02-02,10.88,DGS10
1983-02-03,10.93,DGS10
1983-02-04,10.99,DGS10
1983-02-07,10.96,DGS10
1983-02-08,10.99,DGS10
1983-02-09,11.0,DGS10
1983-02-10,10.83,DGS10
1983-02-11,10.8,DGS10
1983-02-14,10.8,DGS10
1983-02-15,10.84,DGS10
1983-02-16,10.81,DGS10
1983-02-17,10.71,DGS10
1983-02-18,10.6,DGS10
1983-02-21,,DGS10
1983-02-22,10.46,DGS10
1983-02-23,10.44,DGS10
1983-02-24,10.42,DGS10
1983-02-25,10.26,DGS10
1983-02-28,10.27,DGS10
1983-03-01,10.22,DGS10
1983-03-02,10.26,DGS10
1983-03-03,10.23,DGS10
1983-03-04,10.27,DGS10
1983-03-07,10.43,DGS10
1983-03-08,10.52,DGS10
1983-03-09,10.48,DGS10
1983-03-10,10.55,DGS10
1983-03-11,10.59,DGS10
1983-03-14,10.48,DGS10
1983-03-15,10.46,DGS10
1983-03-16,10.53,DGS10
1983-03-17,10.56,DGS10
1983-03-18,10.58,DGS10
1983-03-21,10.6,DGS10
1983-03-22,10.62,DGS10
1983-03-23,10.58,DGS10
1983-03-24,10.58,DGS10
1983-03-25,10.64,DGS10
1983-03-28,10.66,DGS10
1983-03-29,10.6,DGS10
1983-03-30,10.59,DGS10
1983-03-31,10.62,DGS10
1983-04-01,,DGS10
1983-04-04,10.6,DGS10
1983-04-05,10.49,DGS10
1983-04-06,10.49,DGS10
1983-04-07,10.51,DGS10
1983-04-08,10.51,DGS10
1983-04-11,10.41,DGS10
1983-04-12,10.42,DGS10
1983-04-13,10.39,DGS10
1983-04-14,10.29,DGS10
1983-04-15,10.33,DGS10
1983-04-18,10.29,DGS10
1983-04-19,10.39,DGS10
1983-04-20,10.39,DGS10
1983-04-21,10.43,DGS10
1983-04-22,10.42,DGS10
1983-04-25,10.4,DGS10
1983-04-26,10.37,DGS10
1983-04-27,10.29,DGS10
1983-04-28,10.31,DGS10
1983-04-29,10.27,DGS10
1983-05-02,10.26,DGS10
1983-05-03,10.26,DGS10
1983-05-04,10.12,DGS10
1983-05-05,10.16,DGS10
1983-05-06,10.13,DGS10
1983-05-09,10.25,DGS10
1983-05-10,10.16,DGS10
1983-05-11,10.18,DGS10
1983-05-12,10.23,DGS10
1983-05-13,10.22,DGS10
1983-05-16,10.37,DGS10
1983-05-17,10.41,DGS10
1983-05-18,10.43,DGS10
1983-05-19,10.49,DGS10
1983-05-20,10.54,DGS10
1983-05-23,10.57,DGS10
1983-05-24,10.56,DGS10
1983-05-25,10.58,DGS10
1983-05-26,10.63,DGS10
1983-05-27,10.62,DGS10
1983-05-30,,DGS10
1983-05-31,10.81,DGS10
1983-06-01,10.77,DGS10
1983-06-02,10.78,DGS10
1983-06-03,10.79,DGS10
1983-06-06,10.79,DGS10
1983-06-07,10.85,DGS10
1983-06-08,10.92,DGS10
1983-06-09,10.88,DGS10
1983-06-10,10.89,DGS10
1983-06-13,10.75,DGS10
1983-06-14,10.77,DGS10
1983-06-15,10.72,DGS10
1983-06-16,10.64,DGS10
1983-06-17,10.68,DGS10
1983-06-20,10.8,DGS10
1983-06-21,10.79,DGS10
1983-06-22,10.83,DGS10
1983-06-23,10.9,DGS10
1983-06-24,11.02,DGS10
1983-06-27,11.11,DGS10
1983-06-28,11.04,DGS10
1983-06-29,10.99,DGS10
1983-06-30,10.96,DGS10
1983-07-01,10.93,DGS10
1983-07-04,,DGS10
1983-07-05,11.21,DGS10
1983-07-06,11.16,DGS10
1983-07-07,11.29,DGS10
1983-07-08,11.33,DGS10
1983-07-11,11.28,DGS10
1983-07-12,11.42,DGS10
1983-07-13,11.4,DGS10
1983-07-14,11.38,DGS10
1983-07-15,11.51,DGS10
1983-07-18,11.41,DGS10
1983-07-19,11.36,DGS10
1983-07-20,11.28,DGS10
1983-07-21,11.32,DGS10
1983-07-22,11.43,DGS10
1983-07-25,11.41,DGS10
1983-07-26,11.49,DGS10
1983-07-27,11.51,DGS10
1983-07-28,11.66,DGS10
1983-07-29,11.76,DGS10
1983-08-01,11.8,DGS10
1983-08-02,11.82,DGS10
1983-08-03,11.92,DGS10
1983-08-04,12.12,DGS10
1983-08-05,12.1,DGS10
1983-08-08,12.2,DGS10
1983-08-09,12.13,DGS10
1983-08-10,12.17,DGS10
1983-08-11,12.04,DGS10
1983-08-12,11.96,DGS10
1983-08-15,11.76,DGS10
1983-08-16,11.71,DGS10
1983-08-17,11.65,DGS10
1983-08-18,11.7,DGS10
1983-08-19,11.72,DGS10
1983-08-22,11.54,DGS10
1983-08-23,11.57,DGS10
1983-08-24,11.54,DGS10
1983-08-25,11.62,DGS10
1983-08-26,11.65,DGS10
1983-08-29,11.86,DGS10
1983-08-30,11.9,DGS10
1983-08-31,11.98,DGS10
1983-09-01,11.97,DGS10
1983-09-02,12.01,DGS10
1983-09-05,,DGS10
1983-09-06,11.85,DGS10
1983-09-07,11.7,DGS10
1983-09-08,11.77,DGS10
1983-09-09,11.73,DGS10
1983-09-12,11.56,DGS10
1983-09-13,11.63,DGS10
1983-09-14,11.76,DGS10
1983-09-15,11.82,DGS10
1983-09-16,11.68,DGS10
1983-09-19,11.66,DGS10
1983-09-20,11.57,DGS10
1983-09-21,11.64,DGS10
1983-09-22,11.6,DGS10
1983-09-23,11.49,DGS10
1983-09-26,11.41,DGS10
1983-09-27,11.45,DGS10
1983-09-28,11.49,DGS10
1983-09-29,11.5,DGS10
1983-09-30,11.44,DGS10
1983-10-03,11.47,DGS10
1983-10-04,11.46,DGS10
1983-10-05,11.35,DGS10
1983-10-06,11.31,DGS10
1983-10-07,11.33,DGS10
1983-10-10,,DGS10
1983-10-11,11.57,DGS10
1983-10-12,11.59,DGS10
1983-10-13,11.65,DGS10
1983-10-14,11.58,DGS10
1983-10-17,11.47,DGS10
1983-10-18,11.49,DGS10
1983-10-19,11.49,DGS10
1983-10-20,11.47,DGS10
1983-10-21,11.43,DGS10
1983-10-24,11.66,DGS10
1983-10-25,11.7,DGS10
1983-10-26,11.72,DGS10
1983-10-27,11.66,DGS10
1983-10-28,11.68,DGS10
1983-10-31,11.74,DGS10
1983-11-01,11.69,DGS10
1983-11-02,11.7,DGS10
1983-11-03,11.75,DGS10
1983-11-04,11.85,DGS10
1983-11-07,11.85,DGS10
1983-11-08,,DGS10
1983-11-09,11.84,DGS10
1983-11-10,11.71,DGS10
1983-11-11,,DGS10
1983-11-14,11.68,DGS10
1983-11-15,11.7,DGS10
1983-11-16,11.7,DGS10
1983-11-17,11.72,DGS10
1983-11-18,11.72,DGS10
1983-11-21,11.65,DGS10
1983-11-22,11.57,DGS10
1983-11-23,11.59,DGS10
1983-11-24,,DGS10
1983-11-25,11.55,DGS10
1983-11-28,11.63,DGS10
1983-11-29,11.58,DGS10
1983-11-30,11.63,DGS10
1983-12-01,11.63,DGS10
1983-12-02,11.75,DGS10
1983-12-05,11.78,DGS10
1983-12-06,11.76,DGS10
1983-12-07,11.79,DGS10
1983-12-08,11.89,DGS10
1983-12-09,11.9,DGS10
1983-12-12,11.87,DGS10
1983-12-13,11.95,DGS10
1983-12-14,11.97,DGS10
1983-12-15,11.96,DGS10
1983-12-16,11.88,DGS10
1983-12-19,11.87,DGS10
1983-12-20,11.86,DGS10
1983-12-21,11.83,DGS10
1983-12-22,11.77,DGS10
1983-12-23,11.79,DGS10
1983-12-26,,DGS10
1983-12-27,11.75,DGS10
1983-12-28,11.81,DGS10
1983-12-29,11.79,DGS10
1983-12-30,11.82,DGS10
1984-01-02,,DGS10
1984-01-03,11.86,DGS10
1984-01-04,11.78,DGS10
1984-01-05,11.77,DGS10
1984-01-06,11.73,DGS10
1984-01-09,11.75,DGS10
1984-01-10,11.71,DGS10
1984-01-11,11.76,DGS10
1984-01-12,11.76,DGS10
1984-01-13,11.59,DGS10
1984-01-16,11.54,DGS10
1984-01-17,11.57,DGS10
1984-01-18,11.61,DGS10
1984-01-19,11.6,DGS10
1984-01-20,11.64,DGS10
1984-01-23,11.63,DGS10
1984-01-24,11.63,DGS10
1984-01-25,11.64,DGS10
1984-01-26,11.63,DGS10
1984-01-27,11.63,DGS10
1984-01-30,11.66,DGS10
1984-01-31,11.67,DGS10
1984-02-01,11.64,DGS10
1984-02-02,11.6,DGS10
1984-02-03,11.6,DGS10
1984-02-06,11.7,DGS10
1984-02-07,11.71,DGS10
1984-02-08,11.72,DGS10
1984-02-09,11.73,DGS10
1984-02-10,11.83,DGS10
1984-02-13,,DGS10
1984-02-14,11.85,DGS10
1984-02-15,11.81,DGS10
1984-02-16,11.83,DGS10
1984-02-17,11.92,DGS10
1984-02-20,,DGS10
1984-02-21,11.91,DGS10
1984-02-22,11.93,DGS10
1984-02-23,12.05,DGS10
1984-02-24,11.99,DGS10
1984-02-27,12.05,DGS10
1984-02-28,12.09,DGS10
1984-02-29,12.04,DGS10
1984-03-01,12.07,DGS10
1984-03-02,11.99,DGS10
1984-03-05,12.07,DGS10
1984-03-06,12.09,DGS10
1984-03-07,12.22,DGS10
1984-03-08,12.24,DGS10
1984-03-09,12.28,DGS10
1984-03-12,12.24,DGS10
1984-03-13,12.27,DGS10
1984-03-14,12.31,DGS10
1984-03-15,12.31,DGS10
1984-03-16,12.34,DGS10
1984-03-19,12.45,DGS10
1984-03-20,12.44,DGS10
1984-03-21,12.45,DGS10
1984-03-22,12.49,DGS10
1984-03-23,12.48,DGS10
1984-03-26,12.46,DGS10
1984-03-27,12.46,DGS10
1984-03-28,12.42,DGS10
1984-03-29,12.41,DGS10
1984-03-30,12.53,DGS10
1984-04-02,12.56,DGS10
1984-04-03,12.65,DGS10
1984-04-04,12.67,DGS10
1984-04-05,12.65,DGS10
1984-04-06,12.51,DGS10
1984-04-09,12.47,DGS10
1984-04-10,12.52,DGS10
1984-04-11,12.5,DGS10
1984-04-12,12.4,DGS10
1984-04-13,12.57,DGS10
1984-04-16,12.61,DGS10
1984-04-17,12.57,DGS10
1984-04-18,12.7,DGS10
1984-04-19,12.77,DGS10
1984-04-20,,DGS10
1984-04-23,12.8,DGS10
1984-04-24,12.75,DGS10
1984-04-25,12.69,DGS10
1984-04-26,12.67,DGS10
1984-04-27,12.79,DGS10
1984-04-30,12.82,DGS10
1984-05-01,12.82,DGS10
1984-05-02,12.86,DGS10
1984-05-03,12.89,DGS10
1984-05-04,13.07,DGS10
1984-05-07,13.13,DGS10
1984-05-08,13.09,DGS10
1984-05-09,13.21,DGS10
1984-05-10,13.25,DGS10
1984-05-11,13.46,DGS10
1984-05-14,13.58,DGS10
1984-05-15,13.48,DGS10
1984-05-16,13.41,DGS10
1984-05-17,13.54,DGS10
1984-05-18,13.45,DGS10
1984-05-21,13.43,DGS10
1984-05-22,13.52,DGS10
1984-05-23,13.54,DGS10
1984-05-24,13.72,DGS10
1984-05-25,13.75,DGS10
1984-05-28,,DGS10
1984-05-29,13.89,DGS10
1984-05-30,13.99,DGS10
1984-05-31,13.91,DGS10
1984-06-01,13.63,DGS10
1984-06-04,13.42,DGS10
1984-06-05,13.37,DGS10
1984-06-06,13.54,DGS10
1984-06-07,13.54,DGS10
1984-06-08,13.46,DGS10
1984-06-11,13.58,DGS10
1984-06-12,13.54,DGS10
1984-06-13,13.44,DGS10
1984-06-14,13.39,DGS10
1984-06-15,13.21,DGS10
1984-06-18,13.27,DGS10
1984-06-19,13.38,DGS10
1984-06-20,13.65,DGS10
1984-06-21,13.72,DGS10
1984-06-22,13.74,DGS10
1984-06-25,13.75,DGS10
1984-06-26,13.79,DGS10
1984-06-27,13.76,DGS10
1984-06-28,13.8,DGS10
1984-06-29,13.84,DGS10
1984-07-02,13.87,DGS10
1984-07-03,13.8,DGS10
1984-07-04,,DGS10
1984-07-05,13.77,DGS10
1984-07-06,13.75,DGS10
1984-07-09,13.48,DGS10
1984-07-10,13.53,DGS10
1984-07-11,13.55,DGS10
1984-07-12,13.42,DGS10
1984-07-13,13.3,DGS10
1984-07-16,13.32,DGS10
1984-07-17,13.37,DGS10
1984-07-18,13.32,DGS10
1984-07-19,13.25,DGS10
1984-07-20,13.36,DGS10
1984-07-23,13.35,DGS10
1984-07-24,13.31,DGS10
1984-07-25,13.06,DGS10
1984-07-26,12.89,DGS10
1984-07-27,12.95,DGS10
1984-07-30,13.05,DGS10
1984-07-31,12.91,DGS10
1984-08-01,12.81,DGS10
1984-08-02,12.74,DGS10
1984-08-03,12.61,DGS10
1984-08-06,12.73,DGS10
1984-08-07,12.69,DGS10
1984-08-08,12.66,DGS10
1984-08-09,12.61,DGS10
1984-08-10,12.68,DGS10
1984-08-13,12.74,DGS10
1984-08-14,12.67,DGS10
1984-08-15,12.74,DGS10
1984-08-16,12.7,DGS10
1984-08-17,12.7,DGS10
1984-08-20,12.69,DGS10
1984-08-21,12.62,DGS10
1984-08-22,12.65,DGS10
1984-08-23,12.69,DGS10
1984-08-24,12.66,DGS10
1984-08-27,12.81,DGS10
1984-08-28,12.81,DGS10
1984-08-29,12.83,DGS10
1984-08-30,12.84,DGS10
1984-08-31,12.79,DGS10
1984-09-03,,DGS10
1984-09-04,12.88,DGS10
1984-09-05,12.92,DGS10
1984-09-06,12.81,DGS10
1984-09-07,12.7,DGS10
1984-09-10,12.62,DGS10
1984-09-11,12.54,DGS10
1984-09-12,12.55,DGS10
1984-09-13,12.44,DGS10
1984-09-14,12.42,DGS10
1984-09-17,12.4,DGS10
1984-09-18,12.35,DGS10
1984-09-19,12.25,DGS10
1984-09-20,12.28,DGS10
1984-09-21,12.45,DGS10
1984-09-24,12.52,DGS10
1984-09-25,12.56,DGS10
1984-09-26,12.46,DGS10
1984-09-27,12.31,DGS10
1984-09-28,12.47,DGS10
1984-10-01,12.54,DGS10
1984-10-02,12.54,DGS10
1984-10-03,12.54,DGS10
1984-10-04,12.52,DGS10
1984-10-05,12.39,DGS10
1984-10-08,,DGS10
1984-10-09,12.36,DGS10
1984-10-10,12.36,DGS10
1984-10-11,12.31,DGS10
1984-10-12,12.28,DGS10
1984-10-15,12.34,DGS10
1984-10-16,12.32,DGS10
1984-10-17,12.28,DGS10
1984-10-18,12.09,DGS10
1984-10-19,11.93,DGS10
1984-10-22,11.9,DGS10
1984-10-23,11.78,DGS10
1984-10-24,11.74,DGS10
1984-10-25,11.83,DGS10
1984-10-26,11.99,DGS10
1984-10-29,11.95,DGS10
1984-10-30,11.75,DGS10
1984-10-31,11.79,DGS10
1984-11-01,11.66,DGS10
1984-11-02,11.66,DGS10
1984-11-05,11.6,DGS10
1984-11-06,,DGS10
1984-11-07,11.72,DGS10
1984-11-08,11.81,DGS10
1984-11-09,11.71,DGS10
1984-11-12,,DGS10
1984-11-13,11.78,DGS10
1984-11-14,11.81,DGS10
1984-11-15,11.73,DGS10
1984-11-16,11.69,DGS10
1984-11-19,11.61,DGS10
1984-11-20,11.53,DGS10
1984-11-21,11.39,DGS10
1984-11-22,,DGS10
1984-11-23,11.24,DGS10
1984-11-26,11.28,DGS10
1984-11-27,11.28,DGS10
1984-11-28,11.38,DGS10
1984-11-29,11.42,DGS10
1984-11-30,11.58,DGS10
1984-12-03,11.56,DGS10
1984-12-04,11.52,DGS10
1984-12-05,11.52,DGS10
1984-12-06,11.61,DGS10
1984-12-07,11.7,DGS10
1984-12-10,11.66,DGS10
1984-12-11,11.57,DGS10
1984-12-12,11.54,DGS10
1984-12-13,11.7,DGS10
1984-12-14,11.56,DGS10
1984-12-17,11.49,DGS10
1984-12-18,11.29,DGS10
1984-12-19,11.34,DGS10
1984-12-20,11.37,DGS10
1984-12-21,11.34,DGS10
1984-12-24,11.31,DGS10
1984-12-25,,DGS10
1984-12-26,11.45,DGS10
1984-12-27,11.45,DGS10
1984-12-28,11.46,DGS10
1984-12-31,11.55,DGS10
1985-01-01,,DGS10
1985-01-02,11.7,DGS10
1985-01-03,11.62,DGS10
1985-01-04,11.67,DGS10
1985-01-07,11.5,DGS10
1985-01-08,11.45,DGS10
1985-01-09,11.47,DGS10
1985-01-10,11.48,DGS10
1985-01-11,11.59,DGS10
1985-01-14,11.6,DGS10
1985-01-15,11.49,DGS10
1985-01-16,11.51,DGS10
1985-01-17,11.48,DGS10
1985-01-18,11.39,DGS10
1985-01-21,,DGS10
1985-01-22,11.27,DGS10
1985-01-23,11.21,DGS10
1985-01-24,11.06,DGS10
1985-01-25,11.11,DGS10
1985-01-28,11.11,DGS10
1985-01-29,11.11,DGS10
1985-01-30,11.08,DGS10
1985-01-31,11.17,DGS10
1985-02-01,11.29,DGS10
1985-02-04,11.35,DGS10
1985-02-05,11.3,DGS10
1985-02-06,11.4,DGS10
1985-02-07,11.41,DGS10
1985-02-08,11.37,DGS10
1985-02-11,11.42,DGS10
1985-02-12,,DGS10
1985-02-13,11.39,DGS10
1985-02-14,11.29,DGS10
1985-02-15,11.38,DGS10
1985-02-18,,DGS10
1985-02-19,11.37,DGS10
1985-02-20,11.52,DGS10
1985-02-21,11.64,DGS10
1985-02-22,11.76,DGS10
1985-02-25,11.75,DGS10
1985-02-26,11.72,DGS10
1985-02-27,11.89,DGS10
1985-02-28,11.91,DGS10
1985-03-01,11.86,DGS10
1985-03-04,11.93,DGS10
1985-03-05,11.86,DGS10
1985-03-06,11.92,DGS10
1985-03-07,11.94,DGS10
1985-03-08,11.71,DGS10
1985-03-11,11.72,DGS10
1985-03-12,11.78,DGS10
1985-03-13,11.9,DGS10
1985-03-14,11.92,DGS10
1985-03-15,11.93,DGS10
1985-03-18,12.02,DGS10
1985-03-19,11.99,DGS10
1985-03-20,11.91,DGS10
1985-03-21,11.82,DGS10
1985-03-22,11.88,DGS10
1985-03-25,11.86,DGS10
1985-03-26,11.77,DGS10
1985-03-27,11.84,DGS10
1985-03-28,11.75,DGS10
1985-03-29,11.65,DGS10
1985-04-01,11.66,DGS10
1985-04-02,11.7,DGS10
1985-04-03,11.73,DGS10
1985-04-04,11.75,DGS10
1985-04-05,,DGS10
1985-04-08,11.77,DGS10
1985-04-09,11.66,DGS10
1985-04-10,11.58,DGS10
1985-04-11,11.42,DGS10
1985-04-12,11.43,DGS10
1985-04-15,11.37,DGS10
1985-04-16,11.25,DGS10
1985-04-17,11.29,DGS10
1985-04-18,11.13,DGS10
1985-04-19,11.16,DGS10
1985-04-22,11.13,DGS10
1985-04-23,11.25,DGS10
1985-04-24,11.25,DGS10
1985-04-25,11.37,DGS10
1985-04-26,11.35,DGS10
1985-04-29,11.47,DGS10
1985-04-30,11.41,DGS10
1985-05-01,11.27,DGS10
1985-05-02,11.29,DGS10
1985-05-03,11.21,DGS10
1985-05-06,11.19,DGS10
1985-05-07,11.17,DGS10
1985-05-08,11.26,DGS10
1985-05-09,11.2,DGS10
1985-05-10,11.04,DGS10
1985-05-13,11.04,DGS10
1985-05-14,10.87,DGS10
1985-05-15,10.89,DGS10
1985-05-16,10.81,DGS10
1985-05-17,10.84,DGS10
1985-05-20,10.56,DGS10
1985-05-21,10.6,DGS10
1985-05-22,10.62,DGS10
1985-05-23,10.64,DGS10
1985-05-24,10.57,DGS10
1985-05-27,,DGS10
1985-05-28,10.43,DGS10
1985-05-29,10.46,DGS10
1985-05-30,10.39,DGS10
1985-05-31,10.28,DGS10
1985-06-03,10.05,DGS10
1985-06-04,10.05,DGS10
1985-06-05,9.83,DGS10
1985-06-06,9.89,DGS10
1985-06-07,10.19,DGS10
1985-06-10,10.16,DGS10
1985-06-11,10.08,DGS10
1985-06-12,10.16,DGS10
1985-06-13,10.21,DGS10
1985-06-14,9.98,DGS10
1985-06-17,9.97,DGS10
1985-06-18,9.9,DGS10
1985-06-19,10.04,DGS10
1985-06-20,10.14,DGS10
1985-06-21,10.34,DGS10
1985-06-24,10.45,DGS10
1985-06-25,10.5,DGS10
1985-06-26,10.54,DGS10
1985-06-27,10.39,DGS10
1985-06-28,10.25,DGS10
1985-07-01,10.19,DGS10
1985-07-02,10.2,DGS10
1985-07-03,10.23,DGS10
1985-07-04,,DGS10
1985-07-05,9.93,DGS10
1985-07-08,10.05,DGS10
1985-07-09,10.05,DGS10
1985-07-10,10.07,DGS10
1985-07-11,10.22,DGS10
1985-07-12,10.23,DGS10
1985-07-15,10.22,DGS10
1985-07-16,10.15,DGS10
1985-07-17,10.12,DGS10
1985-07-18,10.3,DGS10
1985-07-19,10.34,DGS10
1985-07-22,10.46,DGS10
1985-07-23,10.47,DGS10
1985-07-24,10.51,DGS10
1985-07-25,10.52,DGS10
1985-07-26,10.59,DGS10
1985-07-29,10.67,DGS10
1985-07-30,10.66,DGS10
1985-07-31,10.57,DGS10
1985-08-01,10.51,DGS10
1985-08-02,10.66,DGS10
1985-08-05,10.64,DGS10
1985-08-06,10.65,DGS10
1985-08-07,10.55,DGS10
1985-08-08,10.43,DGS10
1985-08-09,10.37,DGS10
1985-08-12,10.38,DGS10
1985-08-13,10.46,DGS10
1985-08-14,10.38,DGS10
1985-08-15,10.36,DGS10
1985-08-16,10.26,DGS10
1985-08-19,10.23,DGS10
1985-08-20,10.2,DGS10
1985-08-21,10.12,DGS10
1985-08-22,10.1,DGS10
1985-08-23,10.14,DGS10
1985-08-26,10.18,DGS10
1985-08-27,10.12,DGS10
1985-08-28,10.16,DGS10
1985-08-29,10.12,DGS10
1985-08-30,10.28,DGS10
1985-09-02,,DGS10
1985-09-03,10.24,DGS10
1985-09-04,10.16,DGS10
1985-09-05,10.27,DGS10
1985-09-06,10.5,DGS10
1985-09-09,10.49,DGS10
1985-09-10,10.48,DGS10
1985-09-11,10.51,DGS10
1985-09-12,10.52,DGS10
1985-09-13,10.4,DGS10
1985-09-16,10.37,DGS10
1985-09-17,10.41,DGS10
1985-09-18,10.43,DGS10
1985-09-19,10.43,DGS10
1985-09-20,10.36,DGS10
1985-09-23,10.39,DGS10
1985-09-24,10.33,DGS10
1985-09-25,10.27,DGS10
1985-09-26,10.22,DGS10
1985-09-27,,DGS10
1985-09-30,10.31,DGS10
1985-10-01,10.29,DGS10
1985-10-02,10.3,DGS10
1985-10-03,10.32,DGS10
1985-10-04,10.36,DGS10
1985-10-07,10.42,DGS10
1985-10-08,10.36,DGS10
1985-10-09,10.37,DGS10
1985-10-10,10.35,DGS10
1985-10-11,10.34,DGS10
1985-10-14,,DGS10
1985-10-15,10.3,DGS10
1985-10-16,10.25,DGS10
1985-10-17,10.21,DGS10
1985-10-18,10.17,DGS10
1985-10-21,10.18,DGS10
1985-10-22,10.12,DGS10
1985-10-23,10.14,DGS10
1985-10-24,10.15,DGS10
1985-10-25,10.21,DGS10
1985-10-28,10.28,DGS10
1985-10-29,10.11,DGS10
1985-10-30,9.97,DGS10
1985-10-31,10.01,DGS10
1985-11-01,9.98,DGS10
1985-11-04,9.98,DGS10
1985-11-05,9.93,DGS10
1985-11-06,9.93,DGS10
1985-11-07,9.91,DGS10
1985-11-08,9.84,DGS10
1985-11-11,,DGS10
1985-11-12,9.74,DGS10
1985-11-13,9.78,DGS10
1985-11-14,9.84,DGS10
1985-11-15,9.92,DGS10
1985-11-18,9.72,DGS10
1985-11-19,9.73,DGS10
1985-11-20,9.72,DGS10
1985-11-21,9.58,DGS10
1985-11-22,9.66,DGS10
1985-11-25,9.68,DGS10
1985-11-26,9.68,DGS10
1985-11-27,9.64,DGS10
1985-11-28,,DGS10
1985-11-29,9.59,DGS10
1985-12-02,9.69,DGS10
1985-12-03,9.68,DGS10
1985-12-04,9.63,DGS10
1985-12-05,9.62,DGS10
1985-12-06,9.65,DGS10
1985-12-09,9.49,DGS10
1985-12-10,9.36,DGS10
1985-12-11,9.2,DGS10
1985-12-12,9.27,DGS10
1985-12-13,9.21,DGS10
1985-12-16,9.16,DGS10
1985-12-17,9.04,DGS10
1985-12-18,9.11,DGS10
1985-12-19,9.1,DGS10
1985-12-20,9.04,DGS10
1985-12-23,9.08,DGS10
1985-12-24,9.07,DGS10
1985-12-25,,DGS10
1985-12-26,9.04,DGS10
1985-12-27,8.99,DGS10
1985-12-30,9.01,DGS10
1985-12-31,9.0,DGS10
1986-01-01,,DGS10
1986-01-02,9.04,DGS10
1986-01-03,9.05,DGS10
1986-01-06,9.07,DGS10
1986-01-07,8.94,DGS10
1986-01-08,9.13,DGS10
1986-01-09,9.27,DGS10
1986-01-10,9.39,DGS10
1986-01-13,9.49,DGS10
1986-01-14,9.43,DGS10
1986-01-15,9.31,DGS10
1986-01-16,9.3,DGS10
1986-01-17,9.24,DGS10
1986-01-20,,DGS10
1986-01-21,9.22,DGS10
1986-01-22,9.28,DGS10
1986-01-23,9.23,DGS10
1986-01-24,9.23,DGS10
1986-01-27,9.13,DGS10
1986-01-28,9.05,DGS10
1986-01-29,9.09,DGS10
1986-01-30,9.1,DGS10
1986-01-31,9.08,DGS10
1986-02-03,9.02,DGS10
1986-02-04,8.96,DGS10
1986-02-05,8.97,DGS10
1986-02-06,9.03,DGS10
1986-02-07,9.11,DGS10
1986-02-10,9.0,DGS10
1986-02-11,8.93,DGS10
1986-02-12,8.91,DGS10
1986-02-13,8.85,DGS10
1986-02-14,8.68,DGS10
1986-02-17,,DGS10
1986-02-18,8.64,DGS10
1986-02-19,8.7,DGS10
1986-02-20,8.67,DGS10
1986-02-21,8.48,DGS10
1986-02-24,8.39,DGS10
1986-02-25,8.4,DGS10
1986-02-26,8.36,DGS10
1986-02-27,8.15,DGS10
1986-02-28,8.13,DGS10
1986-03-03,7.99,DGS10
1986-03-04,7.93,DGS10
1986-03-05,8.12,DGS10
1986-03-06,8.04,DGS10
1986-03-07,7.96,DGS10
1986-03-10,7.76,DGS10
1986-03-11,7.7,DGS10
1986-03-12,7.68,DGS10
1986-03-13,7.75,DGS10
1986-03-14,7.72,DGS10
1986-03-17,7.77,DGS10
1986-03-18,7.83,DGS10
1986-03-19,7.82,DGS10
1986-03-20,7.78,DGS10
1986-03-21,7.8,DGS10
1986-03-24,7.7,DGS10
1986-03-25,7.7,DGS10
1986-03-26,7.64,DGS10
1986-03-27,7.49,DGS10
1986-03-28,,DGS10
1986-03-31,7.39,DGS10
1986-04-01,7.37,DGS10
1986-04-02,7.33,DGS10
1986-04-03,7.41,DGS10
1986-04-04,7.45,DGS10
1986-04-07,7.43,DGS10
1986-04-08,7.31,DGS10
1986-04-09,7.27,DGS10
1986-04-10,7.23,DGS10
1986-04-11,7.29,DGS10
1986-04-14,7.19,DGS10
1986-04-15,7.22,DGS10
1986-04-16,6.98,DGS10
1986-04-17,7.03,DGS10
1986-04-18,7.09,DGS10
1986-04-21,7.04,DGS10
1986-04-22,7.25,DGS10
1986-04-23,7.36,DGS10
1986-04-24,7.51,DGS10
1986-04-25,7.58,DGS10
1986-04-28,7.48,DGS10
1986-04-29,7.38,DGS10
1986-04-30,7.38,DGS10
1986-05-01,7.45,DGS10
1986-05-02,7.51,DGS10
1986-05-05,7.45,DGS10
1986-05-06,7.46,DGS10
1986-05-07,7.43,DGS10
1986-05-08,7.4,DGS10
1986-05-09,7.48,DGS10
1986-05-12,7.67,DGS10
1986-05-13,7.63,DGS10
1986-05-14,7.66,DGS10
1986-05-15,7.79,DGS10
1986-05-16,7.99,DGS10
1986-05-19,7.98,DGS10
1986-05-20,7.88,DGS10
1986-05-21,7.9,DGS10
1986-05-22,7.88,DGS10
1986-05-23,7.84,DGS10
1986-05-26,,DGS10
1986-05-27,7.73,DGS10
1986-05-28,7.73,DGS10
1986-05-29,7.99,DGS10
1986-05-30,8.05,DGS10
1986-06-02,8.32,DGS10
1986-06-03,8.19,DGS10
1986-06-04,8.39,DGS10
1986-06-05,8.31,DGS10
1986-06-06,7.95,DGS10
1986-06-09,8.13,DGS10
1986-06-10,8.07,DGS10
1986-06-11,8.01,DGS10
1986-06-12,7.98,DGS10
1986-06-13,7.73,DGS10
1986-06-16,7.63,DGS10
1986-06-17,7.63,DGS10
1986-06-18,7.57,DGS10
1986-06-19,7.69,DGS10
1986-06-20,7.6,DGS10
1986-06-23,7.55,DGS10
1986-06-24,7.47,DGS10
1986-06-25,7.42,DGS10
1986-06-26,7.42,DGS10
1986-06-27,7.38,DGS10
1986-06-30,7.35,DGS10
1986-07-01,7.37,DGS10
1986-07-02,7.37,DGS10
1986-07-03,7.31,DGS10
1986-07-04,,DGS10
1986-07-07,7.31,DGS10
1986-07-08,7.44,DGS10
1986-07-09,7.31,DGS10
1986-07-10,7.31,DGS10
1986-07-11,7.3,DGS10
1986-07-14,7.25,DGS10
1986-07-15,7.16,DGS10
1986-07-16,7.2,DGS10
1986-07-17,7.18,DGS10
1986-07-18,7.16,DGS10
1986-07-21,7.14,DGS10
1986-07-22,7.2,DGS10
1986-07-23,7.29,DGS10
1986-07-24,7.35,DGS10
1986-07-25,7.33,DGS10
1986-07-28,7.53,DGS10
1986-07-29,7.41,DGS10
1986-07-30,7.41,DGS10
1986-07-31,7.34,DGS10
1986-08-01,7.34,DGS10
1986-08-04,7.33,DGS10
1986-08-05,7.39,DGS10
1986-08-06,7.47,DGS10
1986-08-07,7.45,DGS10
1986-08-08,7.3,DGS10
1986-08-11,7.25,DGS10
1986-08-12,7.23,DGS10
1986-08-13,7.15,DGS10
1986-08-14,7.16,DGS10
1986-08-15,7.14,DGS10
1986-08-18,7.14,DGS10
1986-08-19,7.02,DGS10
1986-08-20,7.0,DGS10
1986-08-21,6.96,DGS10
1986-08-22,7.07,DGS10
1986-08-25,7.06,DGS10
1986-08-26,6.97,DGS10
1986-08-27,7.06,DGS10
1986-08-28,7.04,DGS10
1986-08-29,6.95,DGS10
1986-09-01,,DGS10
1986-09-02,7.03,DGS10
1986-09-03,7.2,DGS10
1986-09-04,7.15,DGS10
1986-09-05,7.32,DGS10
1986-09-08,7.38,DGS10
1986-09-09,7.35,DGS10
1986-09-10,7.35,DGS10
1986-09-11,7.57,DGS10
1986-09-12,7.63,DGS10
1986-09-15,7.53,DGS10
1986-09-16,7.53,DGS10
1986-09-17,7.46,DGS10
1986-09-18,7.62,DGS10
1986-09-19,7.67,DGS10
1986-09-22,7.62,DGS10
1986-09-23,7.58,DGS10
1986-09-24,7.48,DGS10
1986-09-25,7.47,DGS10
1986-09-26,7.47,DGS10
1986-09-29,7.54,DGS10
1986-09-30,7.45,DGS10
1986-10-01,7.41,DGS10
1986-10-02,7.45,DGS10
1986-10-03,7.31,DGS10
1986-10-06,7.28,DGS10
1986-10-07,7.28,DGS10
1986-10-08,7.31,DGS10
1986-10-09,7.33,DGS10
1986-10-10,7.36,DGS10
1986-10-13,,DGS10
1986-10-14,7.49,DGS10
1986-10-15,7.51,DGS10
1986-10-16,7.53,DGS10
1986-10-17,7.57,DGS10
1986-10-20,7.66,DGS10
1986-10-21,7.57,DGS10
1986-10-22,7.49,DGS10
1986-10-23,7.43,DGS10
1986-10-24,7.47,DGS10
1986-10-27,7.42,DGS10
1986-10-28,7.45,DGS10
1986-10-29,7.41,DGS10
1986-10-30,7.31,DGS10
1986-10-31,7.34,DGS10
1986-11-03,7.29,DGS10
1986-11-04,7.31,DGS10
1986-11-05,7.24,DGS10
1986-11-06,7.32,DGS10
1986-11-07,7.4,DGS10
1986-11-10,7.38,DGS10
1986-11-11,,DGS10
1986-11-12,7.35,DGS10
1986-11-13,7.33,DGS10
1986-11-14,7.29,DGS10
1986-11-17,7.22,DGS10
1986-11-18,7.27,DGS10
1986-11-19,7.19,DGS10
1986-11-20,7.19,DGS10
1986-11-21,7.17,DGS10
1986-11-24,7.11,DGS10
1986-11-25,7.15,DGS10
1986-11-26,7.15,DGS10
1986-11-27,,DGS10
1986-11-28,7.15,DGS10
1986-12-01,7.18,DGS10
1986-12-02,7.08,DGS10
1986-12-03,7.06,DGS10
1986-12-04,7.01,DGS10
1986-12-05,7.12,DGS10
1986-12-08,7.1,DGS10
1986-12-09,7.07,DGS10
1986-12-10,7.05,DGS10
1986-12-11,7.12,DGS10
1986-12-12,7.13,DGS10
1986-12-15,7.15,DGS10
1986-12-16,7.12,DGS10
1986-12-17,7.12,DGS10
1986-12-18,7.11,DGS10
1986-12-19,7.1,DGS10
1986-12-22,7.1,DGS10
1986-12-23,7.08,DGS10
1986-12-24,7.07,DGS10
1986-12-25,,DGS10
1986-12-26,7.08,DGS10
1986-12-29,7.17,DGS10
1986-12-30,7.23,DGS10
1986-12-31,7.23,DGS10
1987-01-01,,DGS10
1987-01-02,7.18,DGS10
1987-01-05,7.08,DGS10
1987-01-06,7.08,DGS10
1987-01-07,7.05,DGS10
1987-01-08,7.04,DGS10
1987-01-09,7.01,DGS10
1987-01-12,7.05,DGS10
1987-01-13,7.1,DGS10
1987-01-14,7.11,DGS10
1987-01-15,7.08,DGS10
1987-01-16,7.03,DGS10
1987-01-19,,DGS10
1987-01-20,7.01,DGS10
1987-01-21,7.01,DGS10
1987-01-22,7.03,DGS10
1987-01-23,7.06,DGS10
1987-01-26,7.17,DGS10
1987-01-27,7.16,DGS10
1987-01-28,7.13,DGS10
1987-01-29,7.13,DGS10
1987-01-30,7.18,DGS10
1987-02-02,7.23,DGS10
1987-02-03,7.25,DGS10
1987-02-04,7.23,DGS10
1987-02-05,7.2,DGS10
1987-02-06,7.19,DGS10
1987-02-09,7.25,DGS10
1987-02-10,7.33,DGS10
1987-02-11,7.37,DGS10
1987-02-12,7.31,DGS10
1987-02-13,7.28,DGS10
1987-02-16,,DGS10
1987-02-17,7.33,DGS10
1987-02-18,7.3,DGS10
1987-02-19,7.23,DGS10
1987-02-20,7.24,DGS10
1987-02-23,7.23,DGS10
1987-02-24,7.18,DGS10
1987-02-25,7.21,DGS10
1987-02-26,7.21,DGS10
1987-02-27,7.19,DGS10
1987-03-02,7.17,DGS10
1987-03-03,7.21,DGS10
1987-03-04,7.14,DGS10
1987-03-05,7.16,DGS10
1987-03-06,7.23,DGS10
1987-03-09,7.23,DGS10
1987-03-10,7.23,DGS10
1987-03-11,7.23,DGS10
1987-03-12,7.22,DGS10
1987-03-13,7.19,DGS10
1987-03-16,7.22,DGS10
1987-03-17,7.2,DGS10
1987-03-18,7.21,DGS10
1987-03-19,7.21,DGS10
1987-03-20,7.22,DGS10
1987-03-23,7.25,DGS10
1987-03-24,7.27,DGS10
1987-03-25,7.26,DGS10
1987-03-26,7.24,DGS10
1987-03-27,7.33,DGS10
1987-03-30,7.54,DGS10
1987-03-31,7.51,DGS10
1987-04-01,7.59,DGS10
1987-04-02,7.59,DGS10
1987-04-03,7.59,DGS10
1987-04-06,7.54,DGS10
1987-04-07,7.62,DGS10
1987-04-08,7.61,DGS10
1987-04-09,7.78,DGS10
1987-04-10,7.98,DGS10
1987-04-13,8.07,DGS10
1987-04-14,8.28,DGS10
1987-04-15,8.1,DGS10
1987-04-16,8.03,DGS10
1987-04-17,,DGS10
1987-04-20,8.2,DGS10
1987-04-21,8.19,DGS10
1987-04-22,8.24,DGS10
1987-04-23,8.39,DGS10
1987-04-24,8.47,DGS10
1987-04-27,8.37,DGS10
1987-04-28,8.28,DGS10
1987-04-29,8.35,DGS10
1987-04-30,8.21,DGS10
1987-05-01,8.39,DGS10
1987-05-04,8.52,DGS10
1987-05-05,8.45,DGS10
1987-05-06,8.54,DGS10
1987-05-07,8.5,DGS10
1987-05-08,8.43,DGS10
1987-05-11,8.57,DGS10
1987-05-12,8.55,DGS10
1987-05-13,8.55,DGS10
1987-05-14,8.57,DGS10
1987-05-15,8.8,DGS10
1987-05-18,8.73,DGS10
1987-05-19,8.89,DGS10
1987-05-20,8.92,DGS10
1987-05-21,8.87,DGS10
1987-05-22,8.78,DGS10
1987-05-25,,DGS10
1987-05-26,8.55,DGS10
1987-05-27,8.6,DGS10
1987-05-28,8.56,DGS10
1987-05-29,8.49,DGS10
1987-06-01,8.45,DGS10
1987-06-02,8.72,DGS10
1987-06-03,8.64,DGS10
1987-06-04,8.58,DGS10
1987-06-05,8.5,DGS10
1987-06-08,8.53,DGS10
1987-06-09,8.56,DGS10
1987-06-10,8.56,DGS10
1987-06-11,8.52,DGS10
1987-06-12,8.32,DGS10
1987-06-15,8.28,DGS10
1987-06-16,8.28,DGS10
1987-06-17,8.23,DGS10
1987-06-18,8.27,DGS10
1987-06-19,8.3,DGS10
1987-06-22,8.23,DGS10
1987-06-23,8.23,DGS10
1987-06-24,8.31,DGS10
1987-06-25,8.25,DGS10
1987-06-26,8.37,DGS10
1987-06-29,8.34,DGS10
1987-06-30,8.38,DGS10
1987-07-01,8.36,DGS10
1987-07-02,8.3,DGS10
1987-07-03,,DGS10
1987-07-06,8.29,DGS10
1987-07-07,8.28,DGS10
1987-07-08,8.32,DGS10
1987-07-09,8.37,DGS10
1987-07-10,8.32,DGS10
1987-07-13,8.38,DGS10
1987-07-14,8.33,DGS10
1987-07-15,8.43,DGS10
1987-07-16,8.41,DGS10
1987-07-17,8.36,DGS10
1987-07-20,8.41,DGS10
1987-07-21,8.49,DGS10
1987-07-22,8.54,DGS10
1987-07-23,8.56,DGS10
1987-07-24,8.58,DGS10
1987-07-27,8.6,DGS10
1987-07-28,8.62,DGS10
1987-07-29,8.61,DGS10
1987-07-30,8.61,DGS10
1987-07-31,8.66,DGS10
1987-08-03,8.81,DGS10
1987-08-04,8.81,DGS10
1987-08-05,8.71,DGS10
1987-08-06,8.73,DGS10
1987-08-07,8.7,DGS10
1987-08-10,8.74,DGS10
1987-08-11,8.73,DGS10
1987-08-12,8.72,DGS10
1987-08-13,8.63,DGS10
1987-08-14,8.58,DGS10
1987-08-17,8.56,DGS10
1987-08-18,8.73,DGS10
1987-08-19,8.77,DGS10
1987-08-20,8.74,DGS10
1987-08-21,8.77,DGS10
1987-08-24,8.78,DGS10
1987-08-25,8.73,DGS10
1987-08-26,8.79,DGS10
1987-08-27,8.92,DGS10
1987-08-28,9.02,DGS10
1987-08-31,9.0,DGS10
1987-09-01,9.05,DGS10
1987-09-02,9.28,DGS10
1987-09-03,9.29,DGS10
1987-09-04,9.3,DGS10
1987-09-07,,DGS10
1987-09-08,9.5,DGS10
1987-09-09,9.48,DGS10
1987-09-10,9.42,DGS10
1987-09-11,9.33,DGS10
1987-09-14,9.34,DGS10
1987-09-15,9.44,DGS10
1987-09-16,9.52,DGS10
1987-09-17,9.48,DGS10
1987-09-18,9.38,DGS10
1987-09-21,9.45,DGS10
1987-09-22,9.37,DGS10
1987-09-23,9.4,DGS10
1987-09-24,9.51,DGS10
1987-09-25,9.53,DGS10
1987-09-28,9.52,DGS10
1987-09-29,9.64,DGS10
1987-09-30,9.63,DGS10
1987-10-01,9.66,DGS10
1987-10-02,9.6,DGS10
1987-10-05,9.69,DGS10
1987-10-06,9.72,DGS10
1987-10-07,9.71,DGS10
1987-10-08,9.86,DGS10
1987-10-09,9.94,DGS10
1987-10-12,,DGS10
1987-10-13,9.9,DGS10
1987-10-14,10.13,DGS10
1987-10-15,10.18,DGS10
1987-10-16,10.23,DGS10
1987-10-19,10.15,DGS10
1987-10-20,9.4,DGS10
1987-10-21,9.3,DGS10
1987-10-22,8.97,DGS10
1987-10-23,8.98,DGS10
1987-10-26,8.8,DGS10
1987-10-27,8.92,DGS10
1987-10-28,9.01,DGS10
1987-10-29,8.89,DGS10
1987-10-30,8.88,DGS10
1987-11-02,8.98,DGS10
1987-11-03,8.91,DGS10
1987-11-04,8.85,DGS10
1987-11-05,8.72,DGS10
1987-11-06,8.76,DGS10
1987-11-09,8.78,DGS10
1987-11-10,8.79,DGS10
1987-11-11,,DGS10
1987-11-12,8.8,DGS10
1987-11-13,8.84,DGS10
1987-11-16,8.82,DGS10
1987-11-17,8.86,DGS10
1987-11-18,8.85,DGS10
1987-11-19,8.83,DGS10
1987-11-20,8.79,DGS10
1987-11-23,8.8,DGS10
1987-11-24,8.89,DGS10
1987-11-25,8.98,DGS10
1987-11-26,,DGS10
1987-11-27,9.11,DGS10
1987-11-30,8.99,DGS10
1987-12-01,9.01,DGS10
1987-12-02,9.01,DGS10
1987-12-03,8.94,DGS10
1987-12-04,8.94,DGS10
1987-12-07,9.07,DGS10
1987-12-08,9.09,DGS10
1987-12-09,9.05,DGS10
1987-12-10,9.23,DGS10
1987-12-11,9.28,DGS10
1987-12-14,9.23,DGS10
1987-12-15,9.09,DGS10
1987-12-16,9.0,DGS10
1987-12-17,9.03,DGS10
1987-12-18,8.89,DGS10
1987-12-21,8.88,DGS10
1987-12-22,8.95,DGS10
1987-12-23,8.83,DGS10
1987-12-24,8.82,DGS10
1987-12-25,,DGS10
1987-12-28,8.93,DGS10
1987-12-29,8.85,DGS10
1987-12-30,8.78,DGS10
1987-12-31,8.83,DGS10
1988-01-01,,DGS10
1988-01-04,8.83,DGS10
1988-01-05,8.76,DGS10
1988-01-06,8.82,DGS10
1988-01-07,8.83,DGS10
1988-01-08,8.97,DGS10
1988-01-11,8.94,DGS10
1988-01-12,8.93,DGS10
1988-01-13,8.87,DGS10
1988-01-14,8.86,DGS10
1988-01-15,8.6,DGS10
1988-01-18,,DGS10
1988-01-19,8.65,DGS10
1988-01-20,8.61,DGS10
1988-01-21,8.53,DGS10
1988-01-22,8.49,DGS10
1988-01-25,8.45,DGS10
1988-01-26,8.54,DGS10
1988-01-27,8.38,DGS10
1988-01-28,8.33,DGS10
1988-01-29,8.26,DGS10
1988-02-01,8.26,DGS10
1988-02-02,8.18,DGS10
1988-02-03,8.21,DGS10
1988-02-04,8.24,DGS10
1988-02-05,8.12,DGS10
1988-02-08,8.19,DGS10
1988-02-09,8.16,DGS10
1988-02-10,8.11,DGS10
1988-02-11,8.16,DGS10
1988-02-12,8.28,DGS10
1988-02-15,,DGS10
1988-02-16,8.31,DGS10
1988-02-17,8.32,DGS10
1988-02-18,8.28,DGS10
1988-02-19,8.26,DGS10
1988-02-22,8.24,DGS10
1988-02-23,8.17,DGS10
1988-02-24,8.18,DGS10
1988-02-25,8.23,DGS10
1988-02-26,8.18,DGS10
1988-02-29,8.16,DGS10
1988-03-01,8.15,DGS10
1988-03-02,8.13,DGS10
1988-03-03,8.12,DGS10
1988-03-04,8.28,DGS10
1988-03-07,8.3,DGS10
1988-03-08,8.33,DGS10
1988-03-09,8.32,DGS10
1988-03-10,8.35,DGS10
1988-03-11,8.29,DGS10
1988-03-14,8.29,DGS10
1988-03-15,8.3,DGS10
1988-03-16,8.36,DGS10
1988-03-17,8.3,DGS10
1988-03-18,8.41,DGS10
1988-03-21,8.47,DGS10
1988-03-22,8.46,DGS10
1988-03-23,8.47,DGS10
1988-03-24,8.51,DGS10
1988-03-25,8.47,DGS10
1988-03-28,8.58,DGS10
1988-03-29,8.56,DGS10
1988-03-30,8.57,DGS10
1988-03-31,8.57,DGS10
1988-04-01,,DGS10
1988-04-04,8.68,DGS10
1988-04-05,8.67,DGS10
1988-04-06,8.61,DGS10
1988-04-07,8.6,DGS10
1988-04-08,8.52,DGS10
1988-04-11,8.59,DGS10
1988-04-12,8.57,DGS10
1988-04-13,8.56,DGS10
1988-04-14,8.67,DGS10
1988-04-15,8.74,DGS10
1988-04-18,8.81,DGS10
1988-04-19,8.81,DGS10
1988-04-20,8.83,DGS10
1988-04-21,8.82,DGS10
1988-04-22,8.78,DGS10
1988-04-25,8.78,DGS10
1988-04-26,8.8,DGS10
1988-04-27,8.8,DGS10
1988-04-28,8.86,DGS10
1988-04-29,8.87,DGS10
1988-05-02,8.94,DGS10
1988-05-03,8.89,DGS10
1988-05-04,8.9,DGS10
1988-05-05,8.92,DGS10
1988-05-06,9.01,DGS10
1988-05-09,9.03,DGS10
1988-05-10,9.07,DGS10
1988-05-11,9.05,DGS10
1988-05-12,9.04,DGS10
1988-05-13,9.0,DGS10
1988-05-16,9.01,DGS10
1988-05-17,9.12,DGS10
1988-05-18,9.19,DGS10
1988-05-19,9.18,DGS10
1988-05-20,9.22,DGS10
1988-05-23,9.23,DGS10
1988-05-24,9.22,DGS10
1988-05-25,9.2,DGS10
1988-05-26,9.21,DGS10
1988-05-27,9.24,DGS10
1988-05-30,,DGS10
1988-05-31,9.2,DGS10
1988-06-01,9.03,DGS10
1988-06-02,9.07,DGS10
1988-06-03,8.97,DGS10
1988-06-06,8.97,DGS10
1988-06-07,9.02,DGS10
1988-06-08,8.92,DGS10
1988-06-09,8.96,DGS10
1988-06-10,8.92,DGS10
1988-06-13,8.91,DGS10
1988-06-14,8.69,DGS10
1988-06-15,8.71,DGS10
1988-06-16,8.89,DGS10
1988-06-17,9.02,DGS10
1988-06-20,9.02,DGS10
1988-06-21,9.03,DGS10
1988-06-22,8.9,DGS10
1988-06-23,8.88,DGS10
1988-06-24,8.85,DGS10
1988-06-27,8.94,DGS10
1988-06-28,8.87,DGS10
1988-06-29,8.88,DGS10
1988-06-30,8.82,DGS10
1988-07-01,8.77,DGS10
1988-07-04,,DGS10
1988-07-05,8.82,DGS10
1988-07-06,8.91,DGS10
1988-07-07,8.95,DGS10
1988-07-08,9.04,DGS10
1988-07-11,9.02,DGS10
1988-07-12,9.08,DGS10
1988-07-13,9.12,DGS10
1988-07-14,9.12,DGS10
1988-07-15,9.08,DGS10
1988-07-18,9.15,DGS10
1988-07-19,9.1,DGS10
1988-07-20,9.11,DGS10
1988-07-21,9.16,DGS10
1988-07-22,9.11,DGS10
1988-07-25,9.07,DGS10
1988-07-26,9.09,DGS10
1988-07-27,9.14,DGS10
1988-07-28,9.16,DGS10
1988-07-29,9.12,DGS10
1988-08-01,9.07,DGS10
1988-08-02,9.0,DGS10
1988-08-03,9.04,DGS10
1988-08-04,8.99,DGS10
1988-08-05,9.12,DGS10
1988-08-08,9.12,DGS10
1988-08-09,9.2,DGS10
1988-08-10,9.3,DGS10
1988-08-11,9.35,DGS10
1988-08-12,9.36,DGS10
1988-08-15,9.37,DGS10
1988-08-16,9.35,DGS10
1988-08-17,9.38,DGS10
1988-08-18,9.35,DGS10
1988-08-19,9.35,DGS10
1988-08-22,9.37,DGS10
1988-08-23,9.32,DGS10
1988-08-24,9.34,DGS10
1988-08-25,9.41,DGS10
1988-08-26,9.38,DGS10
1988-08-29,9.3,DGS10
1988-08-30,9.27,DGS10
1988-08-31,9.25,DGS10
1988-09-01,9.25,DGS10
1988-09-02,9.0,DGS10
1988-09-05,,DGS10
1988-09-06,8.99,DGS10
1988-09-07,8.99,DGS10
1988-09-08,8.99,DGS10
1988-09-09,8.93,DGS10
1988-09-12,8.97,DGS10
1988-09-13,8.94,DGS10
1988-09-14,8.88,DGS10
1988-09-15,8.91,DGS10
1988-09-16,8.93,DGS10
1988-09-19,8.97,DGS10
1988-09-20,8.97,DGS10
1988-09-21,8.93,DGS10
1988-09-22,8.95,DGS10
1988-09-23,8.97,DGS10
1988-09-26,9.0,DGS10
1988-09-27,9.04,DGS10
1988-09-28,9.06,DGS10
1988-09-29,8.98,DGS10
1988-09-30,8.87,DGS10
1988-10-03,8.84,DGS10
1988-10-04,8.87,DGS10
1988-10-05,8.87,DGS10
1988-10-06,8.87,DGS10
1988-10-07,8.7,DGS10
1988-10-10,,DGS10
1988-10-11,8.75,DGS10
1988-10-12,8.84,DGS10
1988-10-13,8.84,DGS10
1988-10-14,8.81,DGS10
1988-10-17,8.79,DGS10
1988-10-18,8.78,DGS10
1988-10-19,8.82,DGS10
1988-10-20,8.79,DGS10
1988-10-21,8.83,DGS10
1988-10-24,8.83,DGS10
1988-10-25,8.83,DGS10
1988-10-26,8.79,DGS10
1988-10-27,8.72,DGS10
1988-10-28,8.69,DGS10
1988-10-31,8.65,DGS10
1988-11-01,8.68,DGS10
1988-11-02,8.73,DGS10
1988-11-03,8.69,DGS10
1988-11-04,8.85,DGS10
1988-11-07,8.91,DGS10
1988-11-08,8.91,DGS10
1988-11-09,8.91,DGS10
1988-11-10,8.9,DGS10
1988-11-11,,DGS10
1988-11-14,8.91,DGS10
1988-11-15,8.92,DGS10
1988-11-16,9.0,DGS10
1988-11-17,9.06,DGS10
1988-11-18,9.05,DGS10
1988-11-21,9.04,DGS10
1988-11-22,9.09,DGS10
1988-11-23,9.08,DGS10
1988-11-24,,DGS10
1988-11-25,9.17,DGS10
1988-11-28,9.16,DGS10
1988-11-29,9.13,DGS10
1988-11-30,9.06,DGS10
1988-12-01,9.01,DGS10
1988-12-02,9.18,DGS10
1988-12-05,9.13,DGS10
1988-12-06,8.95,DGS10
1988-12-07,9.0,DGS10
1988-12-08,9.02,DGS10
1988-12-09,9.07,DGS10
1988-12-12,9.08,DGS10
1988-12-13,9.15,DGS10
1988-12-14,9.19,DGS10
1988-12-15,9.19,DGS10
1988-12-16,9.17,DGS10
1988-12-19,9.15,DGS10
1988-12-20,9.08,DGS10
1988-12-21,9.07,DGS10
1988-12-22,9.07,DGS10
1988-12-23,9.05,DGS10
1988-12-26,,DGS10
1988-12-27,9.13,DGS10
1988-12-28,9.21,DGS10
1988-12-29,9.18,DGS10
1988-12-30,9.14,DGS10
1989-01-02,,DGS10
1989-01-03,9.23,DGS10
1989-01-04,9.22,DGS10
1989-01-05,9.27,DGS10
1989-01-06,9.25,DGS10
1989-01-09,9.23,DGS10
1989-01-10,9.24,DGS10
1989-01-11,9.24,DGS10
1989-01-12,9.14,DGS10
1989-01-13,9.06,DGS10
1989-01-16,,DGS10
1989-01-17,9.06,DGS10
1989-01-18,8.99,DGS10
1989-01-19,9.0,DGS10
1989-01-20,9.03,DGS10
1989-01-23,9.0,DGS10
1989-01-24,8.93,DGS10
1989-01-25,8.99,DGS10
1989-01-26,8.99,DGS10
1989-01-27,8.95,DGS10
1989-01-30,9.0,DGS10
1989-01-31,9.01,DGS10
1989-02-01,8.99,DGS10
1989-02-02,8.98,DGS10
1989-02-03,9.01,DGS10
1989-02-06,9.01,DGS10
1989-02-07,8.96,DGS10
1989-02-08,8.95,DGS10
1989-02-09,9.13,DGS10
1989-02-10,9.19,DGS10
1989-02-13,9.2,DGS10
1989-02-14,9.23,DGS10
1989-02-15,9.22,DGS10
1989-02-16,9.21,DGS10
1989-02-17,9.2,DGS10
1989-02-20,,DGS10
1989-02-21,9.22,DGS10
1989-02-22,9.29,DGS10
1989-02-23,9.36,DGS10
1989-02-24,9.38,DGS10
1989-02-27,9.36,DGS10
1989-02-28,9.32,DGS10
1989-03-01,9.36,DGS10
1989-03-02,9.31,DGS10
1989-03-03,9.31,DGS10
1989-03-06,9.26,DGS10
1989-03-07,9.26,DGS10
1989-03-08,9.23,DGS10
1989-03-09,9.24,DGS10
1989-03-10,9.34,DGS10
1989-03-13,9.35,DGS10
1989-03-14,9.32,DGS10
1989-03-15,9.31,DGS10
1989-03-16,9.3,DGS10
1989-03-17,9.49,DGS10
1989-03-20,9.53,DGS10
1989-03-21,9.53,DGS10
1989-03-22,9.45,DGS10
1989-03-23,9.43,DGS10
1989-03-24,,DGS10
1989-03-27,9.44,DGS10
1989-03-28,9.41,DGS10
1989-03-29,9.36,DGS10
1989-03-30,9.34,DGS10
1989-03-31,9.3,DGS10
1989-04-03,9.21,DGS10
1989-04-04,9.17,DGS10
1989-04-05,9.17,DGS10
1989-04-06,9.2,DGS10
1989-04-07,9.27,DGS10
1989-04-10,9.27,DGS10
1989-04-11,9.27,DGS10
1989-04-12,9.29,DGS10
1989-04-13,9.34,DGS10
1989-04-14,9.18,DGS10
1989-04-17,9.2,DGS10
1989-04-18,9.06,DGS10
1989-04-19,9.08,DGS10
1989-04-20,9.2,DGS10
1989-04-21,9.15,DGS10
1989-04-24,9.15,DGS10
1989-04-25,9.12,DGS10
1989-04-26,9.11,DGS10
1989-04-27,9.05,DGS10
1989-04-28,9.02,DGS10
1989-05-01,9.14,DGS10
1989-05-02,9.08,DGS10
1989-05-03,9.06,DGS10
1989-05-04,9.06,DGS10
1989-05-05,8.99,DGS10
1989-05-08,9.04,DGS10
1989-05-09,9.15,DGS10
1989-05-10,9.16,DGS10
1989-05-11,9.1,DGS10
1989-05-12,8.81,DGS10
1989-05-15,8.82,DGS10
1989-05-16,8.82,DGS10
1989-05-17,8.8,DGS10
1989-05-18,8.78,DGS10
1989-05-19,8.71,DGS10
1989-05-22,8.58,DGS10
1989-05-23,8.6,DGS10
1989-05-24,8.63,DGS10
1989-05-25,8.67,DGS10
1989-05-26,8.66,DGS10
1989-05-29,,DGS10
1989-05-30,8.64,DGS10
1989-05-31,8.6,DGS10
1989-06-01,8.61,DGS10
1989-06-02,8.43,DGS10
1989-06-05,8.36,DGS10
1989-06-06,8.36,DGS10
1989-06-07,8.27,DGS10
1989-06-08,8.27,DGS10
1989-06-09,8.15,DGS10
1989-06-12,8.16,DGS10
1989-06-13,8.25,DGS10
1989-06-14,8.2,DGS10
1989-06-15,8.33,DGS10
1989-06-16,8.35,DGS10
1989-06-19,8.37,DGS10
1989-06-20,8.31,DGS10
1989-06-21,8.37,DGS10
1989-06-22,8.38,DGS10
1989-06-23,8.25,DGS10
1989-06-26,8.18,DGS10
1989-06-27,8.11,DGS10
1989-06-28,8.17,DGS10
1989-06-29,8.12,DGS10
1989-06-30,8.1,DGS10
1989-07-03,8.09,DGS10
1989-07-04,,DGS10
1989-07-05,8.11,DGS10
1989-07-06,8.08,DGS10
1989-07-07,8.02,DGS10
1989-07-10,7.99,DGS10
1989-07-11,8.0,DGS10
1989-07-12,8.0,DGS10
1989-07-13,8.0,DGS10
1989-07-14,8.04,DGS10
1989-07-17,8.05,DGS10
1989-07-18,8.13,DGS10
1989-07-19,8.09,DGS10
1989-07-20,8.01,DGS10
1989-07-21,8.07,DGS10
1989-07-24,8.05,DGS10
1989-07-25,8.01,DGS10
1989-07-26,8.02,DGS10
1989-07-27,7.92,DGS10
1989-07-28,7.87,DGS10
1989-07-31,7.82,DGS10
1989-08-01,7.74,DGS10
1989-08-02,7.76,DGS10
1989-08-03,7.8,DGS10
1989-08-04,8.0,DGS10
1989-08-07,8.03,DGS10
1989-08-08,8.0,DGS10
1989-08-09,8.05,DGS10
1989-08-10,8.02,DGS10
1989-08-11,8.09,DGS10
1989-08-14,8.24,DGS10
1989-08-15,8.21,DGS10
1989-08-16,8.12,DGS10
1989-08-17,8.18,DGS10
1989-08-18,8.15,DGS10
1989-08-21,8.2,DGS10
1989-08-22,8.29,DGS10
1989-08-23,8.25,DGS10
1989-08-24,8.2,DGS10
1989-08-25,8.21,DGS10
1989-08-28,8.27,DGS10
1989-08-29,8.27,DGS10
1989-08-30,8.25,DGS10
1989-08-31,8.26,DGS10
1989-09-01,8.19,DGS10
1989-09-04,,DGS10
1989-09-05,8.19,DGS10
1989-09-06,8.17,DGS10
1989-09-07,8.17,DGS10
1989-09-08,8.14,DGS10
1989-09-11,8.13,DGS10
1989-09-12,8.13,DGS10
1989-09-13,8.18,DGS10
1989-09-14,8.13,DGS10
1989-09-15,8.09,DGS10
1989-09-18,8.1,DGS10
1989-09-19,8.09,DGS10
1989-09-20,8.15,DGS10
1989-09-21,8.2,DGS10
1989-09-22,8.22,DGS10
1989-09-25,8.32,DGS10
1989-09-26,8.3,DGS10
1989-09-27,8.3,DGS10
1989-09-28,8.3,DGS10
1989-09-29,8.31,DGS10
1989-10-02,8.28,DGS10
1989-10-03,8.23,DGS10
1989-10-04,8.22,DGS10
1989-10-05,8.15,DGS10
1989-10-06,8.03,DGS10
1989-10-09,,DGS10
1989-10-10,8.03,DGS10
1989-10-11,8.07,DGS10
1989-10-12,8.04,DGS10
1989-10-13,7.87,DGS10
1989-10-16,7.98,DGS10
1989-10-17,8.0,DGS10
1989-10-18,8.01,DGS10
1989-10-19,7.96,DGS10
1989-10-20,7.98,DGS10
1989-10-23,7.92,DGS10
1989-10-24,7.87,DGS10
1989-10-25,7.86,DGS10
1989-10-26,7.88,DGS10
1989-10-27,7.94,DGS10
1989-10-30,7.92,DGS10
1989-10-31,7.92,DGS10
1989-11-01,7.91,DGS10
1989-11-02,7.87,DGS10
1989-11-03,7.96,DGS10
1989-11-06,8.0,DGS10
1989-11-07,7.9,DGS10
1989-11-08,7.87,DGS10
1989-11-09,7.9,DGS10
1989-11-10,7.92,DGS10
1989-11-13,7.89,DGS10
1989-11-14,7.87,DGS10
1989-11-15,7.82,DGS10
1989-11-16,7.82,DGS10
1989-11-17,7.88,DGS10
1989-11-20,7.86,DGS10
1989-11-21,7.85,DGS10
1989-11-22,7.81,DGS10
1989-11-23,,DGS10
1989-11-24,7.8,DGS10
1989-11-27,7.85,DGS10
1989-11-28,7.86,DGS10
1989-11-29,7.88,DGS10
1989-11-30,7.84,DGS10
1989-12-01,7.81,DGS10
1989-12-04,7.82,DGS10
1989-12-05,7.82,DGS10
1989-12-06,7.85,DGS10
1989-12-07,7.88,DGS10
1989-12-08,7.82,DGS10
1989-12-11,7.83,DGS10
1989-12-12,7.84,DGS10
1989-12-13,7.82,DGS10
1989-12-14,7.79,DGS10
1989-12-15,7.8,DGS10
1989-12-18,7.77,DGS10
1989-12-19,7.78,DGS10
1989-12-20,7.77,DGS10
1989-12-21,7.77,DGS10
1989-12-22,7.82,DGS10
1989-12-25,,DGS10
1989-12-26,7.95,DGS10
1989-12-27,7.94,DGS10
1989-12-28,7.91,DGS10
1989-12-29,7.93,DGS10
1990-01-01,,DGS10
1990-01-02,7.94,DGS10
1990-01-03,7.99,DGS10
1990-01-04,7.98,DGS10
1990-01-05,7.99,DGS10
1990-01-08,8.02,DGS10
1990-01-09,8.02,DGS10
1990-01-10,8.03,DGS10
1990-01-11,8.04,DGS10
1990-01-12,8.1,DGS10
1990-01-15,,DGS10
1990-01-16,8.2,DGS10
1990-01-17,8.19,DGS10
1990-01-18,8.32,DGS10
1990-01-19,8.26,DGS10
1990-01-22,8.27,DGS10
1990-01-23,8.26,DGS10
1990-01-24,8.38,DGS10
1990-01-25,8.42,DGS10
1990-01-26,8.49,DGS10
1990-01-29,8.5,DGS10
1990-01-30,8.51,DGS10
1990-01-31,8.43,DGS10
1990-02-01,8.42,DGS10
1990-02-02,8.5,DGS10
1990-02-05,8.53,DGS10
1990-02-06,8.57,DGS10
1990-02-07,8.52,DGS10
1990-02-08,8.49,DGS10
1990-02-09,8.31,DGS10
1990-02-12,8.4,DGS10
1990-02-13,8.35,DGS10
1990-02-14,8.36,DGS10
1990-02-15,8.43,DGS10
1990-02-16,8.42,DGS10
1990-02-19,,DGS10
1990-02-20,8.62,DGS10
1990-02-21,8.62,DGS10
1990-02-22,8.54,DGS10
1990-02-23,8.53,DGS10
1990-02-26,8.46,DGS10
1990-02-27,8.41,DGS10
1990-02-28,8.51,DGS10
1990-03-01,8.59,DGS10
1990-03-02,8.54,DGS10
1990-03-05,8.65,DGS10
1990-03-06,8.59,DGS10
1990-03-07,8.58,DGS10
1990-03-08,8.57,DGS10
1990-03-09,8.65,DGS10
1990-03-12,8.63,DGS10
1990-03-13,8.73,DGS10
1990-03-14,8.65,DGS10
1990-03-15,8.66,DGS10
1990-03-16,8.59,DGS10
1990-03-19,8.59,DGS10
1990-03-20,8.54,DGS10
1990-03-21,8.55,DGS10
1990-03-22,8.53,DGS10
1990-03-23,8.52,DGS10
1990-03-26,8.51,DGS10
1990-03-27,8.52,DGS10
1990-03-28,8.51,DGS10
1990-03-29,8.6,DGS10
1990-03-30,8.65,DGS10
1990-04-02,8.65,DGS10
1990-04-03,8.63,DGS10
1990-04-04,8.55,DGS10
1990-04-05,8.57,DGS10
1990-04-06,8.56,DGS10
1990-04-09,8.59,DGS10
1990-04-10,8.6,DGS10
1990-04-11,8.63,DGS10
1990-04-12,8.64,DGS10
1990-04-13,,DGS10
1990-04-16,8.68,DGS10
1990-04-17,8.77,DGS10
1990-04-18,8.86,DGS10
1990-04-19,8.87,DGS10
1990-04-20,8.95,DGS10
1990-04-23,8.98,DGS10
1990-04-24,9.0,DGS10
1990-04-25,9.01,DGS10
1990-04-26,9.07,DGS10
1990-04-27,9.06,DGS10
1990-04-30,9.04,DGS10
1990-05-01,9.08,DGS10
1990-05-02,9.09,DGS10
1990-05-03,9.04,DGS10
1990-05-04,8.84,DGS10
1990-05-07,8.87,DGS10
1990-05-08,8.84,DGS10
1990-05-09,8.88,DGS10
1990-05-10,8.82,DGS10
1990-05-11,8.64,DGS10
1990-05-14,8.61,DGS10
1990-05-15,8.65,DGS10
1990-05-16,8.68,DGS10
1990-05-17,8.69,DGS10
1990-05-18,8.75,DGS10
1990-05-21,8.74,DGS10
1990-05-22,8.65,DGS10
1990-05-23,8.61,DGS10
1990-05-24,8.63,DGS10
1990-05-25,8.69,DGS10
1990-05-28,,DGS10
1990-05-29,8.66,DGS10
1990-05-30,8.62,DGS10
1990-05-31,8.6,DGS10
1990-06-01,8.44,DGS10
1990-06-04,8.44,DGS10
1990-06-05,8.47,DGS10
1990-06-06,8.46,DGS10
1990-06-07,8.46,DGS10
1990-06-08,8.46,DGS10
1990-06-11,8.48,DGS10
1990-06-12,8.48,DGS10
1990-06-13,8.4,DGS10
1990-06-14,8.38,DGS10
1990-06-15,8.46,DGS10
1990-06-18,8.5,DGS10
1990-06-19,8.51,DGS10
1990-06-20,8.55,DGS10
1990-06-21,8.52,DGS10
1990-06-22,8.51,DGS10
1990-06-25,8.58,DGS10
1990-06-26,8.56,DGS10
1990-06-27,8.52,DGS10
1990-06-28,8.47,DGS10
1990-06-29,8.43,DGS10
1990-07-02,8.43,DGS10
1990-07-03,8.4,DGS10
1990-07-04,,DGS10
1990-07-05,8.42,DGS10
1990-07-06,8.51,DGS10
1990-07-09,8.57,DGS10
1990-07-10,8.57,DGS10
1990-07-11,8.57,DGS10
1990-07-12,8.5,DGS10
1990-07-13,8.45,DGS10
1990-07-16,8.44,DGS10
1990-07-17,8.44,DGS10
1990-07-18,8.5,DGS10
1990-07-19,8.51,DGS10
1990-07-20,8.48,DGS10
1990-07-23,8.48,DGS10
1990-07-24,8.53,DGS10
1990-07-25,8.49,DGS10
1990-07-26,8.49,DGS10
1990-07-27,8.42,DGS10
1990-07-30,8.34,DGS10
1990-07-31,8.36,DGS10
1990-08-01,8.29,DGS10
1990-08-02,8.41,DGS10
1990-08-03,8.43,DGS10
1990-08-06,8.71,DGS10
1990-08-07,8.78,DGS10
1990-08-08,8.77,DGS10
1990-08-09,8.66,DGS10
1990-08-10,8.68,DGS10
1990-08-13,8.71,DGS10
1990-08-14,8.66,DGS10
1990-08-15,8.64,DGS10
1990-08-16,8.76,DGS10
1990-08-17,8.8,DGS10
1990-08-20,8.81,DGS10
1990-08-21,8.84,DGS10
1990-08-22,8.91,DGS10
1990-08-23,9.0,DGS10
1990-08-24,9.05,DGS10
1990-08-27,8.9,DGS10
1990-08-28,8.94,DGS10
1990-08-29,8.84,DGS10
1990-08-30,8.86,DGS10
1990-08-31,8.86,DGS10
1990-09-03,,DGS10
1990-09-04,8.9,DGS10
1990-09-05,8.86,DGS10
1990-09-06,8.84,DGS10
1990-09-07,8.81,DGS10
1990-09-10,8.85,DGS10
1990-09-11,8.83,DGS10
1990-09-12,8.82,DGS10
1990-09-13,8.82,DGS10
1990-09-14,8.87,DGS10
1990-09-17,8.9,DGS10
1990-09-18,8.9,DGS10
1990-09-19,8.88,DGS10
1990-09-20,8.91,DGS10
1990-09-21,8.99,DGS10
1990-09-24,9.04,DGS10
1990-09-25,9.02,DGS10
1990-09-26,9.0,DGS10
1990-09-27,8.91,DGS10
1990-09-28,8.82,DGS10
1990-10-01,8.71,DGS10
1990-10-02,8.69,DGS10
1990-10-03,8.71,DGS10
1990-10-04,8.67,DGS10
1990-10-05,8.65,DGS10
1990-10-08,,DGS10
1990-10-09,8.83,DGS10
1990-10-10,8.89,DGS10
1990-10-11,8.92,DGS10
1990-10-12,8.84,DGS10
1990-10-15,8.8,DGS10
1990-10-16,8.79,DGS10
1990-10-17,8.76,DGS10
1990-10-18,8.71,DGS10
1990-10-19,8.62,DGS10
1990-10-22,8.63,DGS10
1990-10-23,8.65,DGS10
1990-10-24,8.66,DGS10
1990-10-25,8.62,DGS10
1990-10-26,8.63,DGS10
1990-10-29,8.7,DGS10
1990-10-30,8.7,DGS10
1990-10-31,8.65,DGS10
1990-11-01,8.57,DGS10
1990-11-02,8.57,DGS10
1990-11-05,8.5,DGS10
1990-11-06,8.52,DGS10
1990-11-07,8.57,DGS10
1990-11-08,8.58,DGS10
1990-11-09,8.49,DGS10
1990-11-12,,DGS10
1990-11-13,8.37,DGS10
1990-11-14,8.36,DGS10
1990-11-15,8.37,DGS10
1990-11-16,8.3,DGS10
1990-11-19,8.35,DGS10
1990-11-20,8.31,DGS10
1990-11-21,8.27,DGS10
1990-11-22,,DGS10
1990-11-23,8.28,DGS10
1990-11-26,8.27,DGS10
1990-11-27,8.28,DGS10
1990-11-28,8.3,DGS10
1990-11-29,8.32,DGS10
1990-11-30,8.26,DGS10
1990-12-03,8.22,DGS10
1990-12-04,8.2,DGS10
1990-12-05,8.16,DGS10
1990-12-06,8.18,DGS10
1990-12-07,8.03,DGS10
1990-12-10,7.98,DGS10
1990-12-11,7.94,DGS10
1990-12-12,7.91,DGS10
1990-12-13,7.98,DGS10
1990-12-14,8.05,DGS10
1990-12-17,8.02,DGS10
1990-12-18,7.99,DGS10
1990-12-19,8.0,DGS10
1990-12-20,8.05,DGS10
1990-12-21,8.11,DGS10
1990-12-24,8.2,DGS10
1990-12-25,,DGS10
1990-12-26,8.15,DGS10
1990-12-27,8.11,DGS10
1990-12-28,8.14,DGS10
1990-12-31,8.08,DGS10
1991-01-01,,DGS10
1991-01-02,7.97,DGS10
1991-01-03,7.93,DGS10
1991-01-04,8.02,DGS10
1991-01-07,8.13,DGS10
1991-01-08,8.16,DGS10
1991-01-09,8.25,DGS10
1991-01-10,8.16,DGS10
1991-01-11,8.2,DGS10
1991-01-14,8.23,DGS10
1991-01-15,8.22,DGS10
1991-01-16,8.24,DGS10
1991-01-17,8.05,DGS10
1991-01-18,8.03,DGS10
1991-01-21,,DGS10
1991-01-22,8.07,DGS10
1991-01-23,8.04,DGS10
1991-01-24,8.0,DGS10
1991-01-25,8.06,DGS10
1991-01-28,8.06,DGS10
1991-01-29,8.03,DGS10
1991-01-30,8.05,DGS10
1991-01-31,8.03,DGS10
1991-02-01,7.91,DGS10
1991-02-04,7.88,DGS10
1991-02-05,7.85,DGS10
1991-02-06,7.79,DGS10
1991-02-07,7.82,DGS10
1991-02-08,7.77,DGS10
1991-02-11,7.78,DGS10
1991-02-12,7.78,DGS10
1991-02-13,7.78,DGS10
1991-02-14,7.8,DGS10
1991-02-15,7.78,DGS10
1991-02-18,,DGS10
1991-02-19,7.8,DGS10
1991-02-20,7.84,DGS10
1991-02-21,7.88,DGS10
1991-02-22,7.91,DGS10
1991-02-25,7.91,DGS10
1991-02-26,7.96,DGS10
1991-02-27,7.98,DGS10
1991-02-28,8.02,DGS10
1991-03-01,8.12,DGS10
1991-03-04,8.12,DGS10
1991-03-05,8.08,DGS10
1991-03-06,8.11,DGS10
1991-03-07,8.07,DGS10
1991-03-08,8.13,DGS10
1991-03-11,8.06,DGS10
1991-03-12,8.09,DGS10
1991-03-13,8.02,DGS10
1991-03-14,8.02,DGS10
1991-03-15,8.1,DGS10
1991-03-18,8.15,DGS10
1991-03-19,8.25,DGS10
1991-03-20,8.2,DGS10
1991-03-21,8.16,DGS10
1991-03-22,8.13,DGS10
1991-03-25,8.13,DGS10
1991-03-26,8.13,DGS10
1991-03-27,8.08,DGS10
1991-03-28,8.05,DGS10
1991-03-29,,DGS10
1991-04-01,8.07,DGS10
1991-04-02,8.03,DGS10
1991-04-03,8.05,DGS10
1991-04-04,8.0,DGS10
1991-04-05,7.99,DGS10
1991-04-08,7.98,DGS10
1991-04-09,8.03,DGS10
1991-04-10,8.1,DGS10
1991-04-11,8.09,DGS10
1991-04-12,7.98,DGS10
1991-04-15,7.95,DGS10
1991-04-16,7.97,DGS10
1991-04-17,7.95,DGS10
1991-04-18,8.02,DGS10
1991-04-19,8.1,DGS10
1991-04-22,8.15,DGS10
1991-04-23,8.12,DGS10
1991-04-24,8.06,DGS10
1991-04-25,8.07,DGS10
1991-04-26,8.06,DGS10
1991-04-29,8.07,DGS10
1991-04-30,8.02,DGS10
1991-05-01,8.01,DGS10
1991-05-02,7.97,DGS10
1991-05-03,8.04,DGS10
1991-05-06,8.05,DGS10
1991-05-07,8.06,DGS10
1991-05-08,8.04,DGS10
1991-05-09,8.02,DGS10
1991-05-10,8.12,DGS10
1991-05-13,8.07,DGS10
1991-05-14,8.14,DGS10
1991-05-15,8.13,DGS10
1991-05-16,8.12,DGS10
1991-05-17,8.08,DGS10
1991-05-20,8.1,DGS10
1991-05-21,8.06,DGS10
1991-05-22,8.06,DGS10
1991-05-23,8.1,DGS10
1991-05-24,8.1,DGS10
1991-05-27,,DGS10
1991-05-28,8.07,DGS10
1991-05-29,8.07,DGS10
1991-05-30,8.02,DGS10
1991-05-31,8.06,DGS10
1991-06-03,8.14,DGS10
1991-06-04,8.14,DGS10
1991-06-05,8.19,DGS10
1991-06-06,8.23,DGS10
1991-06-07,8.29,DGS10
1991-06-10,8.29,DGS10
1991-06-11,8.29,DGS10
1991-06-12,8.36,DGS10
1991-06-13,8.34,DGS10
1991-06-14,8.29,DGS10
1991-06-17,8.3,DGS10
1991-06-18,8.32,DGS10
1991-06-19,8.33,DGS10
1991-06-20,8.3,DGS10
1991-06-21,8.32,DGS10
1991-06-24,8.33,DGS10
1991-06-25,8.33,DGS10
1991-06-26,8.33,DGS10
1991-06-27,8.32,DGS10
1991-06-28,8.24,DGS10
1991-07-01,8.26,DGS10
1991-07-02,8.27,DGS10
1991-07-03,8.26,DGS10
1991-07-04,,DGS10
1991-07-05,8.34,DGS10
1991-07-08,8.34,DGS10
1991-07-09,8.36,DGS10
1991-07-10,8.35,DGS10
1991-07-11,8.3,DGS10
1991-07-12,8.26,DGS10
1991-07-15,8.26,DGS10
1991-07-16,8.27,DGS10
1991-07-17,8.3,DGS10
1991-07-18,8.31,DGS10
1991-07-19,8.28,DGS10
1991-07-22,8.28,DGS10
1991-07-23,8.31,DGS10
1991-07-24,8.24,DGS10
1991-07-25,8.2,DGS10
1991-07-26,8.2,DGS10
1991-07-29,8.2,DGS10
1991-07-30,8.21,DGS10
1991-07-31,8.2,DGS10
1991-08-01,8.2,DGS10
1991-08-02,8.06,DGS10
1991-08-05,8.04,DGS10
1991-08-06,7.97,DGS10
1991-08-07,7.93,DGS10
1991-08-08,7.98,DGS10
1991-08-09,7.98,DGS10
1991-08-12,7.95,DGS10
1991-08-13,7.91,DGS10
1991-08-14,7.82,DGS10
1991-08-15,7.84,DGS10
1991-08-16,7.84,DGS10
1991-08-19,7.83,DGS10
1991-08-20,7.81,DGS10
1991-08-21,7.8,DGS10
1991-08-22,7.78,DGS10
1991-08-23,7.88,DGS10
1991-08-26,7.91,DGS10
1991-08-27,7.89,DGS10
1991-08-28,7.82,DGS10
1991-08-29,7.74,DGS10
1991-08-30,7.82,DGS10
1991-09-02,,DGS10
1991-09-03,7.81,DGS10
1991-09-04,7.81,DGS10
1991-09-05,7.83,DGS10
1991-09-06,7.76,DGS10
1991-09-09,7.73,DGS10
1991-09-10,7.73,DGS10
1991-09-11,7.74,DGS10
1991-09-12,7.67,DGS10
1991-09-13,7.66,DGS10
1991-09-16,7.63,DGS10
1991-09-17,7.62,DGS10
1991-09-18,7.62,DGS10
1991-09-19,7.61,DGS10
1991-09-20,7.57,DGS10
1991-09-23,7.55,DGS10
1991-09-24,7.56,DGS10
1991-09-25,7.58,DGS10
1991-09-26,7.56,DGS10
1991-09-27,7.49,DGS10
1991-09-30,7.47,DGS10
1991-10-01,7.45,DGS10
1991-10-02,7.47,DGS10
1991-10-03,7.47,DGS10
1991-10-04,7.39,DGS10
1991-10-07,7.4,DGS10
1991-10-08,7.43,DGS10
1991-10-09,7.51,DGS10
1991-10-10,7.58,DGS10
1991-10-11,7.49,DGS10
1991-10-14,,DGS10
1991-10-15,7.46,DGS10
1991-10-16,7.45,DGS10
1991-10-17,7.55,DGS10
1991-10-18,7.53,DGS10
1991-10-21,7.62,DGS10
1991-10-22,7.67,DGS10
1991-10-23,7.69,DGS10
1991-10-24,7.65,DGS10
1991-10-25,7.68,DGS10
1991-10-28,7.65,DGS10
1991-10-29,7.51,DGS10
1991-10-30,7.48,DGS10
1991-10-31,7.47,DGS10
1991-11-01,7.48,DGS10
1991-11-04,7.5,DGS10
1991-11-05,7.56,DGS10
1991-11-06,7.51,DGS10
1991-11-07,7.43,DGS10
1991-11-08,7.41,DGS10
1991-11-11,,DGS10
1991-11-12,7.37,DGS10
1991-11-13,7.41,DGS10
1991-11-14,7.35,DGS10
1991-11-15,7.33,DGS10
1991-11-18,7.33,DGS10
1991-11-19,7.37,DGS10
1991-11-20,7.38,DGS10
1991-11-21,7.39,DGS10
1991-11-22,7.44,DGS10
1991-11-25,7.45,DGS10
1991-11-26,7.42,DGS10
1991-11-27,7.42,DGS10
1991-11-28,,DGS10
1991-11-29,7.38,DGS10
1991-12-02,7.32,DGS10
1991-12-03,7.28,DGS10
1991-12-04,7.17,DGS10
1991-12-05,7.21,DGS10
1991-12-06,7.26,DGS10
1991-12-09,7.22,DGS10
1991-12-10,7.21,DGS10
1991-12-11,7.22,DGS10
1991-12-12,7.19,DGS10
1991-12-13,7.22,DGS10
1991-12-16,7.21,DGS10
1991-12-17,7.18,DGS10
1991-12-18,7.19,DGS10
1991-12-19,7.11,DGS10
1991-12-20,6.97,DGS10
1991-12-23,6.88,DGS10
1991-12-24,6.88,DGS10
1991-12-25,,DGS10
1991-12-26,6.85,DGS10
1991-12-27,6.82,DGS10
1991-12-30,6.76,DGS10
1991-12-31,6.71,DGS10
1992-01-01,,DGS10
1992-01-02,6.78,DGS10
1992-01-03,6.85,DGS10
1992-01-06,6.82,DGS10
1992-01-07,6.76,DGS10
1992-01-08,6.77,DGS10
1992-01-09,6.79,DGS10
1992-01-10,6.85,DGS10
1992-01-13,6.92,DGS10
1992-01-14,7.03,DGS10
1992-01-15,7.05,DGS10
1992-01-16,7.13,DGS10
1992-01-17,7.09,DGS10
1992-01-20,,DGS10
1992-01-21,7.03,DGS10
1992-01-22,7.09,DGS10
1992-01-23,7.2,DGS10
1992-01-24,7.25,DGS10
1992-01-27,7.24,DGS10
1992-01-28,7.16,DGS10
1992-01-29,7.25,DGS10
1992-01-30,7.31,DGS10
1992-01-31,7.31,DGS10
1992-02-03,7.36,DGS10
1992-02-04,7.29,DGS10
1992-02-05,7.21,DGS10
1992-02-06,7.2,DGS10
1992-02-07,7.2,DGS10
1992-02-10,7.21,DGS10
1992-02-11,7.23,DGS10
1992-02-12,7.3,DGS10
1992-02-13,7.4,DGS10
1992-02-14,7.41,DGS10
1992-02-17,,DGS10
1992-02-18,7.47,DGS10
1992-02-19,7.42,DGS10
1992-02-20,7.41,DGS10
1992-02-21,7.45,DGS10
1992-02-24,7.47,DGS10
1992-02-25,7.44,DGS10
1992-02-26,7.33,DGS10
1992-02-27,7.35,DGS10
1992-02-28,7.27,DGS10
1992-03-02,7.38,DGS10
1992-03-03,7.43,DGS10
1992-03-04,7.43,DGS10
1992-03-05,7.51,DGS10
1992-03-06,7.48,DGS10
1992-03-09,7.42,DGS10
1992-03-10,7.43,DGS10
1992-03-11,7.51,DGS10
1992-03-12,7.62,DGS10
1992-03-13,7.71,DGS10
1992-03-16,7.69,DGS10
1992-03-17,7.62,DGS10
1992-03-18,7.62,DGS10
1992-03-19,7.57,DGS10
1992-03-20,7.64,DGS10
1992-03-23,7.62,DGS10
1992-03-24,7.53,DGS10
1992-03-25,7.53,DGS10
1992-03-26,7.57,DGS10
1992-03-27,7.54,DGS10
1992-03-30,7.54,DGS10
1992-03-31,7.54,DGS10
1992-04-01,7.46,DGS10
1992-04-02,7.47,DGS10
1992-04-03,7.42,DGS10
1992-04-06,7.41,DGS10
1992-04-07,7.41,DGS10
1992-04-08,7.44,DGS10
1992-04-09,7.35,DGS10
1992-04-10,7.37,DGS10
1992-04-13,7.33,DGS10
1992-04-14,7.35,DGS10
1992-04-15,7.37,DGS10
1992-04-16,7.45,DGS10
1992-04-17,,DGS10
1992-04-20,7.59,DGS10
1992-04-21,7.58,DGS10
1992-04-22,7.57,DGS10
1992-04-23,7.59,DGS10
1992-04-24,7.55,DGS10
1992-04-27,7.6,DGS10
1992-04-28,7.57,DGS10
1992-04-29,7.6,DGS10
1992-04-30,7.61,DGS10
1992-05-01,7.56,DGS10
1992-05-04,7.58,DGS10
1992-05-05,7.56,DGS10
1992-05-06,7.46,DGS10
1992-05-07,7.49,DGS10
1992-05-08,7.41,DGS10
1992-05-11,7.4,DGS10
1992-05-12,7.36,DGS10
1992-05-13,7.34,DGS10
1992-05-14,7.34,DGS10
1992-05-15,7.28,DGS10
1992-05-18,7.28,DGS10
1992-05-19,7.2,DGS10
1992-05-20,7.25,DGS10
1992-05-21,7.39,DGS10
1992-05-22,7.35,DGS10
1992-05-25,,DGS10
1992-05-26,7.46,DGS10
1992-05-27,7.44,DGS10
1992-05-28,7.36,DGS10
1992-05-29,7.33,DGS10
1992-06-01,7.39,DGS10
1992-06-02,7.35,DGS10
1992-06-03,7.34,DGS10
1992-06-04,7.34,DGS10
1992-06-05,7.31,DGS10
1992-06-08,7.31,DGS10
1992-06-09,7.33,DGS10
1992-06-10,7.35,DGS10
1992-06-11,7.33,DGS10
1992-06-12,7.29,DGS10
1992-06-15,7.28,DGS10
1992-06-16,7.24,DGS10
1992-06-17,7.23,DGS10
1992-06-18,7.19,DGS10
1992-06-19,7.24,DGS10
1992-06-22,7.24,DGS10
1992-06-23,7.25,DGS10
1992-06-24,7.2,DGS10
1992-06-25,7.14,DGS10
1992-06-26,7.15,DGS10
1992-06-29,7.12,DGS10
1992-06-30,7.14,DGS10
1992-07-01,7.1,DGS10
1992-07-02,6.93,DGS10
1992-07-03,,DGS10
1992-07-06,6.9,DGS10
1992-07-07,6.87,DGS10
1992-07-08,6.91,DGS10
1992-07-09,6.91,DGS10
1992-07-10,6.93,DGS10
1992-07-13,6.97,DGS10
1992-07-14,6.97,DGS10
1992-07-15,6.9,DGS10
1992-07-16,6.87,DGS10
1992-07-17,6.9,DGS10
1992-07-20,6.9,DGS10
1992-07-21,6.89,DGS10
1992-07-22,6.85,DGS10
1992-07-23,6.72,DGS10
1992-07-24,6.73,DGS10
1992-07-27,6.69,DGS10
1992-07-28,6.63,DGS10
1992-07-29,6.6,DGS10
1992-07-30,6.69,DGS10
1992-07-31,6.72,DGS10
1992-08-03,6.72,DGS10
1992-08-04,6.66,DGS10
1992-08-05,6.64,DGS10
1992-08-06,6.65,DGS10
1992-08-07,6.57,DGS10
1992-08-10,6.52,DGS10
1992-08-11,6.5,DGS10
1992-08-12,6.48,DGS10
1992-08-13,6.55,DGS10
1992-08-14,6.53,DGS10
1992-08-17,6.56,DGS10
1992-08-18,6.48,DGS10
1992-08-19,6.47,DGS10
1992-08-20,6.46,DGS10
1992-08-21,6.53,DGS10
1992-08-24,6.68,DGS10
1992-08-25,6.73,DGS10
1992-08-26,6.68,DGS10
1992-08-27,6.64,DGS10
1992-08-28,6.63,DGS10
1992-08-31,6.62,DGS10
1992-09-01,6.56,DGS10
1992-09-02,6.54,DGS10
1992-09-03,6.54,DGS10
1992-09-04,6.4,DGS10
1992-09-07,,DGS10
1992-09-08,6.29,DGS10
1992-09-09,6.31,DGS10
1992-09-10,6.31,DGS10
1992-09-11,6.37,DGS10
1992-09-14,6.32,DGS10
1992-09-15,6.4,DGS10
1992-09-16,6.41,DGS10
1992-09-17,6.4,DGS10
1992-09-18,6.41,DGS10
1992-09-21,6.42,DGS10
1992-09-22,6.5,DGS10
1992-09-23,6.54,DGS10
1992-09-24,6.48,DGS10
1992-09-25,6.41,DGS10
1992-09-28,6.37,DGS10
1992-09-29,6.37,DGS10
1992-09-30,6.37,DGS10
1992-10-01,6.23,DGS10
1992-10-02,6.26,DGS10
1992-10-05,6.24,DGS10
1992-10-06,6.3,DGS10
1992-10-07,6.46,DGS10
1992-10-08,6.41,DGS10
1992-10-09,6.52,DGS10
1992-10-12,,DGS10
1992-10-13,6.51,DGS10
1992-10-14,6.51,DGS10
1992-10-15,6.53,DGS10
1992-10-16,6.6,DGS10
1992-10-19,6.69,DGS10
1992-10-20,6.86,DGS10
1992-10-21,6.8,DGS10
1992-10-22,6.74,DGS10
1992-10-23,6.83,DGS10
1992-10-26,6.83,DGS10
1992-10-27,6.78,DGS10
1992-10-28,6.76,DGS10
1992-10-29,6.71,DGS10
1992-10-30,6.8,DGS10
1992-11-02,6.88,DGS10
1992-11-03,6.87,DGS10
1992-11-04,6.89,DGS10
1992-11-05,6.87,DGS10
1992-11-06,6.97,DGS10
1992-11-09,7.0,DGS10
1992-11-10,6.91,DGS10
1992-11-11,,DGS10
1992-11-12,6.79,DGS10
1992-11-13,6.82,DGS10
1992-11-16,6.9,DGS10
1992-11-17,6.86,DGS10
1992-11-18,6.78,DGS10
1992-11-19,6.81,DGS10
1992-11-20,6.84,DGS10
1992-11-23,6.86,DGS10
1992-11-24,6.82,DGS10
1992-11-25,6.84,DGS10
1992-11-26,,DGS10
1992-11-27,6.93,DGS10
1992-11-30,6.95,DGS10
1992-12-01,6.94,DGS10
1992-12-02,6.93,DGS10
1992-12-03,6.91,DGS10
1992-12-04,6.84,DGS10
1992-12-07,6.78,DGS10
1992-12-08,6.73,DGS10
1992-12-09,6.76,DGS10
1992-12-10,6.77,DGS10
1992-12-11,6.8,DGS10
1992-12-14,6.83,DGS10
1992-12-15,6.83,DGS10
1992-12-16,6.77,DGS10
1992-12-17,6.77,DGS10
1992-12-18,6.76,DGS10
1992-12-21,6.71,DGS10
1992-12-22,6.65,DGS10
1992-12-23,6.68,DGS10
1992-12-24,6.69,DGS10
1992-12-25,,DGS10
1992-12-28,6.72,DGS10
1992-12-29,6.69,DGS10
1992-12-30,6.68,DGS10
1992-12-31,6.7,DGS10
1993-01-01,,DGS10
1993-01-04,6.6,DGS10
1993-01-05,6.61,DGS10
1993-01-06,6.63,DGS10
1993-01-07,6.76,DGS10
1993-01-08,6.75,DGS10
1993-01-11,6.71,DGS10
1993-01-12,6.72,DGS10
1993-01-13,6.71,DGS10
1993-01-14,6.65,DGS10
1993-01-15,6.6,DGS10
1993-01-18,,DGS10
1993-01-19,6.59,DGS10
1993-01-20,6.61,DGS10
1993-01-21,6.6,DGS10
1993-01-22,6.57,DGS10
1993-01-25,6.48,DGS10
1993-01-26,6.5,DGS10
1993-01-27,6.48,DGS10
1993-01-28,6.44,DGS10
1993-01-29,6.39,DGS10
1993-02-01,6.38,DGS10
1993-02-02,6.46,DGS10
1993-02-03,6.45,DGS10
1993-02-04,6.39,DGS10
1993-02-05,6.32,DGS10
1993-02-08,6.37,DGS10
1993-02-09,6.41,DGS10
1993-02-10,6.4,DGS10
1993-02-11,6.37,DGS10
1993-02-12,6.35,DGS10
1993-02-15,,DGS10
1993-02-16,6.34,DGS10
1993-02-17,6.28,DGS10
1993-02-18,6.17,DGS10
1993-02-19,6.15,DGS10
1993-02-22,6.09,DGS10
1993-02-23,5.92,DGS10
1993-02-24,6.01,DGS10
1993-02-25,6.03,DGS10
1993-02-26,6.03,DGS10
1993-03-01,5.94,DGS10
1993-03-02,5.95,DGS10
1993-03-03,5.88,DGS10
1993-03-04,5.83,DGS10
1993-03-05,5.9,DGS10
1993-03-08,5.85,DGS10
1993-03-09,5.91,DGS10
1993-03-10,5.97,DGS10
1993-03-11,5.96,DGS10
1993-03-12,6.11,DGS10
1993-03-15,6.17,DGS10
1993-03-16,6.06,DGS10
1993-03-17,6.02,DGS10
1993-03-18,5.93,DGS10
1993-03-19,5.95,DGS10
1993-03-22,5.96,DGS10
1993-03-23,5.91,DGS10
1993-03-24,5.95,DGS10
1993-03-25,5.98,DGS10
1993-03-26,6.09,DGS10
1993-03-29,6.06,DGS10
1993-03-30,6.02,DGS10
1993-03-31,6.03,DGS10
1993-04-01,6.06,DGS10
1993-04-02,6.16,DGS10
1993-04-05,6.13,DGS10
1993-04-06,6.08,DGS10
1993-04-07,6.07,DGS10
1993-04-08,5.97,DGS10
1993-04-09,,DGS10
1993-04-12,5.92,DGS10
1993-04-13,5.93,DGS10
1993-04-14,5.9,DGS10
1993-04-15,5.88,DGS10
1993-04-16,5.89,DGS10
1993-04-19,5.87,DGS10
1993-04-20,5.87,DGS10
1993-04-21,5.86,DGS10
1993-04-22,5.85,DGS10
1993-04-23,5.89,DGS10
1993-04-26,5.94,DGS10
1993-04-27,6.02,DGS10
1993-04-28,6.03,DGS10
1993-04-29,5.99,DGS10
1993-04-30,6.05,DGS10
1993-05-03,5.96,DGS10
1993-05-04,5.92,DGS10
1993-05-05,5.93,DGS10
1993-05-06,5.89,DGS10
1993-05-07,5.92,DGS10
1993-05-10,5.89,DGS10
1993-05-11,5.89,DGS10
1993-05-12,5.96,DGS10
1993-05-13,6.02,DGS10
1993-05-14,6.03,DGS10
1993-05-17,6.07,DGS10
1993-05-18,6.15,DGS10
1993-05-19,6.11,DGS10
1993-05-20,6.09,DGS10
1993-05-21,6.16,DGS10
1993-05-24,6.16,DGS10
1993-05-25,6.17,DGS10
1993-05-26,6.12,DGS10
1993-05-27,6.11,DGS10
1993-05-28,6.16,DGS10
1993-05-31,,DGS10
1993-06-01,6.07,DGS10
1993-06-02,6.06,DGS10
1993-06-03,6.02,DGS10
1993-06-04,6.11,DGS10
1993-06-07,6.08,DGS10
1993-06-08,6.09,DGS10
1993-06-09,6.07,DGS10
1993-06-10,6.07,DGS10
1993-06-11,5.97,DGS10
1993-06-14,5.97,DGS10
1993-06-15,5.96,DGS10
1993-06-16,5.96,DGS10
1993-06-17,5.93,DGS10
1993-06-18,5.97,DGS10
1993-06-21,5.92,DGS10
1993-06-22,5.91,DGS10
1993-06-23,5.91,DGS10
1993-06-24,5.88,DGS10
1993-06-25,5.84,DGS10
1993-06-28,5.8,DGS10
1993-06-29,5.79,DGS10
1993-06-30,5.8,DGS10
1993-07-01,5.8,DGS10
1993-07-02,5.76,DGS10
1993-07-05,,DGS10
1993-07-06,5.8,DGS10
1993-07-07,5.8,DGS10
1993-07-08,5.78,DGS10
1993-07-09,5.76,DGS10
1993-07-12,5.75,DGS10
1993-07-13,5.78,DGS10
1993-07-14,5.72,DGS10
1993-07-15,5.72,DGS10
1993-07-16,5.71,DGS10
1993-07-19,5.71,DGS10
1993-07-20,5.75,DGS10
1993-07-21,5.83,DGS10
1993-07-22,5.9,DGS10
1993-07-23,5.95,DGS10
1993-07-26,5.93,DGS10
1993-07-27,5.92,DGS10
1993-07-28,5.9,DGS10
1993-07-29,5.81,DGS10
1993-07-30,5.83,DGS10
1993-08-02,5.85,DGS10
1993-08-03,5.83,DGS10
1993-08-04,5.87,DGS10
1993-08-05,5.86,DGS10
1993-08-06,5.86,DGS10
1993-08-09,5.82,DGS10
1993-08-10,5.82,DGS10
1993-08-11,5.75,DGS10
1993-08-12,5.77,DGS10
1993-08-13,5.72,DGS10
1993-08-16,5.68,DGS10
1993-08-17,5.7,DGS10
1993-08-18,5.69,DGS10
1993-08-19,5.64,DGS10
1993-08-20,5.61,DGS10
1993-08-23,5.6,DGS10
1993-08-24,5.54,DGS10
1993-08-25,5.51,DGS10
1993-08-26,5.42,DGS10
1993-08-27,5.48,DGS10
1993-08-30,5.44,DGS10
1993-08-31,5.45,DGS10
1993-09-01,5.46,DGS10
1993-09-02,5.41,DGS10
1993-09-03,5.31,DGS10
1993-09-06,,DGS10
1993-09-07,5.23,DGS10
1993-09-08,5.23,DGS10
1993-09-09,5.35,DGS10
1993-09-10,5.29,DGS10
1993-09-13,5.26,DGS10
1993-09-14,5.37,DGS10
1993-09-15,5.39,DGS10
1993-09-16,5.37,DGS10
1993-09-17,5.38,DGS10
1993-09-20,5.42,DGS10
1993-09-21,5.47,DGS10
1993-09-22,5.45,DGS10
1993-09-23,5.42,DGS10
1993-09-24,5.42,DGS10
1993-09-27,5.3,DGS10
1993-09-28,5.28,DGS10
1993-09-29,5.35,DGS10
1993-09-30,5.4,DGS10
1993-10-01,5.34,DGS10
1993-10-04,5.34,DGS10
1993-10-05,5.35,DGS10
1993-10-06,5.35,DGS10
1993-10-07,5.33,DGS10
1993-10-08,5.26,DGS10
1993-10-11,,DGS10
1993-10-12,5.27,DGS10
1993-10-13,5.27,DGS10
1993-10-14,5.23,DGS10
1993-10-15,5.19,DGS10
1993-10-18,5.27,DGS10
1993-10-19,5.27,DGS10
1993-10-20,5.26,DGS10
1993-10-21,5.35,DGS10
1993-10-22,5.42,DGS10
1993-10-25,5.47,DGS10
1993-10-26,5.43,DGS10
1993-10-27,5.44,DGS10
1993-10-28,5.41,DGS10
1993-10-29,5.43,DGS10
1993-11-01,5.56,DGS10
1993-11-02,5.63,DGS10
1993-11-03,5.67,DGS10
1993-11-04,5.67,DGS10
1993-11-05,5.75,DGS10
1993-11-08,5.7,DGS10
1993-11-09,5.64,DGS10
1993-11-10,5.72,DGS10
1993-11-11,,DGS10
1993-11-12,5.66,DGS10
1993-11-15,5.69,DGS10
1993-11-16,5.66,DGS10
1993-11-17,5.65,DGS10
1993-11-18,5.72,DGS10
1993-11-19,5.84,DGS10
1993-11-22,5.89,DGS10
1993-11-23,5.82,DGS10
1993-11-24,5.84,DGS10
1993-11-25,,DGS10
1993-11-26,5.78,DGS10
1993-11-29,5.76,DGS10
1993-11-30,5.83,DGS10
1993-12-01,5.82,DGS10
1993-12-02,5.81,DGS10
1993-12-03,5.8,DGS10
1993-12-06,5.72,DGS10
1993-12-07,5.71,DGS10
1993-12-08,5.71,DGS10
1993-12-09,5.68,DGS10
1993-12-10,5.73,DGS10
1993-12-13,5.78,DGS10
1993-12-14,5.82,DGS10
1993-12-15,5.83,DGS10
1993-12-16,5.84,DGS10
1993-12-17,5.81,DGS10
1993-12-20,5.83,DGS10
1993-12-21,5.85,DGS10
1993-12-22,5.74,DGS10
1993-12-23,5.72,DGS10
1993-12-24,,DGS10
1993-12-27,5.72,DGS10
1993-12-28,5.72,DGS10
1993-12-29,5.74,DGS10
1993-12-30,5.82,DGS10
1993-12-31,5.83,DGS10
1994-01-03,5.92,DGS10
1994-01-04,5.88,DGS10
1994-01-05,5.9,DGS10
1994-01-06,5.84,DGS10
1994-01-07,5.7,DGS10
1994-01-10,5.67,DGS10
1994-01-11,5.67,DGS10
1994-01-12,5.6,DGS10
1994-01-13,5.71,DGS10
1994-01-14,5.78,DGS10
1994-01-17,,DGS10
1994-01-18,5.74,DGS10
1994-01-19,5.76,DGS10
1994-01-20,5.71,DGS10
1994-01-21,5.73,DGS10
1994-01-24,5.74,DGS10
1994-01-25,5.78,DGS10
1994-01-26,5.77,DGS10
1994-01-27,5.73,DGS10
1994-01-28,5.68,DGS10
1994-01-31,5.7,DGS10
1994-02-01,5.77,DGS10
1994-02-02,5.77,DGS10
1994-02-03,5.81,DGS10
1994-02-04,5.94,DGS10
1994-02-07,5.96,DGS10
1994-02-08,6.01,DGS10
1994-02-09,5.92,DGS10
1994-02-10,5.91,DGS10
1994-02-11,5.88,DGS10
1994-02-14,5.9,DGS10
1994-02-15,5.88,DGS10
1994-02-16,5.89,DGS10
1994-02-17,6.0,DGS10
1994-02-18,6.09,DGS10
1994-02-21,,DGS10
1994-02-22,6.05,DGS10
1994-02-23,6.13,DGS10
1994-02-24,6.22,DGS10
1994-02-25,6.21,DGS10
1994-02-28,6.15,DGS10
1994-03-01,6.28,DGS10
1994-03-02,6.3,DGS10
1994-03-03,6.35,DGS10
1994-03-04,6.38,DGS10
1994-03-07,6.32,DGS10
1994-03-08,6.38,DGS10
1994-03-09,6.38,DGS10
1994-03-10,6.48,DGS10
1994-03-11,6.46,DGS10
1994-03-14,6.5,DGS10
1994-03-15,6.47,DGS10
1994-03-16,6.4,DGS10
1994-03-17,6.4,DGS10
1994-03-18,6.49,DGS10
1994-03-21,6.55,DGS10
1994-03-22,6.44,DGS10
1994-03-23,6.44,DGS10
1994-03-24,6.58,DGS10
1994-03-25,6.61,DGS10
1994-03-28,6.63,DGS10
1994-03-29,6.71,DGS10
1994-03-30,6.78,DGS10
1994-03-31,6.77,DGS10
1994-04-01,,DGS10
1994-04-04,7.16,DGS10
1994-04-05,6.97,DGS10
1994-04-06,6.93,DGS10
1994-04-07,6.86,DGS10
1994-04-08,6.94,DGS10
1994-04-11,6.92,DGS10
1994-04-12,6.87,DGS10
1994-04-13,6.93,DGS10
1994-04-14,6.97,DGS10
1994-04-15,6.97,DGS10
1994-04-18,7.14,DGS10
1994-04-19,7.1,DGS10
1994-04-20,7.05,DGS10
1994-04-21,6.91,DGS10
1994-04-22,6.93,DGS10
1994-04-25,6.86,DGS10
1994-04-26,6.86,DGS10
1994-04-27,,DGS10
1994-04-28,7.04,DGS10
1994-04-29,7.06,DGS10
1994-05-02,7.09,DGS10
1994-05-03,7.13,DGS10
1994-05-04,7.14,DGS10
1994-05-05,7.11,DGS10
1994-05-06,7.35,DGS10
1994-05-09,7.49,DGS10
1994-05-10,7.33,DGS10
1994-05-11,7.4,DGS10
1994-05-12,7.36,DGS10
1994-05-13,7.29,DGS10
1994-05-16,7.24,DGS10
1994-05-17,7.03,DGS10
1994-05-18,7.03,DGS10
1994-05-19,6.96,DGS10
1994-05-20,7.02,DGS10
1994-05-23,7.19,DGS10
1994-05-24,7.17,DGS10
1994-05-25,7.14,DGS10
1994-05-26,7.09,DGS10
1994-05-27,7.12,DGS10
1994-05-30,,DGS10
1994-05-31,7.17,DGS10
1994-06-01,7.12,DGS10
1994-06-02,7.07,DGS10
1994-06-03,6.98,DGS10
1994-06-06,6.91,DGS10
1994-06-07,6.95,DGS10
1994-06-08,6.96,DGS10
1994-06-09,6.98,DGS10
1994-06-10,7.03,DGS10
1994-06-13,7.07,DGS10
1994-06-14,7.0,DGS10
1994-06-15,7.1,DGS10
1994-06-16,7.07,DGS10
1994-06-17,7.14,DGS10
1994-06-20,7.16,DGS10
1994-06-21,7.22,DGS10
1994-06-22,7.13,DGS10
1994-06-23,7.1,DGS10
1994-06-24,7.22,DGS10
1994-06-27,7.18,DGS10
1994-06-28,7.26,DGS10
1994-06-29,7.24,DGS10
1994-06-30,7.34,DGS10
1994-07-01,7.34,DGS10
1994-07-04,,DGS10
1994-07-05,7.31,DGS10
1994-07-06,7.32,DGS10
1994-07-07,7.3,DGS10
1994-07-08,7.42,DGS10
1994-07-11,7.47,DGS10
1994-07-12,7.43,DGS10
1994-07-13,7.41,DGS10
1994-07-14,7.25,DGS10
1994-07-15,7.25,DGS10
1994-07-18,7.2,DGS10
1994-07-19,7.15,DGS10
1994-07-20,7.25,DGS10
1994-07-21,7.27,DGS10
1994-07-22,7.29,DGS10
1994-07-25,7.27,DGS10
1994-07-26,7.28,DGS10
1994-07-27,7.34,DGS10
1994-07-28,7.29,DGS10
1994-07-29,7.12,DGS10
1994-08-01,7.13,DGS10
1994-08-02,7.11,DGS10
1994-08-03,7.09,DGS10
1994-08-04,7.12,DGS10
1994-08-05,7.28,DGS10
1994-08-08,7.28,DGS10
1994-08-09,7.33,DGS10
1994-08-10,7.3,DGS10
1994-08-11,7.36,DGS10
1994-08-12,7.27,DGS10
1994-08-15,7.3,DGS10
1994-08-16,7.19,DGS10
1994-08-17,7.15,DGS10
1994-08-18,7.28,DGS10
1994-08-19,7.27,DGS10
1994-08-22,7.31,DGS10
1994-08-23,7.28,DGS10
1994-08-24,7.22,DGS10
1994-08-25,7.29,DGS10
1994-08-26,7.24,DGS10
1994-08-29,7.24,DGS10
1994-08-30,7.2,DGS10
1994-08-31,7.19,DGS10
1994-09-01,7.19,DGS10
1994-09-02,7.21,DGS10
1994-09-05,,DGS10
1994-09-06,7.27,DGS10
1994-09-07,7.29,DGS10
1994-09-08,7.3,DGS10
1994-09-09,7.44,DGS10
1994-09-12,7.46,DGS10
1994-09-13,7.44,DGS10
1994-09-14,7.41,DGS10
1994-09-15,7.35,DGS10
1994-09-16,7.52,DGS10
1994-09-19,7.49,DGS10
1994-09-20,7.53,DGS10
1994-09-21,7.56,DGS10
1994-09-22,7.56,DGS10
1994-09-23,7.57,DGS10
1994-09-26,7.57,DGS10
1994-09-27,7.61,DGS10
1994-09-28,7.57,DGS10
1994-09-29,7.64,DGS10
1994-09-30,7.62,DGS10
1994-10-03,7.66,DGS10
1994-10-04,7.7,DGS10
1994-10-05,7.77,DGS10
1994-10-06,7.78,DGS10
1994-10-07,7.7,DGS10
1994-10-10,,DGS10
1994-10-11,7.65,DGS10
1994-10-12,7.69,DGS10
1994-10-13,7.64,DGS10
1994-10-14,7.61,DGS10
1994-10-17,7.62,DGS10
1994-10-18,7.64,DGS10
1994-10-19,7.68,DGS10
1994-10-20,7.8,DGS10
1994-10-21,7.81,DGS10
1994-10-24,7.86,DGS10
1994-10-25,7.88,DGS10
1994-10-26,7.88,DGS10
1994-10-27,7.88,DGS10
1994-10-28,7.82,DGS10
1994-10-31,7.81,DGS10
1994-11-01,7.91,DGS10
1994-11-02,7.96,DGS10
1994-11-03,7.96,DGS10
1994-11-04,8.04,DGS10
1994-11-07,8.05,DGS10
1994-11-08,8.01,DGS10
1994-11-09,7.94,DGS10
1994-11-10,7.98,DGS10
1994-11-11,,DGS10
1994-11-14,7.94,DGS10
1994-11-15,7.92,DGS10
1994-11-16,7.97,DGS10
1994-11-17,8.03,DGS10
1994-11-18,8.01,DGS10
1994-11-21,8.03,DGS10
1994-11-22,8.0,DGS10
1994-11-23,7.81,DGS10
1994-11-24,,DGS10
1994-11-25,7.8,DGS10
1994-11-28,7.88,DGS10
1994-11-29,7.95,DGS10
1994-11-30,7.91,DGS10
1994-12-01,7.92,DGS10
1994-12-02,7.81,DGS10
1994-12-05,7.83,DGS10
1994-12-06,7.73,DGS10
1994-12-07,7.81,DGS10
1994-12-08,7.79,DGS10
1994-12-09,7.79,DGS10
1994-12-12,7.85,DGS10
1994-12-13,7.83,DGS10
1994-12-14,7.8,DGS10
1994-12-15,7.79,DGS10
1994-12-16,7.81,DGS10
1994-12-19,7.81,DGS10
1994-12-20,7.81,DGS10
1994-12-21,7.8,DGS10
1994-12-22,7.84,DGS10
1994-12-23,7.85,DGS10
1994-12-26,,DGS10
1994-12-27,7.76,DGS10
1994-12-28,7.8,DGS10
1994-12-29,7.82,DGS10
1994-12-30,7.84,DGS10
1995-01-02,,DGS10
1995-01-03,7.88,DGS10
1995-01-04,7.82,DGS10
1995-01-05,7.88,DGS10
1995-01-06,7.87,DGS10
1995-01-09,7.89,DGS10
1995-01-10,7.84,DGS10
1995-01-11,7.79,DGS10
1995-01-12,7.8,DGS10
1995-01-13,7.69,DGS10
1995-01-16,,DGS10
1995-01-17,7.7,DGS10
1995-01-18,7.71,DGS10
1995-01-19,7.74,DGS10
1995-01-20,7.82,DGS10
1995-01-23,7.83,DGS10
1995-01-24,7.86,DGS10
1995-01-25,7.8,DGS10
1995-01-26,7.76,DGS10
1995-01-27,7.66,DGS10
1995-01-30,7.65,DGS10
1995-01-31,7.6,DGS10
1995-02-01,7.66,DGS10
1995-02-02,7.68,DGS10
1995-02-03,7.49,DGS10
1995-02-06,7.53,DGS10
1995-02-07,7.52,DGS10
1995-02-08,7.53,DGS10
1995-02-09,7.58,DGS10
1995-02-10,7.62,DGS10
1995-02-13,7.61,DGS10
1995-02-14,7.51,DGS10
1995-02-15,7.45,DGS10
1995-02-16,7.4,DGS10
1995-02-17,7.43,DGS10
1995-02-20,,DGS10
1995-02-21,7.44,DGS10
1995-02-22,7.34,DGS10
1995-02-23,7.34,DGS10
1995-02-24,7.33,DGS10
1995-02-27,7.24,DGS10
1995-02-28,7.22,DGS10
1995-03-01,7.23,DGS10
1995-03-02,7.3,DGS10
1995-03-03,7.36,DGS10
1995-03-06,7.41,DGS10
1995-03-07,7.44,DGS10
1995-03-08,7.36,DGS10
1995-03-09,7.3,DGS10
1995-03-10,7.23,DGS10
1995-03-13,7.19,DGS10
1995-03-14,7.09,DGS10
1995-03-15,7.09,DGS10
1995-03-16,7.05,DGS10
1995-03-17,7.12,DGS10
1995-03-20,7.12,DGS10
1995-03-21,7.16,DGS10
1995-03-22,7.21,DGS10
1995-03-23,7.21,DGS10
1995-03-24,7.09,DGS10
1995-03-27,7.05,DGS10
1995-03-28,7.16,DGS10
1995-03-29,7.16,DGS10
1995-03-30,7.18,DGS10
1995-03-31,7.2,DGS10
1995-04-03,7.14,DGS10
1995-04-04,7.12,DGS10
1995-04-05,7.12,DGS10
1995-04-06,7.09,DGS10
1995-04-07,7.11,DGS10
1995-04-10,7.12,DGS10
1995-04-11,7.09,DGS10
1995-04-12,7.06,DGS10
1995-04-13,7.03,DGS10
1995-04-14,,DGS10
1995-04-17,7.04,DGS10
1995-04-18,7.04,DGS10
1995-04-19,7.06,DGS10
1995-04-20,7.02,DGS10
1995-04-21,7.01,DGS10
1995-04-24,7.01,DGS10
1995-04-25,7.01,DGS10
1995-04-26,7.01,DGS10
1995-04-27,7.04,DGS10
1995-04-28,7.07,DGS10
1995-05-01,7.09,DGS10
1995-05-02,7.04,DGS10
1995-05-03,6.96,DGS10
1995-05-04,6.85,DGS10
1995-05-05,6.69,DGS10
1995-05-08,6.7,DGS10
1995-05-09,6.61,DGS10
1995-05-10,6.66,DGS10
1995-05-11,6.68,DGS10
1995-05-12,6.67,DGS10
1995-05-15,6.62,DGS10
1995-05-16,6.57,DGS10
1995-05-17,6.53,DGS10
1995-05-18,6.61,DGS10
1995-05-19,6.61,DGS10
1995-05-22,6.63,DGS10
1995-05-23,6.57,DGS10
1995-05-24,6.44,DGS10
1995-05-25,6.39,DGS10
1995-05-26,6.4,DGS10
1995-05-29,,DGS10
1995-05-30,6.3,DGS10
1995-05-31,6.3,DGS10
1995-06-01,6.2,DGS10
1995-06-02,6.1,DGS10
1995-06-05,6.08,DGS10
1995-06-06,6.08,DGS10
1995-06-07,6.2,DGS10
1995-06-08,6.22,DGS10
1995-06-09,6.4,DGS10
1995-06-12,6.37,DGS10
1995-06-13,6.14,DGS10
1995-06-14,6.15,DGS10
1995-06-15,6.18,DGS10
1995-06-16,6.21,DGS10
1995-06-19,6.13,DGS10
1995-06-20,6.16,DGS10
1995-06-21,6.13,DGS10
1995-06-22,6.04,DGS10
1995-06-23,6.06,DGS10
1995-06-26,6.11,DGS10
1995-06-27,6.15,DGS10
1995-06-28,6.1,DGS10
1995-06-29,6.28,DGS10
1995-06-30,6.21,DGS10
1995-07-03,6.21,DGS10
1995-07-04,,DGS10
1995-07-05,6.19,DGS10
1995-07-06,6.05,DGS10
1995-07-07,6.04,DGS10
1995-07-10,6.04,DGS10
1995-07-11,6.09,DGS10
1995-07-12,6.1,DGS10
1995-07-13,6.09,DGS10
1995-07-14,6.15,DGS10
1995-07-17,6.22,DGS10
1995-07-18,6.25,DGS10
1995-07-19,6.43,DGS10
1995-07-20,6.43,DGS10
1995-07-21,6.53,DGS10
1995-07-24,6.46,DGS10
1995-07-25,6.43,DGS10
1995-07-26,6.48,DGS10
1995-07-27,6.43,DGS10
1995-07-28,6.49,DGS10
1995-07-31,6.45,DGS10
1995-08-01,6.5,DGS10
1995-08-02,6.44,DGS10
1995-08-03,6.53,DGS10
1995-08-04,6.5,DGS10
1995-08-07,6.48,DGS10
1995-08-08,6.47,DGS10
1995-08-09,6.47,DGS10
1995-08-10,6.51,DGS10
1995-08-11,6.59,DGS10
1995-08-14,6.59,DGS10
1995-08-15,6.57,DGS10
1995-08-16,6.54,DGS10
1995-08-17,6.57,DGS10
1995-08-18,6.57,DGS10
1995-08-21,6.54,DGS10
1995-08-22,6.57,DGS10
1995-08-23,6.6,DGS10
1995-08-24,6.5,DGS10
1995-08-25,6.38,DGS10
1995-08-28,6.34,DGS10
1995-08-29,6.36,DGS10
1995-08-30,6.33,DGS10
1995-08-31,6.28,DGS10
1995-09-01,6.22,DGS10
1995-09-04,,DGS10
1995-09-05,6.18,DGS10
1995-09-06,6.17,DGS10
1995-09-07,6.21,DGS10
1995-09-08,6.24,DGS10
1995-09-11,6.24,DGS10
1995-09-12,6.16,DGS10
1995-09-13,6.18,DGS10
1995-09-14,6.08,DGS10
1995-09-15,6.11,DGS10
1995-09-18,6.17,DGS10
1995-09-19,6.14,DGS10
1995-09-20,6.1,DGS10
1995-09-21,6.21,DGS10
1995-09-22,6.25,DGS10
1995-09-25,6.26,DGS10
1995-09-26,6.28,DGS10
1995-09-27,6.3,DGS10
1995-09-28,6.28,DGS10
1995-09-29,6.17,DGS10
1995-10-02,6.15,DGS10
1995-10-03,6.13,DGS10
1995-10-04,6.12,DGS10
1995-10-05,6.06,DGS10
1995-10-06,6.06,DGS10
1995-10-09,,DGS10
1995-10-10,6.07,DGS10
1995-10-11,6.09,DGS10
1995-10-12,6.07,DGS10
1995-10-13,5.97,DGS10
1995-10-16,5.97,DGS10
1995-10-17,5.97,DGS10
1995-10-18,5.99,DGS10
1995-10-19,5.98,DGS10
1995-10-20,6.04,DGS10
1995-10-23,6.07,DGS10
1995-10-24,6.02,DGS10
1995-10-25,6.0,DGS10
1995-10-26,6.06,DGS10
1995-10-27,6.05,DGS10
1995-10-30,6.04,DGS10
1995-10-31,6.03,DGS10
1995-11-01,5.98,DGS10
1995-11-02,5.92,DGS10
1995-11-03,5.94,DGS10
1995-11-06,5.96,DGS10
1995-11-07,5.99,DGS10
1995-11-08,5.92,DGS10
1995-11-09,5.97,DGS10
1995-11-10,6.0,DGS10
1995-11-13,5.98,DGS10
1995-11-14,5.97,DGS10
1995-11-15,6.0,DGS10
1995-11-16,5.93,DGS10
1995-11-17,5.92,DGS10
1995-11-20,5.93,DGS10
1995-11-21,5.92,DGS10
1995-11-22,5.93,DGS10
1995-11-23,,DGS10
1995-11-24,5.91,DGS10
1995-11-27,5.88,DGS10
1995-11-28,5.88,DGS10
1995-11-29,5.85,DGS10
1995-11-30,5.76,DGS10
1995-12-01,5.71,DGS10
1995-12-04,5.63,DGS10
1995-12-05,5.65,DGS10
1995-12-06,5.67,DGS10
1995-12-07,5.72,DGS10
1995-12-08,5.73,DGS10
1995-12-11,5.71,DGS10
1995-12-12,5.72,DGS10
1995-12-13,5.74,DGS10
1995-12-14,5.74,DGS10
1995-12-15,5.75,DGS10
1995-12-18,5.85,DGS10
1995-12-19,5.81,DGS10
1995-12-20,5.76,DGS10
1995-12-21,5.77,DGS10
1995-12-22,5.71,DGS10
1995-12-25,,DGS10
1995-12-26,5.69,DGS10
1995-12-27,5.66,DGS10
1995-12-28,5.63,DGS10
1995-12-29,5.58,DGS10
1996-01-01,,DGS10
1996-01-02,5.6,DGS10
1996-01-03,5.58,DGS10
1996-01-04,5.65,DGS10
1996-01-05,5.69,DGS10
1996-01-08,5.68,DGS10
1996-01-09,5.7,DGS10
1996-01-10,5.8,DGS10
1996-01-11,5.78,DGS10
1996-01-12,5.75,DGS10
1996-01-15,,DGS10
1996-01-16,5.66,DGS10
1996-01-17,5.58,DGS10
1996-01-18,5.53,DGS10
1996-01-19,5.54,DGS10
1996-01-22,5.61,DGS10
1996-01-23,5.66,DGS10
1996-01-24,5.62,DGS10
1996-01-25,5.7,DGS10
1996-01-26,5.65,DGS10
1996-01-29,5.69,DGS10
1996-01-30,5.63,DGS10
1996-01-31,5.6,DGS10
1996-02-01,5.63,DGS10
1996-02-02,5.66,DGS10
1996-02-05,5.7,DGS10
1996-02-06,5.68,DGS10
1996-02-07,5.66,DGS10
1996-02-08,5.66,DGS10
1996-02-09,5.66,DGS10
1996-02-12,5.61,DGS10
1996-02-13,5.58,DGS10
1996-02-14,5.62,DGS10
1996-02-15,5.7,DGS10
1996-02-16,5.76,DGS10
1996-02-19,,DGS10
1996-02-20,6.01,DGS10
1996-02-21,5.98,DGS10
1996-02-22,5.92,DGS10
1996-02-23,5.97,DGS10
1996-02-26,6.01,DGS10
1996-02-27,6.06,DGS10
1996-02-28,6.11,DGS10
1996-02-29,6.13,DGS10
1996-03-01,5.99,DGS10
1996-03-04,5.92,DGS10
1996-03-05,5.96,DGS10
1996-03-06,6.05,DGS10
1996-03-07,6.07,DGS10
1996-03-08,6.41,DGS10
1996-03-11,6.33,DGS10
1996-03-12,6.36,DGS10
1996-03-13,6.35,DGS10
1996-03-14,6.36,DGS10
1996-03-15,6.46,DGS10
1996-03-18,6.43,DGS10
1996-03-19,6.41,DGS10
1996-03-20,6.34,DGS10
1996-03-21,6.28,DGS10
1996-03-22,6.32,DGS10
1996-03-25,6.26,DGS10
1996-03-26,6.25,DGS10
1996-03-27,6.34,DGS10
1996-03-28,6.41,DGS10
1996-03-29,6.34,DGS10
1996-04-01,6.31,DGS10
1996-04-02,6.25,DGS10
1996-04-03,6.27,DGS10
1996-04-04,6.33,DGS10
1996-04-05,6.57,DGS10
1996-04-08,6.63,DGS10
1996-04-09,6.56,DGS10
1996-04-10,6.63,DGS10
1996-04-11,6.68,DGS10
1996-04-12,6.52,DGS10
1996-04-15,6.47,DGS10
1996-04-16,6.48,DGS10
1996-04-17,6.52,DGS10
1996-04-18,6.58,DGS10
1996-04-19,6.53,DGS10
1996-04-22,6.48,DGS10
1996-04-23,6.52,DGS10
1996-04-24,6.57,DGS10
1996-04-25,6.56,DGS10
1996-04-26,6.54,DGS10
1996-04-29,6.59,DGS10
1996-04-30,6.66,DGS10
1996-05-01,6.68,DGS10
1996-05-02,6.85,DGS10
1996-05-03,6.9,DGS10
1996-05-06,6.86,DGS10
1996-05-07,6.87,DGS10
1996-05-08,6.78,DGS10
1996-05-09,6.84,DGS10
1996-05-10,6.75,DGS10
1996-05-13,6.72,DGS10
1996-05-14,6.66,DGS10
1996-05-15,6.65,DGS10
1996-05-16,6.7,DGS10
1996-05-17,6.65,DGS10
1996-05-20,6.62,DGS10
1996-05-21,6.65,DGS10
1996-05-22,6.63,DGS10
1996-05-23,6.68,DGS10
1996-05-24,6.65,DGS10
1996-05-27,,DGS10
1996-05-28,6.67,DGS10
1996-05-29,6.77,DGS10
1996-05-30,6.78,DGS10
1996-05-31,6.85,DGS10
1996-06-03,6.87,DGS10
1996-06-04,6.86,DGS10
1996-06-05,6.82,DGS10
1996-06-06,6.76,DGS10
1996-06-07,6.93,DGS10
1996-06-10,6.97,DGS10
1996-06-11,6.99,DGS10
1996-06-12,7.03,DGS10
1996-06-13,7.01,DGS10
1996-06-14,6.95,DGS10
1996-06-17,6.9,DGS10
1996-06-18,6.93,DGS10
1996-06-19,6.96,DGS10
1996-06-20,6.98,DGS10
1996-06-21,6.96,DGS10
1996-06-24,6.94,DGS10
1996-06-25,6.91,DGS10
1996-06-26,6.91,DGS10
1996-06-27,6.83,DGS10
1996-06-28,6.73,DGS10
1996-07-01,6.74,DGS10
1996-07-02,6.8,DGS10
1996-07-03,6.78,DGS10
1996-07-04,,DGS10
1996-07-05,7.06,DGS10
1996-07-08,7.05,DGS10
1996-07-09,7.0,DGS10
1996-07-10,6.95,DGS10
1996-07-11,6.9,DGS10
1996-07-12,6.85,DGS10
1996-07-15,6.89,DGS10
1996-07-16,6.84,DGS10
1996-07-17,6.83,DGS10
1996-07-18,6.72,DGS10
1996-07-19,6.78,DGS10
1996-07-22,6.84,DGS10
1996-07-23,6.8,DGS10
1996-07-24,6.87,DGS10
1996-07-25,6.87,DGS10
1996-07-26,6.85,DGS10
1996-07-29,6.93,DGS10
1996-07-30,6.89,DGS10
1996-07-31,6.8,DGS10
1996-08-01,6.65,DGS10
1996-08-02,6.51,DGS10
1996-08-05,6.53,DGS10
1996-08-06,6.54,DGS10
1996-08-07,6.55,DGS10
1996-08-08,6.56,DGS10
1996-08-09,6.5,DGS10
1996-08-12,6.49,DGS10
1996-08-13,6.57,DGS10
1996-08-14,6.58,DGS10
1996-08-15,6.62,DGS10
1996-08-16,6.56,DGS10
1996-08-19,6.59,DGS10
1996-08-20,6.59,DGS10
1996-08-21,6.61,DGS10
1996-08-22,6.62,DGS10
1996-08-23,6.72,DGS10
1996-08-26,6.8,DGS10
1996-08-27,6.78,DGS10
1996-08-28,6.79,DGS10
1996-08-29,6.86,DGS10
1996-08-30,6.96,DGS10
1996-09-02,,DGS10
1996-09-03,6.92,DGS10
1996-09-04,6.94,DGS10
1996-09-05,6.98,DGS10
1996-09-06,6.94,DGS10
1996-09-09,6.9,DGS10
1996-09-10,6.94,DGS10
1996-09-11,6.94,DGS10
1996-09-12,6.88,DGS10
1996-09-13,6.74,DGS10
1996-09-16,6.73,DGS10
1996-09-17,6.81,DGS10
1996-09-18,6.83,DGS10
1996-09-19,6.87,DGS10
1996-09-20,6.85,DGS10
1996-09-23,6.83,DGS10
1996-09-24,6.77,DGS10
1996-09-25,6.71,DGS10
1996-09-26,6.66,DGS10
1996-09-27,6.68,DGS10
1996-09-30,6.72,DGS10
1996-10-01,6.65,DGS10
1996-10-02,6.61,DGS10
1996-10-03,6.61,DGS10
1996-10-04,6.48,DGS10
1996-10-07,6.53,DGS10
1996-10-08,6.53,DGS10
1996-10-09,6.55,DGS10
1996-10-10,6.61,DGS10
1996-10-11,6.55,DGS10
1996-10-14,,DGS10
1996-10-15,6.56,DGS10
1996-10-16,6.57,DGS10
1996-10-17,6.51,DGS10
1996-10-18,6.5,DGS10
1996-10-21,6.52,DGS10
1996-10-22,6.56,DGS10
1996-10-23,6.56,DGS10
1996-10-24,6.57,DGS10
1996-10-25,6.54,DGS10
1996-10-28,6.56,DGS10
1996-10-29,6.4,DGS10
1996-10-30,6.4,DGS10
1996-10-31,6.37,DGS10
1996-11-01,6.38,DGS10
1996-11-04,6.36,DGS10
1996-11-05,6.28,DGS10
1996-11-06,6.3,DGS10
1996-11-07,6.26,DGS10
1996-11-08,6.29,DGS10
1996-11-11,,DGS10
1996-11-12,6.19,DGS10
1996-11-13,6.2,DGS10
1996-11-14,6.15,DGS10
1996-11-15,6.19,DGS10
1996-11-18,6.2,DGS10
1996-11-19,6.17,DGS10
1996-11-20,6.14,DGS10
1996-11-21,6.15,DGS10
1996-11-22,6.15,DGS10
1996-11-25,6.13,DGS10
1996-11-26,6.13,DGS10
1996-11-27,6.14,DGS10
1996-11-28,,DGS10
1996-11-29,6.06,DGS10
1996-12-02,6.08,DGS10
1996-12-03,6.06,DGS10
1996-12-04,6.11,DGS10
1996-12-05,6.22,DGS10
1996-12-06,6.26,DGS10
1996-12-09,6.21,DGS10
1996-12-10,6.23,DGS10
1996-12-11,6.38,DGS10
1996-12-12,6.4,DGS10
1996-12-13,6.33,DGS10
1996-12-16,6.39,DGS10
1996-12-17,6.42,DGS10
1996-12-18,6.46,DGS10
1996-12-19,6.36,DGS10
1996-12-20,6.35,DGS10
1996-12-23,6.34,DGS10
1996-12-24,6.36,DGS10
1996-12-25,,DGS10
1996-12-26,6.35,DGS10
1996-12-27,6.3,DGS10
1996-12-30,6.31,DGS10
1996-12-31,6.43,DGS10
1997-01-01,,DGS10
1997-01-02,6.54,DGS10
1997-01-03,6.52,DGS10
1997-01-06,6.54,DGS10
1997-01-07,6.57,DGS10
1997-01-08,6.6,DGS10
1997-01-09,6.52,DGS10
1997-01-10,6.63,DGS10
1997-01-13,6.63,DGS10
1997-01-14,6.53,DGS10
1997-01-15,6.53,DGS10
1997-01-16,6.57,DGS10
1997-01-17,6.56,DGS10
1997-01-20,,DGS10
1997-01-21,6.52,DGS10
1997-01-22,6.56,DGS10
1997-01-23,6.6,DGS10
1997-01-24,6.64,DGS10
1997-01-27,6.69,DGS10
1997-01-28,6.64,DGS10
1997-01-29,6.63,DGS10
1997-01-30,6.61,DGS10
1997-01-31,6.53,DGS10
1997-02-03,6.47,DGS10
1997-02-04,6.45,DGS10
1997-02-05,6.47,DGS10
1997-02-06,6.49,DGS10
1997-02-07,6.43,DGS10
1997-02-10,6.43,DGS10
1997-02-11,6.43,DGS10
1997-02-12,6.39,DGS10
1997-02-13,6.32,DGS10
1997-02-14,6.28,DGS10
1997-02-17,,DGS10
1997-02-18,6.28,DGS10
1997-02-19,6.3,DGS10
1997-02-20,6.38,DGS10
1997-02-21,6.36,DGS10
1997-02-24,6.39,DGS10
1997-02-25,6.4,DGS10
1997-02-26,6.56,DGS10
1997-02-27,6.58,DGS10
1997-02-28,6.56,DGS10
1997-03-03,6.58,DGS10
1997-03-04,6.6,DGS10
1997-03-05,6.6,DGS10
1997-03-06,6.62,DGS10
1997-03-07,6.57,DGS10
1997-03-10,6.56,DGS10
1997-03-11,6.57,DGS10
1997-03-12,6.6,DGS10
1997-03-13,6.72,DGS10
1997-03-14,6.71,DGS10
1997-03-17,6.72,DGS10
1997-03-18,6.72,DGS10
1997-03-19,6.74,DGS10
1997-03-20,6.75,DGS10
1997-03-21,6.74,DGS10
1997-03-24,6.72,DGS10
1997-03-25,6.75,DGS10
1997-03-26,6.8,DGS10
1997-03-27,6.9,DGS10
1997-03-28,,DGS10
1997-03-31,6.92,DGS10
1997-04-01,6.9,DGS10
1997-04-02,6.88,DGS10
1997-04-03,6.86,DGS10
1997-04-04,6.92,DGS10
1997-04-07,6.87,DGS10
1997-04-08,6.91,DGS10
1997-04-09,6.91,DGS10
1997-04-10,6.91,DGS10
1997-04-11,6.98,DGS10
1997-04-14,6.98,DGS10
1997-04-15,6.88,DGS10
1997-04-16,6.9,DGS10
1997-04-17,6.86,DGS10
1997-04-18,6.84,DGS10
1997-04-21,6.87,DGS10
1997-04-22,6.84,DGS10
1997-04-23,6.89,DGS10
1997-04-24,6.93,DGS10
1997-04-25,6.94,DGS10
1997-04-28,6.92,DGS10
1997-04-29,6.77,DGS10
1997-04-30,6.72,DGS10
1997-05-01,6.69,DGS10
1997-05-02,6.68,DGS10
1997-05-05,6.67,DGS10
1997-05-06,6.67,DGS10
1997-05-07,6.76,DGS10
1997-05-08,6.72,DGS10
1997-05-09,6.67,DGS10
1997-05-12,6.65,DGS10
1997-05-13,6.71,DGS10
1997-05-14,6.68,DGS10
1997-05-15,6.67,DGS10
1997-05-16,6.7,DGS10
1997-05-19,6.71,DGS10
1997-05-20,6.7,DGS10
1997-05-21,6.74,DGS10
1997-05-22,6.76,DGS10
1997-05-23,6.74,DGS10
1997-05-26,,DGS10
1997-05-27,6.79,DGS10
1997-05-28,6.8,DGS10
1997-05-29,6.75,DGS10
1997-05-30,6.67,DGS10
1997-06-02,6.66,DGS10
1997-06-03,6.63,DGS10
1997-06-04,6.62,DGS10
1997-06-05,6.62,DGS10
1997-06-06,6.51,DGS10
1997-06-09,6.55,DGS10
1997-06-10,6.57,DGS10
1997-06-11,6.56,DGS10
1997-06-12,6.48,DGS10
1997-06-13,6.43,DGS10
1997-06-16,6.4,DGS10
1997-06-17,6.43,DGS10
1997-06-18,6.4,DGS10
1997-06-19,6.4,DGS10
1997-06-20,6.37,DGS10
1997-06-23,6.4,DGS10
1997-06-24,6.42,DGS10
1997-06-25,6.45,DGS10
1997-06-26,6.5,DGS10
1997-06-27,6.46,DGS10
1997-06-30,6.51,DGS10
1997-07-01,6.45,DGS10
1997-07-02,6.42,DGS10
1997-07-03,6.31,DGS10
1997-07-04,,DGS10
1997-07-07,6.27,DGS10
1997-07-08,6.27,DGS10
1997-07-09,6.25,DGS10
1997-07-10,6.26,DGS10
1997-07-11,6.23,DGS10
1997-07-14,6.26,DGS10
1997-07-15,6.26,DGS10
1997-07-16,6.2,DGS10
1997-07-17,6.19,DGS10
1997-07-18,6.24,DGS10
1997-07-21,6.27,DGS10
1997-07-22,6.15,DGS10
1997-07-23,6.14,DGS10
1997-07-24,6.16,DGS10
1997-07-25,6.18,DGS10
1997-07-28,6.16,DGS10
1997-07-29,6.11,DGS10
1997-07-30,6.05,DGS10
1997-07-31,6.02,DGS10
1997-08-01,6.2,DGS10
1997-08-04,6.23,DGS10
1997-08-05,6.23,DGS10
1997-08-06,6.21,DGS10
1997-08-07,6.24,DGS10
1997-08-08,6.38,DGS10
1997-08-11,6.36,DGS10
1997-08-12,6.39,DGS10
1997-08-13,6.36,DGS10
1997-08-14,6.27,DGS10
1997-08-15,6.27,DGS10
1997-08-18,6.21,DGS10
1997-08-19,6.21,DGS10
1997-08-20,6.24,DGS10
1997-08-21,6.3,DGS10
1997-08-22,6.38,DGS10
1997-08-25,6.39,DGS10
1997-08-26,6.38,DGS10
1997-08-27,6.38,DGS10
1997-08-28,6.3,DGS10
1997-08-29,6.34,DGS10
1997-09-01,,DGS10
1997-09-02,6.31,DGS10
1997-09-03,6.33,DGS10
1997-09-04,6.33,DGS10
1997-09-05,6.37,DGS10
1997-09-08,6.33,DGS10
1997-09-09,6.34,DGS10
1997-09-10,6.37,DGS10
1997-09-11,6.39,DGS10
1997-09-12,6.29,DGS10
1997-09-15,6.28,DGS10
1997-09-16,6.11,DGS10
1997-09-17,6.1,DGS10
1997-09-18,6.11,DGS10
1997-09-19,6.09,DGS10
1997-09-22,6.06,DGS10
1997-09-23,6.1,DGS10
1997-09-24,6.04,DGS10
1997-09-25,6.13,DGS10
1997-09-26,6.08,DGS10
1997-09-29,6.1,DGS10
1997-09-30,6.12,DGS10
1997-10-01,6.04,DGS10
1997-10-02,6.01,DGS10
1997-10-03,6.01,DGS10
1997-10-06,5.96,DGS10
1997-10-07,5.94,DGS10
1997-10-08,6.08,DGS10
1997-10-09,6.09,DGS10
1997-10-10,6.15,DGS10
1997-10-13,,DGS10
1997-10-14,6.07,DGS10
1997-10-15,6.1,DGS10
1997-10-16,6.09,DGS10
1997-10-17,6.17,DGS10
1997-10-20,6.15,DGS10
1997-10-21,6.14,DGS10
1997-10-22,6.12,DGS10
1997-10-23,6.04,DGS10
1997-10-24,6.01,DGS10
1997-10-27,5.91,DGS10
1997-10-28,5.98,DGS10
1997-10-29,5.91,DGS10
1997-10-30,5.84,DGS10
1997-10-31,5.84,DGS10
1997-11-03,5.91,DGS10
1997-11-04,5.95,DGS10
1997-11-05,5.95,DGS10
1997-11-06,5.9,DGS10
1997-11-07,5.9,DGS10
1997-11-10,5.91,DGS10
1997-11-11,,DGS10
1997-11-12,5.89,DGS10
1997-11-13,5.87,DGS10
1997-11-14,5.86,DGS10
1997-11-17,5.85,DGS10
1997-11-18,5.85,DGS10
1997-11-19,5.82,DGS10
1997-11-20,5.84,DGS10
1997-11-21,5.82,DGS10
1997-11-24,5.86,DGS10
1997-11-25,5.85,DGS10
1997-11-26,5.86,DGS10
1997-11-27,,DGS10
1997-11-28,5.86,DGS10
1997-12-01,5.86,DGS10
1997-12-02,5.86,DGS10
1997-12-03,5.83,DGS10
1997-12-04,5.84,DGS10
1997-12-05,5.92,DGS10
1997-12-08,5.96,DGS10
1997-12-09,5.95,DGS10
1997-12-10,5.9,DGS10
1997-12-11,5.82,DGS10
1997-12-12,5.74,DGS10
1997-12-15,5.78,DGS10
1997-12-16,5.77,DGS10
1997-12-17,5.81,DGS10
1997-12-18,5.76,DGS10
1997-12-19,5.72,DGS10
1997-12-22,5.72,DGS10
1997-12-23,5.73,DGS10
1997-12-24,5.76,DGS10
1997-12-25,,DGS10
1997-12-26,5.75,DGS10
1997-12-29,5.76,DGS10
1997-12-30,5.8,DGS10
1997-12-31,5.75,DGS10
1998-01-01,,DGS10
1998-01-02,5.67,DGS10
1998-01-05,5.52,DGS10
1998-01-06,5.49,DGS10
1998-01-07,5.55,DGS10
1998-01-08,5.49,DGS10
1998-01-09,5.4,DGS10
1998-01-12,5.39,DGS10
1998-01-13,5.41,DGS10
1998-01-14,5.45,DGS10
1998-01-15,5.48,DGS10
1998-01-16,5.54,DGS10
1998-01-19,,DGS10
1998-01-20,5.57,DGS10
1998-01-21,5.54,DGS10
1998-01-22,5.56,DGS10
1998-01-23,5.7,DGS10
1998-01-26,5.63,DGS10
1998-01-27,5.7,DGS10
1998-01-28,5.69,DGS10
1998-01-29,5.58,DGS10
1998-01-30,5.53,DGS10
1998-02-02,5.57,DGS10
1998-02-03,5.56,DGS10
1998-02-04,5.57,DGS10
1998-02-05,5.62,DGS10
1998-02-06,5.62,DGS10
1998-02-09,5.65,DGS10
1998-02-10,5.64,DGS10
1998-02-11,5.53,DGS10
1998-02-12,5.52,DGS10
1998-02-13,5.49,DGS10
1998-02-16,,DGS10
1998-02-17,5.44,DGS10
1998-02-18,5.49,DGS10
1998-02-19,5.51,DGS10
1998-02-20,5.54,DGS10
1998-02-23,5.58,DGS10
1998-02-24,5.69,DGS10
1998-02-25,5.63,DGS10
1998-02-26,5.65,DGS10
1998-02-27,5.62,DGS10
1998-03-02,5.72,DGS10
1998-03-03,5.77,DGS10
1998-03-04,5.76,DGS10
1998-03-05,5.78,DGS10
1998-03-06,5.73,DGS10
1998-03-09,5.67,DGS10
1998-03-10,5.67,DGS10
1998-03-11,5.63,DGS10
1998-03-12,5.56,DGS10
1998-03-13,5.58,DGS10
1998-03-16,5.54,DGS10
1998-03-17,5.56,DGS10
1998-03-18,5.58,DGS10
1998-03-19,5.58,DGS10
1998-03-20,5.57,DGS10
1998-03-23,5.57,DGS10
1998-03-24,5.58,DGS10
1998-03-25,5.64,DGS10
1998-03-26,5.68,DGS10
1998-03-27,5.68,DGS10
1998-03-30,5.72,DGS10
1998-03-31,5.67,DGS10
1998-04-01,5.62,DGS10
1998-04-02,5.56,DGS10
1998-04-03,5.47,DGS10
1998-04-06,5.51,DGS10
1998-04-07,5.53,DGS10
1998-04-08,5.58,DGS10
1998-04-09,5.59,DGS10
1998-04-10,,DGS10
1998-04-13,5.66,DGS10
1998-04-14,5.63,DGS10
1998-04-15,5.6,DGS10
1998-04-16,5.59,DGS10
1998-04-17,5.59,DGS10
1998-04-20,5.65,DGS10
1998-04-21,5.68,DGS10
1998-04-22,5.68,DGS10
1998-04-23,5.69,DGS10
1998-04-24,5.67,DGS10
1998-04-27,5.8,DGS10
1998-04-28,5.8,DGS10
1998-04-29,5.81,DGS10
1998-04-30,5.68,DGS10
1998-05-01,5.67,DGS10
1998-05-04,5.67,DGS10
1998-05-05,5.7,DGS10
1998-05-06,5.67,DGS10
1998-05-07,5.67,DGS10
1998-05-08,5.71,DGS10
1998-05-11,5.79,DGS10
1998-05-12,5.7,DGS10
1998-05-13,5.64,DGS10
1998-05-14,5.67,DGS10
1998-05-15,5.68,DGS10
1998-05-18,5.64,DGS10
1998-05-19,5.65,DGS10
1998-05-20,5.61,DGS10
1998-05-21,5.65,DGS10
1998-05-22,5.64,DGS10
1998-05-25,,DGS10
1998-05-26,5.59,DGS10
1998-05-27,5.56,DGS10
1998-05-28,5.58,DGS10
1998-05-29,5.56,DGS10
1998-06-01,5.53,DGS10
1998-06-02,5.56,DGS10
1998-06-03,5.57,DGS10
1998-06-04,5.59,DGS10
1998-06-05,5.58,DGS10
1998-06-08,5.58,DGS10
1998-06-09,5.59,DGS10
1998-06-10,5.51,DGS10
1998-06-11,5.44,DGS10
1998-06-12,5.43,DGS10
1998-06-15,5.38,DGS10
1998-06-16,5.45,DGS10
1998-06-17,5.54,DGS10
1998-06-18,5.5,DGS10
1998-06-19,5.47,DGS10
1998-06-22,5.46,DGS10
1998-06-23,5.45,DGS10
1998-06-24,5.46,DGS10
1998-06-25,5.46,DGS10
1998-06-26,5.46,DGS10
1998-06-29,5.47,DGS10
1998-06-30,5.44,DGS10
1998-07-01,5.44,DGS10
1998-07-02,5.42,DGS10
1998-07-03,,DGS10
1998-07-06,5.39,DGS10
1998-07-07,5.42,DGS10
1998-07-08,5.43,DGS10
1998-07-09,5.41,DGS10
1998-07-10,5.42,DGS10
1998-07-13,5.46,DGS10
1998-07-14,5.49,DGS10
1998-07-15,5.48,DGS10
1998-07-16,5.5,DGS10
1998-07-17,5.51,DGS10
1998-07-20,5.48,DGS10
1998-07-21,5.45,DGS10
1998-07-22,5.46,DGS10
1998-07-23,5.45,DGS10
1998-07-24,5.45,DGS10
1998-07-27,5.47,DGS10
1998-07-28,5.5,DGS10
1998-07-29,5.52,DGS10
1998-07-30,5.5,DGS10
1998-07-31,5.5,DGS10
1998-08-03,5.46,DGS10
1998-08-04,5.43,DGS10
1998-08-05,5.43,DGS10
1998-08-06,5.44,DGS10
1998-08-07,5.4,DGS10
1998-08-10,5.41,DGS10
1998-08-11,5.37,DGS10
1998-08-12,5.4,DGS10
1998-08-13,5.44,DGS10
1998-08-14,5.4,DGS10
1998-08-17,5.4,DGS10
1998-08-18,5.41,DGS10
1998-08-19,5.42,DGS10
1998-08-20,5.38,DGS10
1998-08-21,5.32,DGS10
1998-08-24,5.3,DGS10
1998-08-25,5.25,DGS10
1998-08-26,5.26,DGS10
1998-08-27,5.12,DGS10
1998-08-28,5.09,DGS10
1998-08-31,5.05,DGS10
1998-09-01,5.05,DGS10
1998-09-02,5.1,DGS10
1998-09-03,5.03,DGS10
1998-09-04,5.02,DGS10
1998-09-07,,DGS10
1998-09-08,5.04,DGS10
1998-09-09,4.95,DGS10
1998-09-10,4.76,DGS10
1998-09-11,4.85,DGS10
1998-09-14,4.87,DGS10
1998-09-15,4.9,DGS10
1998-09-16,4.88,DGS10
1998-09-17,4.8,DGS10
1998-09-18,4.7,DGS10
1998-09-21,4.69,DGS10
1998-09-22,4.73,DGS10
1998-09-23,4.69,DGS10
1998-09-24,4.64,DGS10
1998-09-25,4.6,DGS10
1998-09-28,4.61,DGS10
1998-09-29,4.59,DGS10
1998-09-30,4.44,DGS10
1998-10-01,4.33,DGS10
1998-10-02,4.31,DGS10
1998-10-05,4.16,DGS10
1998-10-06,4.24,DGS10
1998-10-07,4.34,DGS10
1998-10-08,4.56,DGS10
1998-10-09,4.77,DGS10
1998-10-12,,DGS10
1998-10-13,4.73,DGS10
1998-10-14,4.58,DGS10
1998-10-15,4.58,DGS10
1998-10-16,4.44,DGS10
1998-10-19,4.47,DGS10
1998-10-20,4.57,DGS10
1998-10-21,4.59,DGS10
1998-10-22,4.62,DGS10
1998-10-23,4.7,DGS10
1998-10-26,4.73,DGS10
1998-10-27,4.63,DGS10
1998-10-28,4.6,DGS10
1998-10-29,4.54,DGS10
1998-10-30,4.64,DGS10
1998-11-02,4.77,DGS10
1998-11-03,4.78,DGS10
1998-11-04,4.83,DGS10
1998-11-05,4.82,DGS10
1998-11-06,4.93,DGS10
1998-11-09,4.88,DGS10
1998-11-10,4.81,DGS10
1998-11-11,,DGS10
1998-11-12,4.77,DGS10
1998-11-13,4.82,DGS10
1998-11-16,4.85,DGS10
1998-11-17,4.87,DGS10
1998-11-18,4.85,DGS10
1998-11-19,4.85,DGS10
1998-11-20,4.82,DGS10
1998-11-23,4.84,DGS10
1998-11-24,4.85,DGS10
1998-11-25,4.83,DGS10
1998-11-26,,DGS10
1998-11-27,4.81,DGS10
1998-11-30,4.74,DGS10
1998-12-01,4.67,DGS10
1998-12-02,4.59,DGS10
1998-12-03,4.58,DGS10
1998-12-04,4.62,DGS10
1998-12-07,4.69,DGS10
1998-12-08,4.6,DGS10
1998-12-09,4.56,DGS10
1998-12-10,4.53,DGS10
1998-12-11,4.61,DGS10
1998-12-14,4.58,DGS10
1998-12-15,4.62,DGS10
1998-12-16,4.58,DGS10
1998-12-17,4.58,DGS10
1998-12-18,4.58,DGS10
1998-12-21,4.64,DGS10
1998-12-22,4.7,DGS10
1998-12-23,4.81,DGS10
1998-12-24,4.86,DGS10
1998-12-25,,DGS10
1998-12-28,4.78,DGS10
1998-12-29,4.71,DGS10
1998-12-30,4.65,DGS10
1998-12-31,4.65,DGS10
1999-01-01,,DGS10
1999-01-04,4.69,DGS10
1999-01-05,4.74,DGS10
1999-01-06,4.73,DGS10
1999-01-07,4.77,DGS10
1999-01-08,4.86,DGS10
1999-01-11,4.9,DGS10
1999-01-12,4.82,DGS10
1999-01-13,4.74,DGS10
1999-01-14,4.63,DGS10
1999-01-15,4.66,DGS10
1999-01-18,,DGS10
1999-01-19,4.71,DGS10
1999-01-20,4.76,DGS10
1999-01-21,4.7,DGS10
1999-01-22,4.64,DGS10
1999-01-25,4.67,DGS10
1999-01-26,4.69,DGS10
1999-01-27,4.68,DGS10
1999-01-28,4.67,DGS10
1999-01-29,4.66,DGS10
1999-02-01,4.75,DGS10
1999-02-02,4.79,DGS10
1999-02-03,4.83,DGS10
1999-02-04,4.89,DGS10
1999-02-05,4.94,DGS10
1999-02-08,4.94,DGS10
1999-02-09,4.91,DGS10
1999-02-10,4.9,DGS10
1999-02-11,4.93,DGS10
1999-02-12,5.06,DGS10
1999-02-15,,DGS10
1999-02-16,5.03,DGS10
1999-02-17,4.98,DGS10
1999-02-18,5.04,DGS10
1999-02-19,5.07,DGS10
1999-02-22,5.03,DGS10
1999-02-23,5.1,DGS10
1999-02-24,5.18,DGS10
1999-02-25,5.32,DGS10
1999-02-26,5.29,DGS10
1999-03-01,5.4,DGS10
1999-03-02,5.35,DGS10
1999-03-03,5.39,DGS10
1999-03-04,5.41,DGS10
1999-03-05,5.34,DGS10
1999-03-08,5.29,DGS10
1999-03-09,5.18,DGS10
1999-03-10,5.2,DGS10
1999-03-11,5.21,DGS10
1999-03-12,5.16,DGS10
1999-03-15,5.15,DGS10
1999-03-16,5.11,DGS10
1999-03-17,5.14,DGS10
1999-03-18,5.11,DGS10
1999-03-19,5.17,DGS10
1999-03-22,5.21,DGS10
1999-03-23,5.2,DGS10
1999-03-24,5.17,DGS10
1999-03-25,5.21,DGS10
1999-03-26,5.21,DGS10
1999-03-29,5.28,DGS10
1999-03-30,5.21,DGS10
1999-03-31,5.25,DGS10
1999-04-01,5.27,DGS10
1999-04-02,5.2,DGS10
1999-04-05,5.2,DGS10
1999-04-06,5.13,DGS10
1999-04-07,5.14,DGS10
1999-04-08,5.03,DGS10
1999-04-09,5.05,DGS10
1999-04-12,5.06,DGS10
1999-04-13,5.12,DGS10
1999-04-14,5.13,DGS10
1999-04-15,5.18,DGS10
1999-04-16,5.23,DGS10
1999-04-19,5.18,DGS10
1999-04-20,5.16,DGS10
1999-04-21,5.17,DGS10
1999-04-22,5.25,DGS10
1999-04-23,5.26,DGS10
1999-04-26,5.23,DGS10
1999-04-27,5.22,DGS10
1999-04-28,5.27,DGS10
1999-04-29,5.22,DGS10
1999-04-30,5.36,DGS10
1999-05-03,5.38,DGS10
1999-05-04,5.42,DGS10
1999-05-05,5.4,DGS10
1999-05-06,5.52,DGS10
1999-05-07,5.54,DGS10
1999-05-10,5.54,DGS10
1999-05-11,5.59,DGS10
1999-05-12,5.51,DGS10
1999-05-13,5.41,DGS10
1999-05-14,5.62,DGS10
1999-05-17,5.66,DGS10
1999-05-18,5.68,DGS10
1999-05-19,5.6,DGS10
1999-05-20,5.6,DGS10
1999-05-21,5.52,DGS10
1999-05-24,5.5,DGS10
1999-05-25,5.49,DGS10
1999-05-26,5.55,DGS10
1999-05-27,5.62,DGS10
1999-05-28,5.64,DGS10
1999-05-31,,DGS10
1999-06-01,5.78,DGS10
1999-06-02,5.8,DGS10
1999-06-03,5.8,DGS10
1999-06-04,5.82,DGS10
1999-06-07,5.81,DGS10
1999-06-08,5.83,DGS10
1999-06-09,5.87,DGS10
1999-06-10,5.92,DGS10
1999-06-11,6.02,DGS10
1999-06-14,5.98,DGS10
1999-06-15,5.98,DGS10
1999-06-16,5.94,DGS10
1999-06-17,5.79,DGS10
1999-06-18,5.84,DGS10
1999-06-21,5.9,DGS10
1999-06-22,5.94,DGS10
1999-06-23,6.0,DGS10
1999-06-24,6.05,DGS10
1999-06-25,6.02,DGS10
1999-06-28,5.96,DGS10
1999-06-29,5.93,DGS10
1999-06-30,5.81,DGS10
1999-07-01,5.85,DGS10
1999-07-02,5.82,DGS10
1999-07-05,,DGS10
1999-07-06,5.88,DGS10
1999-07-07,5.92,DGS10
1999-07-08,5.85,DGS10
1999-07-09,5.84,DGS10
1999-07-12,5.74,DGS10
1999-07-13,5.71,DGS10
1999-07-14,5.74,DGS10
1999-07-15,5.72,DGS10
1999-07-16,5.68,DGS10
1999-07-19,5.66,DGS10
1999-07-20,5.65,DGS10
1999-07-21,5.66,DGS10
1999-07-22,5.78,DGS10
1999-07-23,5.84,DGS10
1999-07-26,5.86,DGS10
1999-07-27,5.82,DGS10
1999-07-28,5.81,DGS10
1999-07-29,5.88,DGS10
1999-07-30,5.92,DGS10
1999-08-02,5.92,DGS10
1999-08-03,5.95,DGS10
1999-08-04,5.96,DGS10
1999-08-05,5.88,DGS10
1999-08-06,6.02,DGS10
1999-08-09,6.13,DGS10
1999-08-10,6.16,DGS10
1999-08-11,6.05,DGS10
1999-08-12,6.08,DGS10
1999-08-13,5.98,DGS10
1999-08-16,5.98,DGS10
1999-08-17,5.89,DGS10
1999-08-18,5.88,DGS10
1999-08-19,5.9,DGS10
1999-08-20,5.88,DGS10
1999-08-23,5.89,DGS10
1999-08-24,5.85,DGS10
1999-08-25,5.73,DGS10
1999-08-26,5.75,DGS10
1999-08-27,5.85,DGS10
1999-08-30,5.95,DGS10
1999-08-31,5.98,DGS10
1999-09-01,5.99,DGS10
1999-09-02,6.03,DGS10
1999-09-03,5.89,DGS10
1999-09-06,,DGS10
1999-09-07,5.95,DGS10
1999-09-08,5.93,DGS10
1999-09-09,5.97,DGS10
1999-09-10,5.89,DGS10
1999-09-13,5.92,DGS10
1999-09-14,5.96,DGS10
1999-09-15,5.94,DGS10
1999-09-16,5.9,DGS10
1999-09-17,5.87,DGS10
1999-09-20,5.91,DGS10
1999-09-21,5.94,DGS10
1999-09-22,5.92,DGS10
1999-09-23,5.87,DGS10
1999-09-24,5.75,DGS10
1999-09-27,5.83,DGS10
1999-09-28,5.89,DGS10
1999-09-29,5.97,DGS10
1999-09-30,5.9,DGS10
1999-10-01,6.0,DGS10
1999-10-04,5.95,DGS10
1999-10-05,6.02,DGS10
1999-10-06,6.04,DGS10
1999-10-07,6.05,DGS10
1999-10-08,6.04,DGS10
1999-10-11,,DGS10
1999-10-12,6.07,DGS10
1999-10-13,6.12,DGS10
1999-10-14,6.17,DGS10
1999-10-15,6.09,DGS10
1999-10-18,6.12,DGS10
1999-10-19,6.18,DGS10
1999-10-20,6.19,DGS10
1999-10-21,6.2,DGS10
1999-10-22,6.21,DGS10
1999-10-25,6.22,DGS10
1999-10-26,6.24,DGS10
1999-10-27,6.19,DGS10
1999-10-28,6.12,DGS10
1999-10-29,6.02,DGS10
1999-11-01,6.06,DGS10
1999-11-02,6.04,DGS10
1999-11-03,6.01,DGS10
1999-11-04,5.95,DGS10
1999-11-05,5.92,DGS10
1999-11-08,5.95,DGS10
1999-11-09,5.97,DGS10
1999-11-10,6.0,DGS10
1999-11-11,,DGS10
1999-11-12,5.93,DGS10
1999-11-15,5.94,DGS10
1999-11-16,5.97,DGS10
1999-11-17,6.04,DGS10
1999-11-18,6.06,DGS10
1999-11-19,6.07,DGS10
1999-11-22,6.09,DGS10
1999-11-23,6.08,DGS10
1999-11-24,6.09,DGS10
1999-11-25,,DGS10
1999-11-26,6.12,DGS10
1999-11-29,6.21,DGS10
1999-11-30,6.18,DGS10
1999-12-01,6.21,DGS10
1999-12-02,6.24,DGS10
1999-12-03,6.17,DGS10
1999-12-06,6.16,DGS10
1999-12-07,6.11,DGS10
1999-12-08,6.15,DGS10
1999-12-09,6.14,DGS10
1999-12-10,6.08,DGS10
1999-12-13,6.11,DGS10
1999-12-14,6.22,DGS10
1999-12-15,6.25,DGS10
1999-12-16,6.31,DGS10
1999-12-17,6.3,DGS10
1999-12-20,6.36,DGS10
1999-12-21,6.38,DGS10
1999-12-22,6.39,DGS10
1999-12-23,6.41,DGS10
1999-12-24,,DGS10
1999-12-27,6.4,DGS10
1999-12-28,6.43,DGS10
1999-12-29,6.4,DGS10
1999-12-30,6.39,DGS10
1999-12-31,6.45,DGS10
2000-01-03,6.58,DGS10
2000-01-04,6.49,DGS10
2000-01-05,6.62,DGS10
2000-01-06,6.57,DGS10
2000-01-07,6.52,DGS10
2000-01-10,6.57,DGS10
2000-01-11,6.67,DGS10
2000-01-12,6.72,DGS10
2000-01-13,6.63,DGS10
2000-01-14,6.69,DGS10
2000-01-17,,DGS10
2000-01-18,6.75,DGS10
2000-01-19,6.73,DGS10
2000-01-20,6.79,DGS10
2000-01-21,6.79,DGS10
2000-01-24,6.69,DGS10
2000-01-25,6.7,DGS10
2000-01-26,6.69,DGS10
2000-01-27,6.68,DGS10
2000-01-28,6.66,DGS10
2000-01-31,6.68,DGS10
2000-02-01,6.62,DGS10
2000-02-02,6.6,DGS10
2000-02-03,6.49,DGS10
2000-02-04,6.53,DGS10
2000-02-07,6.64,DGS10
2000-02-08,6.59,DGS10
2000-02-09,6.56,DGS10
2000-02-10,6.67,DGS10
2000-02-11,6.63,DGS10
2000-02-14,6.56,DGS10
2000-02-15,6.56,DGS10
2000-02-16,6.56,DGS10
2000-02-17,6.58,DGS10
2000-02-18,6.49,DGS10
2000-02-21,,DGS10
2000-02-22,6.36,DGS10
2000-02-23,6.44,DGS10
2000-02-24,6.36,DGS10
2000-02-25,6.36,DGS10
2000-02-28,6.37,DGS10
2000-02-29,6.42,DGS10
2000-03-01,6.39,DGS10
2000-03-02,6.4,DGS10
2000-03-03,6.39,DGS10
2000-03-06,6.42,DGS10
2000-03-07,6.39,DGS10
2000-03-08,6.38,DGS10
2000-03-09,6.35,DGS10
2000-03-10,6.39,DGS10
2000-03-13,6.36,DGS10
2000-03-14,6.31,DGS10
2000-03-15,6.29,DGS10
2000-03-16,6.26,DGS10
2000-03-17,6.2,DGS10
2000-03-20,6.18,DGS10
2000-03-21,6.13,DGS10
2000-03-22,6.13,DGS10
2000-03-23,6.08,DGS10
2000-03-24,6.2,DGS10
2000-03-27,6.21,DGS10
2000-03-28,6.17,DGS10
2000-03-29,6.18,DGS10
2000-03-30,6.06,DGS10
2000-03-31,6.03,DGS10
2000-04-03,6.0,DGS10
2000-04-04,5.9,DGS10
2000-04-05,5.9,DGS10
2000-04-06,5.93,DGS10
2000-04-07,5.86,DGS10
2000-04-10,5.8,DGS10
2000-04-11,5.89,DGS10
2000-04-12,5.97,DGS10
2000-04-13,5.94,DGS10
2000-04-14,5.85,DGS10
2000-04-17,6.01,DGS10
2000-04-18,6.05,DGS10
2000-04-19,5.99,DGS10
2000-04-20,5.99,DGS10
2000-04-21,,DGS10
2000-04-24,6.0,DGS10
2000-04-25,6.14,DGS10
2000-04-26,6.14,DGS10
2000-04-27,6.23,DGS10
2000-04-28,6.23,DGS10
2000-05-01,6.29,DGS10
2000-05-02,6.32,DGS10
2000-05-03,6.4,DGS10
2000-05-04,6.46,DGS10
2000-05-05,6.51,DGS10
2000-05-08,6.57,DGS10
2000-05-09,6.53,DGS10
2000-05-10,6.47,DGS10
2000-05-11,6.43,DGS10
2000-05-12,6.51,DGS10
2000-05-15,6.47,DGS10
2000-05-16,6.43,DGS10
2000-05-17,6.48,DGS10
2000-05-18,6.56,DGS10
2000-05-19,6.51,DGS10
2000-05-22,6.44,DGS10
2000-05-23,6.45,DGS10
2000-05-24,6.47,DGS10
2000-05-25,6.39,DGS10
2000-05-26,6.33,DGS10
2000-05-29,,DGS10
2000-05-30,6.38,DGS10
2000-05-31,6.29,DGS10
2000-06-01,6.2,DGS10
2000-06-02,6.15,DGS10
2000-06-05,6.12,DGS10
2000-06-06,6.14,DGS10
2000-06-07,6.13,DGS10
2000-06-08,6.13,DGS10
2000-06-09,6.13,DGS10
2000-06-12,6.09,DGS10
2000-06-13,6.11,DGS10
2000-06-14,6.06,DGS10
2000-06-15,6.05,DGS10
2000-06-16,5.99,DGS10
2000-06-19,6.0,DGS10
2000-06-20,6.03,DGS10
2000-06-21,6.11,DGS10
2000-06-22,6.12,DGS10
2000-06-23,6.19,DGS10
2000-06-26,6.11,DGS10
2000-06-27,6.1,DGS10
2000-06-28,6.11,DGS10
2000-06-29,6.04,DGS10
2000-06-30,6.03,DGS10
2000-07-03,6.0,DGS10
2000-07-04,,DGS10
2000-07-05,5.99,DGS10
2000-07-06,6.05,DGS10
2000-07-07,6.01,DGS10
2000-07-10,6.04,DGS10
2000-07-11,6.06,DGS10
2000-07-12,6.09,DGS10
2000-07-13,6.01,DGS10
2000-07-14,6.1,DGS10
2000-07-17,6.17,DGS10
2000-07-18,6.16,DGS10
2000-07-19,6.16,DGS10
2000-07-20,6.01,DGS10
2000-07-21,6.01,DGS10
2000-07-24,6.04,DGS10
2000-07-25,6.04,DGS10
2000-07-26,6.04,DGS10
2000-07-27,6.02,DGS10
2000-07-28,6.04,DGS10
2000-07-31,6.04,DGS10
2000-08-01,6.0,DGS10
2000-08-02,5.98,DGS10
2000-08-03,5.95,DGS10
2000-08-04,5.91,DGS10
2000-08-07,5.97,DGS10
2000-08-08,5.93,DGS10
2000-08-09,5.81,DGS10
2000-08-10,5.76,DGS10
2000-08-11,5.79,DGS10
2000-08-14,5.78,DGS10
2000-08-15,5.81,DGS10
2000-08-16,5.83,DGS10
2000-08-17,5.81,DGS10
2000-08-18,5.78,DGS10
2000-08-21,5.79,DGS10
2000-08-22,5.78,DGS10
2000-08-23,5.73,DGS10
2000-08-24,5.73,DGS10
2000-08-25,5.73,DGS10
2000-08-28,5.78,DGS10
2000-08-29,5.81,DGS10
2000-08-30,5.81,DGS10
2000-08-31,5.73,DGS10
2000-09-01,5.68,DGS10
2000-09-04,,DGS10
2000-09-05,5.69,DGS10
2000-09-06,5.72,DGS10
2000-09-07,5.76,DGS10
2000-09-08,5.73,DGS10
2000-09-11,5.77,DGS10
2000-09-12,5.78,DGS10
2000-09-13,5.74,DGS10
2000-09-14,5.79,DGS10
2000-09-15,5.84,DGS10
2000-09-18,5.88,DGS10
2000-09-19,5.86,DGS10
2000-09-20,5.91,DGS10
2000-09-21,5.88,DGS10
2000-09-22,5.85,DGS10
2000-09-25,5.84,DGS10
2000-09-26,5.81,DGS10
2000-09-27,5.83,DGS10
2000-09-28,5.82,DGS10
2000-09-29,5.8,DGS10
2000-10-02,5.83,DGS10
2000-10-03,5.87,DGS10
2000-10-04,5.9,DGS10
2000-10-05,5.87,DGS10
2000-10-06,5.82,DGS10
2000-10-09,,DGS10
2000-10-10,5.8,DGS10
2000-10-11,5.77,DGS10
2000-10-12,5.73,DGS10
2000-10-13,5.73,DGS10
2000-10-16,5.74,DGS10
2000-10-17,5.68,DGS10
2000-10-18,5.66,DGS10
2000-10-19,5.66,DGS10
2000-10-20,5.64,DGS10
2000-10-23,5.59,DGS10
2000-10-24,5.63,DGS10
2000-10-25,5.67,DGS10
2000-10-26,5.69,DGS10
2000-10-27,5.72,DGS10
2000-10-30,5.74,DGS10
2000-10-31,5.77,DGS10
2000-11-01,5.74,DGS10
2000-11-02,5.74,DGS10
2000-11-03,5.83,DGS10
2000-11-06,5.87,DGS10
2000-11-07,5.87,DGS10
2000-11-08,5.87,DGS10
2000-11-09,5.82,DGS10
2000-11-10,5.82,DGS10
2000-11-13,5.77,DGS10
2000-11-14,5.76,DGS10
2000-11-15,5.72,DGS10
2000-11-16,5.68,DGS10
2000-11-17,5.71,DGS10
2000-11-20,5.68,DGS10
2000-11-21,5.67,DGS10
2000-11-22,5.62,DGS10
2000-11-23,,DGS10
2000-11-24,5.63,DGS10
2000-11-27,5.64,DGS10
2000-11-28,5.59,DGS10
2000-11-29,5.55,DGS10
2000-11-30,5.48,DGS10
2000-12-01,5.52,DGS10
2000-12-04,5.53,DGS10
2000-12-05,5.43,DGS10
2000-12-06,5.32,DGS10
2000-12-07,5.32,DGS10
2000-12-08,5.35,DGS10
2000-12-11,5.37,DGS10
2000-12-12,5.36,DGS10
2000-12-13,5.29,DGS10
2000-12-14,5.23,DGS10
2000-12-15,5.2,DGS10
2000-12-18,5.17,DGS10
2000-12-19,5.19,DGS10
2000-12-20,5.08,DGS10
2000-12-21,5.03,DGS10
2000-12-22,5.02,DGS10
2000-12-25,,DGS10
2000-12-26,5.04,DGS10
2000-12-27,5.11,DGS10
2000-12-28,5.13,DGS10
2000-12-29,5.12,DGS10
2001-01-01,,DGS10
2001-01-02,4.92,DGS10
2001-01-03,5.14,DGS10
2001-01-04,5.03,DGS10
2001-01-05,4.93,DGS10
2001-01-08,4.94,DGS10
2001-01-09,4.98,DGS10
2001-01-10,5.1,DGS10
2001-01-11,5.14,DGS10
2001-01-12,5.25,DGS10
2001-01-15,,DGS10
2001-01-16,5.24,DGS10
2001-01-17,5.19,DGS10
2001-01-18,5.12,DGS10
2001-01-19,5.19,DGS10
2001-01-22,5.25,DGS10
2001-01-23,5.3,DGS10
2001-01-24,5.33,DGS10
2001-01-25,5.29,DGS10
2001-01-26,5.29,DGS10
2001-01-29,5.32,DGS10
2001-01-30,5.24,DGS10
2001-01-31,5.19,DGS10
2001-02-01,5.1,DGS10
2001-02-02,5.17,DGS10
2001-02-05,5.18,DGS10
2001-02-06,5.22,DGS10
2001-02-07,5.1,DGS10
2001-02-08,5.1,DGS10
2001-02-09,5.03,DGS10
2001-02-12,5.05,DGS10
2001-02-13,5.07,DGS10
2001-02-14,5.13,DGS10
2001-02-15,5.19,DGS10
2001-02-16,5.11,DGS10
2001-02-19,,DGS10
2001-02-20,5.11,DGS10
2001-02-21,5.14,DGS10
2001-02-22,5.15,DGS10
2001-02-23,5.1,DGS10
2001-02-26,5.05,DGS10
2001-02-27,4.96,DGS10
2001-02-28,4.92,DGS10
2001-03-01,4.87,DGS10
2001-03-02,4.95,DGS10
2001-03-05,4.98,DGS10
2001-03-06,4.99,DGS10
2001-03-07,4.92,DGS10
2001-03-08,4.89,DGS10
2001-03-09,4.95,DGS10
2001-03-12,4.92,DGS10
2001-03-13,4.95,DGS10
2001-03-14,4.84,DGS10
2001-03-15,4.81,DGS10
2001-03-16,4.78,DGS10
2001-03-19,4.82,DGS10
2001-03-20,4.78,DGS10
2001-03-21,4.77,DGS10
2001-03-22,4.73,DGS10
2001-03-23,4.8,DGS10
2001-03-26,4.85,DGS10
2001-03-27,5.0,DGS10
2001-03-28,4.97,DGS10
2001-03-29,4.98,DGS10
2001-03-30,4.93,DGS10
2001-04-02,4.98,DGS10
2001-04-03,4.94,DGS10
2001-04-04,4.94,DGS10
2001-04-05,4.98,DGS10
2001-04-06,4.89,DGS10
2001-04-09,4.93,DGS10
2001-04-10,5.09,DGS10
2001-04-11,5.12,DGS10
2001-04-12,5.17,DGS10
2001-04-13,,DGS10
2001-04-16,5.28,DGS10
2001-04-17,5.21,DGS10
2001-04-18,5.14,DGS10
2001-04-19,5.27,DGS10
2001-04-20,5.29,DGS10
2001-04-23,5.2,DGS10
2001-04-24,5.22,DGS10
2001-04-25,5.28,DGS10
2001-04-26,5.2,DGS10
2001-04-27,5.34,DGS10
2001-04-30,5.35,DGS10
2001-05-01,5.3,DGS10
2001-05-02,5.31,DGS10
2001-05-03,5.22,DGS10
2001-05-04,5.21,DGS10
2001-05-07,5.21,DGS10
2001-05-08,5.24,DGS10
2001-05-09,5.2,DGS10
2001-05-10,5.31,DGS10
2001-05-11,5.51,DGS10
2001-05-14,5.46,DGS10
2001-05-15,5.5,DGS10
2001-05-16,5.48,DGS10
2001-05-17,5.46,DGS10
2001-05-18,5.41,DGS10
2001-05-21,5.41,DGS10
2001-05-22,5.42,DGS10
2001-05-23,5.41,DGS10
2001-05-24,5.52,DGS10
2001-05-25,5.52,DGS10
2001-05-28,,DGS10
2001-05-29,5.54,DGS10
2001-05-30,5.54,DGS10
2001-05-31,5.43,DGS10
2001-06-01,5.39,DGS10
2001-06-04,5.35,DGS10
2001-06-05,5.29,DGS10
2001-06-06,5.27,DGS10
2001-06-07,5.33,DGS10
2001-06-08,5.38,DGS10
2001-06-11,5.32,DGS10
2001-06-12,5.27,DGS10
2001-06-13,5.28,DGS10
2001-06-14,5.26,DGS10
2001-06-15,5.27,DGS10
2001-06-18,5.27,DGS10
2001-06-19,5.26,DGS10
2001-06-20,5.24,DGS10
2001-06-21,5.22,DGS10
2001-06-22,5.14,DGS10
2001-06-25,5.16,DGS10
2001-06-26,5.24,DGS10
2001-06-27,5.26,DGS10
2001-06-28,5.35,DGS10
2001-06-29,5.42,DGS10
2001-07-02,5.37,DGS10
2001-07-03,5.41,DGS10
2001-07-04,,DGS10
2001-07-05,5.44,DGS10
2001-07-06,5.41,DGS10
2001-07-09,5.37,DGS10
2001-07-10,5.32,DGS10
2001-07-11,5.31,DGS10
2001-07-12,5.27,DGS10
2001-07-13,5.27,DGS10
2001-07-16,5.21,DGS10
2001-07-17,5.22,DGS10
2001-07-18,5.12,DGS10
2001-07-19,5.13,DGS10
2001-07-20,5.15,DGS10
2001-07-23,5.13,DGS10
2001-07-24,5.13,DGS10
2001-07-25,5.2,DGS10
2001-07-26,5.19,DGS10
2001-07-27,5.13,DGS10
2001-07-30,5.11,DGS10
2001-07-31,5.07,DGS10
2001-08-01,5.11,DGS10
2001-08-02,5.17,DGS10
2001-08-03,5.2,DGS10
2001-08-06,5.19,DGS10
2001-08-07,5.2,DGS10
2001-08-08,4.99,DGS10
2001-08-09,5.04,DGS10
2001-08-10,4.99,DGS10
2001-08-13,4.97,DGS10
2001-08-14,4.97,DGS10
2001-08-15,5.0,DGS10
2001-08-16,4.95,DGS10
2001-08-17,4.84,DGS10
2001-08-20,4.91,DGS10
2001-08-21,4.87,DGS10
2001-08-22,4.91,DGS10
2001-08-23,4.89,DGS10
2001-08-24,4.93,DGS10
2001-08-27,4.94,DGS10
2001-08-28,4.85,DGS10
2001-08-29,4.78,DGS10
2001-08-30,4.79,DGS10
2001-08-31,4.85,DGS10
2001-09-03,,DGS10
2001-09-04,4.99,DGS10
2001-09-05,4.97,DGS10
2001-09-06,4.86,DGS10
2001-09-07,4.8,DGS10
2001-09-10,4.84,DGS10
2001-09-11,,DGS10
2001-09-12,,DGS10
2001-09-13,4.64,DGS10
2001-09-14,4.57,DGS10
2001-09-17,4.63,DGS10
2001-09-18,4.72,DGS10
2001-09-19,4.69,DGS10
2001-09-20,4.75,DGS10
2001-09-21,4.7,DGS10
2001-09-24,4.73,DGS10
2001-09-25,4.72,DGS10
2001-09-26,4.65,DGS10
2001-09-27,4.58,DGS10
2001-09-28,4.6,DGS10
2001-10-01,4.55,DGS10
2001-10-02,4.53,DGS10
2001-10-03,4.5,DGS10
2001-10-04,4.53,DGS10
2001-10-05,4.52,DGS10
2001-10-08,,DGS10
2001-10-09,4.62,DGS10
2001-10-10,4.61,DGS10
2001-10-11,4.69,DGS10
2001-10-12,4.68,DGS10
2001-10-15,4.62,DGS10
2001-10-16,4.59,DGS10
2001-10-17,4.59,DGS10
2001-10-18,4.58,DGS10
2001-10-19,4.63,DGS10
2001-10-22,4.63,DGS10
2001-10-23,4.66,DGS10
2001-10-24,4.61,DGS10
2001-10-25,4.56,DGS10
2001-10-26,4.53,DGS10
2001-10-29,4.5,DGS10
2001-10-30,4.44,DGS10
2001-10-31,4.3,DGS10
2001-11-01,4.24,DGS10
2001-11-02,4.37,DGS10
2001-11-05,4.31,DGS10
2001-11-06,4.3,DGS10
2001-11-07,4.22,DGS10
2001-11-08,4.32,DGS10
2001-11-09,4.34,DGS10
2001-11-12,,DGS10
2001-11-13,4.41,DGS10
2001-11-14,4.54,DGS10
2001-11-15,4.79,DGS10
2001-11-16,4.91,DGS10
2001-11-19,4.8,DGS10
2001-11-20,4.88,DGS10
2001-11-21,4.98,DGS10
2001-11-22,,DGS10
2001-11-23,5.04,DGS10
2001-11-26,5.05,DGS10
2001-11-27,4.98,DGS10
2001-11-28,4.98,DGS10
2001-11-29,4.79,DGS10
2001-11-30,4.78,DGS10
2001-12-03,4.75,DGS10
2001-12-04,4.7,DGS10
2001-12-05,4.92,DGS10
2001-12-06,5.04,DGS10
2001-12-07,5.2,DGS10
2001-12-10,5.17,DGS10
2001-12-11,5.13,DGS10
2001-12-12,5.02,DGS10
2001-12-13,5.13,DGS10
2001-12-14,5.24,DGS10
2001-12-17,5.26,DGS10
2001-12-18,5.16,DGS10
2001-12-19,5.08,DGS10
2001-12-20,5.08,DGS10
2001-12-21,5.12,DGS10
2001-12-24,5.18,DGS10
2001-12-25,,DGS10
2001-12-26,5.22,DGS10
2001-12-27,5.13,DGS10
2001-12-28,5.15,DGS10
2001-12-31,5.07,DGS10
2002-01-01,,DGS10
2002-01-02,5.2,DGS10
2002-01-03,5.16,DGS10
2002-01-04,5.18,DGS10
2002-01-07,5.09,DGS10
2002-01-08,5.1,DGS10
2002-01-09,5.1,DGS10
2002-01-10,5.0,DGS10
2002-01-11,4.92,DGS10
2002-01-14,4.91,DGS10
2002-01-15,4.88,DGS10
2002-01-16,4.88,DGS10
2002-01-17,4.98,DGS10
2002-01-18,4.94,DGS10
2002-01-21,,DGS10
2002-01-22,4.96,DGS10
2002-01-23,5.05,DGS10
2002-01-24,5.07,DGS10
2002-01-25,5.1,DGS10
2002-01-28,5.12,DGS10
2002-01-29,5.02,DGS10
2002-01-30,5.02,DGS10
2002-01-31,5.07,DGS10
2002-02-01,5.02,DGS10
2002-02-04,4.94,DGS10
2002-02-05,4.92,DGS10
2002-02-06,4.92,DGS10
2002-02-07,4.93,DGS10
2002-02-08,4.9,DGS10
2002-02-11,4.91,DGS10
2002-02-12,4.97,DGS10
2002-02-13,5.01,DGS10
2002-02-14,4.95,DGS10
2002-02-15,4.86,DGS10
2002-02-18,,DGS10
2002-02-19,4.88,DGS10
2002-02-20,4.88,DGS10
2002-02-21,4.88,DGS10
2002-02-22,4.84,DGS10
2002-02-25,4.86,DGS10
2002-02-26,4.93,DGS10
2002-02-27,4.84,DGS10
2002-02-28,4.88,DGS10
2002-03-01,4.98,DGS10
2002-03-04,5.02,DGS10
2002-03-05,5.02,DGS10
2002-03-06,5.06,DGS10
2002-03-07,5.22,DGS10
2002-03-08,5.33,DGS10
2002-03-11,5.33,DGS10
2002-03-12,5.32,DGS10
2002-03-13,5.28,DGS10
2002-03-14,5.4,DGS10
2002-03-15,5.35,DGS10
2002-03-18,5.32,DGS10
2002-03-19,5.33,DGS10
2002-03-20,5.4,DGS10
2002-03-21,5.39,DGS10
2002-03-22,5.4,DGS10
2002-03-25,5.41,DGS10
2002-03-26,5.35,DGS10
2002-03-27,5.35,DGS10
2002-03-28,5.42,DGS10
2002-03-29,,DGS10
2002-04-01,5.44,DGS10
2002-04-02,5.36,DGS10
2002-04-03,5.3,DGS10
2002-04-04,5.28,DGS10
2002-04-05,5.22,DGS10
2002-04-08,5.25,DGS10
2002-04-09,5.22,DGS10
2002-04-10,5.24,DGS10
2002-04-11,5.22,DGS10
2002-04-12,5.18,DGS10
2002-04-15,5.15,DGS10
2002-04-16,5.2,DGS10
2002-04-17,5.24,DGS10
2002-04-18,5.23,DGS10
2002-04-19,5.21,DGS10
2002-04-22,5.19,DGS10
2002-04-23,5.18,DGS10
2002-04-24,5.11,DGS10
2002-04-25,5.1,DGS10
2002-04-26,5.08,DGS10
2002-04-29,5.13,DGS10
2002-04-30,5.11,DGS10
2002-05-01,5.08,DGS10
2002-05-02,5.13,DGS10
2002-05-03,5.08,DGS10
2002-05-06,5.1,DGS10
2002-05-07,5.09,DGS10
2002-05-08,5.24,DGS10
2002-05-09,5.2,DGS10
2002-05-10,5.15,DGS10
2002-05-13,5.23,DGS10
2002-05-14,5.32,DGS10
2002-05-15,5.28,DGS10
2002-05-16,5.2,DGS10
2002-05-17,5.27,DGS10
2002-05-20,5.21,DGS10
2002-05-21,5.18,DGS10
2002-05-22,5.13,DGS10
2002-05-23,5.16,DGS10
2002-05-24,5.16,DGS10
2002-05-27,,DGS10
2002-05-28,5.16,DGS10
2002-05-29,5.11,DGS10
2002-05-30,5.06,DGS10
2002-05-31,5.08,DGS10
2002-06-03,5.06,DGS10
2002-06-04,5.04,DGS10
2002-06-05,5.08,DGS10
2002-06-06,5.04,DGS10
2002-06-07,5.1,DGS10
2002-06-10,5.07,DGS10
2002-06-11,5.02,DGS10
2002-06-12,4.98,DGS10
2002-06-13,4.94,DGS10
2002-06-14,4.83,DGS10
2002-06-17,4.89,DGS10
2002-06-18,4.88,DGS10
2002-06-19,4.76,DGS10
2002-06-20,4.85,DGS10
2002-06-21,4.79,DGS10
2002-06-24,4.87,DGS10
2002-06-25,4.88,DGS10
2002-06-26,4.75,DGS10
2002-06-27,4.84,DGS10
2002-06-28,4.86,DGS10
2002-07-01,4.85,DGS10
2002-07-02,4.77,DGS10
2002-07-03,4.78,DGS10
2002-07-04,,DGS10
2002-07-05,4.9,DGS10
2002-07-08,4.84,DGS10
2002-07-09,4.78,DGS10
2002-07-10,4.66,DGS10
2002-07-11,4.66,DGS10
2002-07-12,4.63,DGS10
2002-07-15,4.66,DGS10
2002-07-16,4.75,DGS10
2002-07-17,4.71,DGS10
2002-07-18,4.66,DGS10
2002-07-19,4.61,DGS10
2002-07-22,4.51,DGS10
2002-07-23,4.47,DGS10
2002-07-24,4.49,DGS10
2002-07-25,4.43,DGS10
2002-07-26,4.43,DGS10
2002-07-29,4.62,DGS10
2002-07-30,4.65,DGS10
2002-07-31,4.51,DGS10
2002-08-01,4.47,DGS10
2002-08-02,4.33,DGS10
2002-08-05,4.29,DGS10
2002-08-06,4.42,DGS10
2002-08-07,4.35,DGS10
2002-08-08,4.4,DGS10
2002-08-09,4.27,DGS10
2002-08-12,4.22,DGS10
2002-08-13,4.12,DGS10
2002-08-14,4.06,DGS10
2002-08-15,4.17,DGS10
2002-08-16,4.32,DGS10
2002-08-19,4.29,DGS10
2002-08-20,4.17,DGS10
2002-08-21,4.2,DGS10
2002-08-22,4.3,DGS10
2002-08-23,4.25,DGS10
2002-08-26,4.22,DGS10
2002-08-27,4.29,DGS10
2002-08-28,4.22,DGS10
2002-08-29,4.16,DGS10
2002-08-30,4.14,DGS10
2002-09-02,,DGS10
2002-09-03,3.98,DGS10
2002-09-04,3.96,DGS10
2002-09-05,3.91,DGS10
2002-09-06,4.05,DGS10
2002-09-09,4.05,DGS10
2002-09-10,4.0,DGS10
2002-09-11,4.07,DGS10
2002-09-12,3.98,DGS10
2002-09-13,3.92,DGS10
2002-09-16,3.9,DGS10
2002-09-17,3.87,DGS10
2002-09-18,3.86,DGS10
2002-09-19,3.79,DGS10
2002-09-20,3.79,DGS10
2002-09-23,3.7,DGS10
2002-09-24,3.69,DGS10
2002-09-25,3.77,DGS10
2002-09-26,3.79,DGS10
2002-09-27,3.69,DGS10
2002-09-30,3.63,DGS10
2002-10-01,3.72,DGS10
2002-10-02,3.71,DGS10
2002-10-03,3.7,DGS10
2002-10-04,3.69,DGS10
2002-10-07,3.64,DGS10
2002-10-08,3.65,DGS10
2002-10-09,3.61,DGS10
2002-10-10,3.68,DGS10
2002-10-11,3.83,DGS10
2002-10-14,,DGS10
2002-10-15,4.07,DGS10
2002-10-16,4.06,DGS10
2002-10-17,4.16,DGS10
2002-10-18,4.14,DGS10
2002-10-21,4.24,DGS10
2002-10-22,4.27,DGS10
2002-10-23,4.26,DGS10
2002-10-24,4.16,DGS10
2002-10-25,4.12,DGS10
2002-10-28,4.1,DGS10
2002-10-29,3.97,DGS10
2002-10-30,3.99,DGS10
2002-10-31,3.93,DGS10
2002-11-01,4.01,DGS10
2002-11-04,4.07,DGS10
2002-11-05,4.1,DGS10
2002-11-06,4.09,DGS10
2002-11-07,3.88,DGS10
2002-11-08,3.85,DGS10
2002-11-11,,DGS10
2002-11-12,3.84,DGS10
2002-11-13,3.84,DGS10
2002-11-14,4.03,DGS10
2002-11-15,4.05,DGS10
2002-11-18,4.02,DGS10
2002-11-19,3.99,DGS10
2002-11-20,4.08,DGS10
2002-11-21,4.14,DGS10
2002-11-22,4.18,DGS10
2002-11-25,4.19,DGS10
2002-11-26,4.08,DGS10
2002-11-27,4.26,DGS10
2002-11-28,,DGS10
2002-11-29,4.22,DGS10
2002-12-02,4.22,DGS10
2002-12-03,4.24,DGS10
2002-12-04,4.18,DGS10
2002-12-05,4.13,DGS10
2002-12-06,4.09,DGS10
2002-12-09,4.06,DGS10
2002-12-10,4.06,DGS10
2002-12-11,4.01,DGS10
2002-12-12,4.01,DGS10
2002-12-13,4.07,DGS10
2002-12-16,4.15,DGS10
2002-12-17,4.13,DGS10
2002-12-18,4.06,DGS10
2002-12-19,3.96,DGS10
2002-12-20,3.97,DGS10
2002-12-23,3.98,DGS10
2002-12-24,3.95,DGS10
2002-12-25,,DGS10
2002-12-26,3.93,DGS10
2002-12-27,3.83,DGS10
2002-12-30,3.82,DGS10
2002-12-31,3.83,DGS10
2003-01-01,,DGS10
2003-01-02,4.07,DGS10
2003-01-03,4.05,DGS10
2003-01-06,4.09,DGS10
2003-01-07,4.04,DGS10
2003-01-08,4.0,DGS10
2003-01-09,4.19,DGS10
2003-01-10,4.16,DGS10
2003-01-13,4.15,DGS10
2003-01-14,4.1,DGS10
2003-01-15,4.1,DGS10
2003-01-16,4.1,DGS10
2003-01-17,4.05,DGS10
2003-01-20,,DGS10
2003-01-21,4.01,DGS10
2003-01-22,3.95,DGS10
2003-01-23,3.98,DGS10
2003-01-24,3.94,DGS10
2003-01-27,3.98,DGS10
2003-01-28,4.0,DGS10
2003-01-29,4.06,DGS10
2003-01-30,4.0,DGS10
2003-01-31,4.0,DGS10
2003-02-03,4.01,DGS10
2003-02-04,3.96,DGS10
2003-02-05,4.02,DGS10
2003-02-06,3.97,DGS10
2003-02-07,3.96,DGS10
2003-02-10,3.99,DGS10
2003-02-11,3.98,DGS10
2003-02-12,3.93,DGS10
2003-02-13,3.89,DGS10
2003-02-14,3.95,DGS10
2003-02-17,,DGS10
2003-02-18,3.94,DGS10
2003-02-19,3.88,DGS10
2003-02-20,3.85,DGS10
2003-02-21,3.9,DGS10
2003-02-24,3.86,DGS10
2003-02-25,3.81,DGS10
2003-02-26,3.78,DGS10
2003-02-27,3.76,DGS10
2003-02-28,3.71,DGS10
2003-03-03,3.68,DGS10
2003-03-04,3.65,DGS10
2003-03-05,3.63,DGS10
2003-03-06,3.67,DGS10
2003-03-07,3.63,DGS10
2003-03-10,3.59,DGS10
2003-03-11,3.6,DGS10
2003-03-12,3.6,DGS10
2003-03-13,3.74,DGS10
2003-03-14,3.72,DGS10
2003-03-17,3.82,DGS10
2003-03-18,3.91,DGS10
2003-03-19,3.98,DGS10
2003-03-20,4.01,DGS10
2003-03-21,4.11,DGS10
2003-03-24,3.98,DGS10
2003-03-25,3.97,DGS10
2003-03-26,3.96,DGS10
2003-03-27,3.95,DGS10
2003-03-28,3.92,DGS10
2003-03-31,3.83,DGS10
2003-04-01,3.84,DGS10
2003-04-02,3.94,DGS10
2003-04-03,3.93,DGS10
2003-04-04,3.96,DGS10
2003-04-07,4.03,DGS10
2003-04-08,3.95,DGS10
2003-04-09,3.93,DGS10
2003-04-10,3.95,DGS10
2003-04-11,4.0,DGS10
2003-04-14,4.04,DGS10
2003-04-15,3.98,DGS10
2003-04-16,3.96,DGS10
2003-04-17,3.98,DGS10
2003-04-18,,DGS10
2003-04-21,4.0,DGS10
2003-04-22,4.01,DGS10
2003-04-23,4.02,DGS10
2003-04-24,3.93,DGS10
2003-04-25,3.91,DGS10
2003-04-28,3.92,DGS10
2003-04-29,3.96,DGS10
2003-04-30,3.89,DGS10
2003-05-01,3.88,DGS10
2003-05-02,3.94,DGS10
2003-05-05,3.92,DGS10
2003-05-06,3.84,DGS10
2003-05-07,3.72,DGS10
2003-05-08,3.7,DGS10
2003-05-09,3.69,DGS10
2003-05-12,3.64,DGS10
2003-05-13,3.63,DGS10
2003-05-14,3.53,DGS10
2003-05-15,3.53,DGS10
2003-05-16,3.46,DGS10
2003-05-19,3.46,DGS10
2003-05-20,3.38,DGS10
2003-05-21,3.39,DGS10
2003-05-22,3.34,DGS10
2003-05-23,3.34,DGS10
2003-05-26,,DGS10
2003-05-27,3.41,DGS10
2003-05-28,3.44,DGS10
2003-05-29,3.34,DGS10
2003-05-30,3.37,DGS10
2003-06-02,3.43,DGS10
2003-06-03,3.34,DGS10
2003-06-04,3.3,DGS10
2003-06-05,3.34,DGS10
2003-06-06,3.37,DGS10
2003-06-09,3.29,DGS10
2003-06-10,3.2,DGS10
2003-06-11,3.21,DGS10
2003-06-12,3.18,DGS10
2003-06-13,3.13,DGS10
2003-06-16,3.18,DGS10
2003-06-17,3.27,DGS10
2003-06-18,3.37,DGS10
2003-06-19,3.35,DGS10
2003-06-20,3.4,DGS10
2003-06-23,3.32,DGS10
2003-06-24,3.29,DGS10
2003-06-25,3.38,DGS10
2003-06-26,3.55,DGS10
2003-06-27,3.58,DGS10
2003-06-30,3.54,DGS10
2003-07-01,3.56,DGS10
2003-07-02,3.56,DGS10
2003-07-03,3.67,DGS10
2003-07-04,,DGS10
2003-07-07,3.74,DGS10
2003-07-08,3.75,DGS10
2003-07-09,3.73,DGS10
2003-07-10,3.7,DGS10
2003-07-11,3.66,DGS10
2003-07-14,3.74,DGS10
2003-07-15,3.94,DGS10
2003-07-16,3.97,DGS10
2003-07-17,3.98,DGS10
2003-07-18,4.0,DGS10
2003-07-21,4.19,DGS10
2003-07-22,4.17,DGS10
2003-07-23,4.12,DGS10
2003-07-24,4.2,DGS10
2003-07-25,4.22,DGS10
2003-07-28,4.31,DGS10
2003-07-29,4.42,DGS10
2003-07-30,4.34,DGS10
2003-07-31,4.49,DGS10
2003-08-01,4.44,DGS10
2003-08-04,4.35,DGS10
2003-08-05,4.47,DGS10
2003-08-06,4.32,DGS10
2003-08-07,4.3,DGS10
2003-08-08,4.27,DGS10
2003-08-11,4.38,DGS10
2003-08-12,4.37,DGS10
2003-08-13,4.58,DGS10
2003-08-14,4.55,DGS10
2003-08-15,4.55,DGS10
2003-08-18,4.49,DGS10
2003-08-19,4.38,DGS10
2003-08-20,4.45,DGS10
2003-08-21,4.53,DGS10
2003-08-22,4.48,DGS10
2003-08-25,4.53,DGS10
2003-08-26,4.5,DGS10
2003-08-27,4.54,DGS10
2003-08-28,4.42,DGS10
2003-08-29,4.45,DGS10
2003-09-01,,DGS10
2003-09-02,4.61,DGS10
2003-09-03,4.6,DGS10
2003-09-04,4.52,DGS10
2003-09-05,4.35,DGS10
2003-09-08,4.41,DGS10
2003-09-09,4.37,DGS10
2003-09-10,4.28,DGS10
2003-09-11,4.35,DGS10
2003-09-12,4.27,DGS10
2003-09-15,4.28,DGS10
2003-09-16,4.29,DGS10
2003-09-17,4.2,DGS10
2003-09-18,4.19,DGS10
2003-09-19,4.17,DGS10
2003-09-22,4.26,DGS10
2003-09-23,4.24,DGS10
2003-09-24,4.16,DGS10
2003-09-25,4.12,DGS10
2003-09-26,4.04,DGS10
2003-09-29,4.09,DGS10
2003-09-30,3.96,DGS10
2003-10-01,3.96,DGS10
2003-10-02,4.03,DGS10
2003-10-03,4.21,DGS10
2003-10-06,4.17,DGS10
2003-10-07,4.27,DGS10
2003-10-08,4.27,DGS10
2003-10-09,4.32,DGS10
2003-10-10,4.29,DGS10
2003-10-13,,DGS10
2003-10-14,4.37,DGS10
2003-10-15,4.43,DGS10
2003-10-16,4.47,DGS10
2003-10-17,4.41,DGS10
2003-10-20,4.41,DGS10
2003-10-21,4.38,DGS10
2003-10-22,4.29,DGS10
2003-10-23,4.34,DGS10
2003-10-24,4.24,DGS10
2003-10-27,4.3,DGS10
2003-10-28,4.23,DGS10
2003-10-29,4.31,DGS10
2003-10-30,4.36,DGS10
2003-10-31,4.33,DGS10
2003-11-03,4.4,DGS10
2003-11-04,4.33,DGS10
2003-11-05,4.38,DGS10
2003-11-06,4.45,DGS10
2003-11-07,4.48,DGS10
2003-11-10,4.49,DGS10
2003-11-11,,DGS10
2003-11-12,4.44,DGS10
2003-11-13,4.3,DGS10
2003-11-14,4.22,DGS10
2003-11-17,4.18,DGS10
2003-11-18,4.17,DGS10
2003-11-19,4.24,DGS10
2003-11-20,4.16,DGS10
2003-11-21,4.15,DGS10
2003-11-24,4.23,DGS10
2003-11-25,4.19,DGS10
2003-11-26,4.25,DGS10
2003-11-27,,DGS10
2003-11-28,4.34,DGS10
2003-12-01,4.4,DGS10
2003-12-02,4.38,DGS10
2003-12-03,4.41,DGS10
2003-12-04,4.38,DGS10
2003-12-05,4.23,DGS10
2003-12-08,4.29,DGS10
2003-12-09,4.32,DGS10
2003-12-10,4.3,DGS10
2003-12-11,4.27,DGS10
2003-12-12,4.26,DGS10
2003-12-15,4.28,DGS10
2003-12-16,4.24,DGS10
2003-12-17,4.19,DGS10
2003-12-18,4.16,DGS10
2003-12-19,4.15,DGS10
2003-12-22,4.18,DGS10
2003-12-23,4.28,DGS10
2003-12-24,4.2,DGS10
2003-12-25,,DGS10
2003-12-26,4.17,DGS10
2003-12-29,4.24,DGS10
2003-12-30,4.29,DGS10
2003-12-31,4.27,DGS10
2004-01-01,,DGS10
2004-01-02,4.38,DGS10
2004-01-05,4.41,DGS10
2004-01-06,4.29,DGS10
2004-01-07,4.27,DGS10
2004-01-08,4.27,DGS10
2004-01-09,4.11,DGS10
2004-01-12,4.11,DGS10
2004-01-13,4.05,DGS10
2004-01-14,4.01,DGS10
2004-01-15,3.99,DGS10
2004-01-16,4.04,DGS10
2004-01-19,,DGS10
2004-01-20,4.08,DGS10
2004-01-21,4.05,DGS10
2004-01-22,3.99,DGS10
2004-01-23,4.09,DGS10
2004-01-26,4.16,DGS10
2004-01-27,4.11,DGS10
2004-01-28,4.22,DGS10
2004-01-29,4.22,DGS10
2004-01-30,4.16,DGS10
2004-02-02,4.18,DGS10
2004-02-03,4.13,DGS10
2004-02-04,4.15,DGS10
2004-02-05,4.2,DGS10
2004-02-06,4.12,DGS10
2004-02-09,4.09,DGS10
2004-02-10,4.13,DGS10
2004-02-11,4.05,DGS10
2004-02-12,4.1,DGS10
2004-02-13,4.05,DGS10
2004-02-16,,DGS10
2004-02-17,4.05,DGS10
2004-02-18,4.05,DGS10
2004-02-19,4.05,DGS10
2004-02-20,4.1,DGS10
2004-02-23,4.05,DGS10
2004-02-24,4.04,DGS10
2004-02-25,4.02,DGS10
2004-02-26,4.05,DGS10
2004-02-27,3.99,DGS10
2004-03-01,4.0,DGS10
2004-03-02,4.05,DGS10
2004-03-03,4.07,DGS10
2004-03-04,4.04,DGS10
2004-03-05,3.85,DGS10
2004-03-08,3.78,DGS10
2004-03-09,3.73,DGS10
2004-03-10,3.74,DGS10
2004-03-11,3.74,DGS10
2004-03-12,3.78,DGS10
2004-03-15,3.78,DGS10
2004-03-16,3.7,DGS10
2004-03-17,3.71,DGS10
2004-03-18,3.76,DGS10
2004-03-19,3.8,DGS10
2004-03-22,3.74,DGS10
2004-03-23,3.73,DGS10
2004-03-24,3.73,DGS10
2004-03-25,3.75,DGS10
2004-03-26,3.85,DGS10
2004-03-29,3.91,DGS10
2004-03-30,3.91,DGS10
2004-03-31,3.86,DGS10
2004-04-01,3.91,DGS10
2004-04-02,4.15,DGS10
2004-04-05,4.24,DGS10
2004-04-06,4.19,DGS10
2004-04-07,4.19,DGS10
2004-04-08,4.21,DGS10
2004-04-09,,DGS10
2004-04-12,4.25,DGS10
2004-04-13,4.35,DGS10
2004-04-14,4.4,DGS10
2004-04-15,4.42,DGS10
2004-04-16,4.37,DGS10
2004-04-19,4.39,DGS10
2004-04-20,4.43,DGS10
2004-04-21,4.45,DGS10
2004-04-22,4.4,DGS10
2004-04-23,4.48,DGS10
2004-04-26,4.46,DGS10
2004-04-27,4.43,DGS10
2004-04-28,4.5,DGS10
2004-04-29,4.55,DGS10
2004-04-30,4.53,DGS10
2004-05-03,4.53,DGS10
2004-05-04,4.56,DGS10
2004-05-05,4.61,DGS10
2004-05-06,4.63,DGS10
2004-05-07,4.79,DGS10
2004-05-10,4.81,DGS10
2004-05-11,4.79,DGS10
2004-05-12,4.83,DGS10
2004-05-13,4.85,DGS10
2004-05-14,4.79,DGS10
2004-05-17,4.7,DGS10
2004-05-18,4.74,DGS10
2004-05-19,4.79,DGS10
2004-05-20,4.72,DGS10
2004-05-21,4.76,DGS10
2004-05-24,4.75,DGS10
2004-05-25,4.73,DGS10
2004-05-26,4.67,DGS10
2004-05-27,4.6,DGS10
2004-05-28,4.66,DGS10
2004-05-31,,DGS10
2004-06-01,4.71,DGS10
2004-06-02,4.74,DGS10
2004-06-03,4.71,DGS10
2004-06-04,4.78,DGS10
2004-06-07,4.78,DGS10
2004-06-08,4.78,DGS10
2004-06-09,4.82,DGS10
2004-06-10,4.81,DGS10
2004-06-11,,DGS10
2004-06-14,4.89,DGS10
2004-06-15,4.69,DGS10
2004-06-16,4.74,DGS10
2004-06-17,4.71,DGS10
2004-06-18,4.72,DGS10
2004-06-21,4.7,DGS10
2004-06-22,4.72,DGS10
2004-06-23,4.71,DGS10
2004-06-24,4.66,DGS10
2004-06-25,4.66,DGS10
2004-06-28,4.76,DGS10
2004-06-29,4.7,DGS10
2004-06-30,4.62,DGS10
2004-07-01,4.57,DGS10
2004-07-02,4.48,DGS10
2004-07-05,,DGS10
2004-07-06,4.49,DGS10
2004-07-07,4.5,DGS10
2004-07-08,4.49,DGS10
2004-07-09,4.49,DGS10
2004-07-12,4.46,DGS10
2004-07-13,4.5,DGS10
2004-07-14,4.5,DGS10
2004-07-15,4.5,DGS10
2004-07-16,4.38,DGS10
2004-07-19,4.38,DGS10
2004-07-20,4.47,DGS10
2004-07-21,4.5,DGS10
2004-07-22,4.48,DGS10
2004-07-23,4.45,DGS10
2004-07-26,4.49,DGS10
2004-07-27,4.62,DGS10
2004-07-28,4.61,DGS10
2004-07-29,4.6,DGS10
2004-07-30,4.5,DGS10
2004-08-02,4.48,DGS10
2004-08-03,4.45,DGS10
2004-08-04,4.45,DGS10
2004-08-05,4.43,DGS10
2004-08-06,4.24,DGS10
2004-08-09,4.28,DGS10
2004-08-10,4.32,DGS10
2004-08-11,4.3,DGS10
2004-08-12,4.27,DGS10
2004-08-13,4.22,DGS10
2004-08-16,4.26,DGS10
2004-08-17,4.21,DGS10
2004-08-18,4.23,DGS10
2004-08-19,4.22,DGS10
2004-08-20,4.24,DGS10
2004-08-23,4.28,DGS10
2004-08-24,4.28,DGS10
2004-08-25,4.26,DGS10
2004-08-26,4.22,DGS10
2004-08-27,4.23,DGS10
2004-08-30,4.19,DGS10
2004-08-31,4.13,DGS10
2004-09-01,4.13,DGS10
2004-09-02,4.2,DGS10
2004-09-03,4.3,DGS10
2004-09-06,,DGS10
2004-09-07,4.26,DGS10
2004-09-08,4.18,DGS10
2004-09-09,4.22,DGS10
2004-09-10,4.19,DGS10
2004-09-13,4.16,DGS10
2004-09-14,4.15,DGS10
2004-09-15,4.18,DGS10
2004-09-16,4.08,DGS10
2004-09-17,4.14,DGS10
2004-09-20,4.07,DGS10
2004-09-21,4.05,DGS10
2004-09-22,4.0,DGS10
2004-09-23,4.02,DGS10
2004-09-24,4.04,DGS10
2004-09-27,4.01,DGS10
2004-09-28,4.02,DGS10
2004-09-29,4.1,DGS10
2004-09-30,4.14,DGS10
2004-10-01,4.21,DGS10
2004-10-04,4.19,DGS10
2004-10-05,4.18,DGS10
2004-10-06,4.23,DGS10
2004-10-07,4.26,DGS10
2004-10-08,4.15,DGS10
2004-10-11,,DGS10
2004-10-12,4.12,DGS10
2004-10-13,4.09,DGS10
2004-10-14,4.03,DGS10
2004-10-15,4.07,DGS10
2004-10-18,4.07,DGS10
2004-10-19,4.07,DGS10
2004-10-20,4.01,DGS10
2004-10-21,4.01,DGS10
2004-10-22,4.0,DGS10
2004-10-25,3.99,DGS10
2004-10-26,4.01,DGS10
2004-10-27,4.11,DGS10
2004-10-28,4.09,DGS10
2004-10-29,4.05,DGS10
2004-11-01,4.11,DGS10
2004-11-02,4.1,DGS10
2004-11-03,4.09,DGS10
2004-11-04,4.1,DGS10
2004-11-05,4.21,DGS10
2004-11-08,4.22,DGS10
2004-11-09,4.22,DGS10
2004-11-10,4.25,DGS10
2004-11-11,,DGS10
2004-11-12,4.2,DGS10
2004-11-15,4.2,DGS10
2004-11-16,4.21,DGS10
2004-11-17,4.14,DGS10
2004-11-18,4.12,DGS10
2004-11-19,4.2,DGS10
2004-11-22,4.18,DGS10
2004-11-23,4.19,DGS10
2004-11-24,4.2,DGS10
2004-11-25,,DGS10
2004-11-26,4.24,DGS10
2004-11-29,4.34,DGS10
2004-11-30,4.36,DGS10
2004-12-01,4.38,DGS10
2004-12-02,4.4,DGS10
2004-12-03,4.27,DGS10
2004-12-06,4.24,DGS10
2004-12-07,4.23,DGS10
2004-12-08,4.14,DGS10
2004-12-09,4.19,DGS10
2004-12-10,4.16,DGS10
2004-12-13,4.16,DGS10
2004-12-14,4.14,DGS10
2004-12-15,4.09,DGS10
2004-12-16,4.19,DGS10
2004-12-17,4.21,DGS10
2004-12-20,4.21,DGS10
2004-12-21,4.18,DGS10
2004-12-22,4.21,DGS10
2004-12-23,4.23,DGS10
2004-12-24,,DGS10
2004-12-27,4.3,DGS10
2004-12-28,4.31,DGS10
2004-12-29,4.33,DGS10
2004-12-30,4.27,DGS10
2004-12-31,4.24,DGS10
2005-01-03,4.23,DGS10
2005-01-04,4.29,DGS10
2005-01-05,4.29,DGS10
2005-01-06,4.29,DGS10
2005-01-07,4.29,DGS10
2005-01-10,4.29,DGS10
2005-01-11,4.26,DGS10
2005-01-12,4.25,DGS10
2005-01-13,4.2,DGS10
2005-01-14,4.23,DGS10
2005-01-17,,DGS10
2005-01-18,4.21,DGS10
2005-01-19,4.2,DGS10
2005-01-20,4.17,DGS10
2005-01-21,4.16,DGS10
2005-01-24,4.14,DGS10
2005-01-25,4.2,DGS10
2005-01-26,4.21,DGS10
2005-01-27,4.22,DGS10
2005-01-28,4.16,DGS10
2005-01-31,4.14,DGS10
2005-02-01,4.15,DGS10
2005-02-02,4.15,DGS10
2005-02-03,4.18,DGS10
2005-02-04,4.09,DGS10
2005-02-07,4.07,DGS10
2005-02-08,4.05,DGS10
2005-02-09,4.0,DGS10
2005-02-10,4.07,DGS10
2005-02-11,4.1,DGS10
2005-02-14,4.08,DGS10
2005-02-15,4.1,DGS10
2005-02-16,4.16,DGS10
2005-02-17,4.19,DGS10
2005-02-18,4.27,DGS10
2005-02-21,,DGS10
2005-02-22,4.29,DGS10
2005-02-23,4.27,DGS10
2005-02-24,4.29,DGS10
2005-02-25,4.27,DGS10
2005-02-28,4.36,DGS10
2005-03-01,4.38,DGS10
2005-03-02,4.38,DGS10
2005-03-03,4.39,DGS10
2005-03-04,4.32,DGS10
2005-03-07,4.31,DGS10
2005-03-08,4.38,DGS10
2005-03-09,4.52,DGS10
2005-03-10,4.48,DGS10
2005-03-11,4.56,DGS10
2005-03-14,4.52,DGS10
2005-03-15,4.54,DGS10
2005-03-16,4.52,DGS10
2005-03-17,4.47,DGS10
2005-03-18,4.51,DGS10
2005-03-21,4.53,DGS10
2005-03-22,4.63,DGS10
2005-03-23,4.61,DGS10
2005-03-24,4.6,DGS10
2005-03-25,,DGS10
2005-03-28,4.64,DGS10
2005-03-29,4.6,DGS10
2005-03-30,4.56,DGS10
2005-03-31,4.5,DGS10
2005-04-01,4.46,DGS10
2005-04-04,4.47,DGS10
2005-04-05,4.48,DGS10
2005-04-06,4.44,DGS10
2005-04-07,4.49,DGS10
2005-04-08,4.5,DGS10
2005-04-11,4.45,DGS10
2005-04-12,4.38,DGS10
2005-04-13,4.38,DGS10
2005-04-14,4.37,DGS10
2005-04-15,4.27,DGS10
2005-04-18,4.27,DGS10
2005-04-19,4.21,DGS10
2005-04-20,4.22,DGS10
2005-04-21,4.32,DGS10
2005-04-22,4.26,DGS10
2005-04-25,4.26,DGS10
2005-04-26,4.28,DGS10
2005-04-27,4.25,DGS10
2005-04-28,4.19,DGS10
2005-04-29,4.21,DGS10
2005-05-02,4.21,DGS10
2005-05-03,4.21,DGS10
2005-05-04,4.2,DGS10
2005-05-05,4.19,DGS10
2005-05-06,4.28,DGS10
2005-05-09,4.29,DGS10
2005-05-10,4.23,DGS10
2005-05-11,4.21,DGS10
2005-05-12,4.18,DGS10
2005-05-13,4.12,DGS10
2005-05-16,4.13,DGS10
2005-05-17,4.12,DGS10
2005-05-18,4.07,DGS10
2005-05-19,4.11,DGS10
2005-05-20,4.13,DGS10
2005-05-23,4.07,DGS10
2005-05-24,4.04,DGS10
2005-05-25,4.08,DGS10
2005-05-26,4.08,DGS10
2005-05-27,4.08,DGS10
2005-05-30,,DGS10
2005-05-31,4.0,DGS10
2005-06-01,3.91,DGS10
2005-06-02,3.89,DGS10
2005-06-03,3.98,DGS10
2005-06-06,3.96,DGS10
2005-06-07,3.92,DGS10
2005-06-08,3.95,DGS10
2005-06-09,3.98,DGS10
2005-06-10,4.05,DGS10
2005-06-13,4.09,DGS10
2005-06-14,4.13,DGS10
2005-06-15,4.12,DGS10
2005-06-16,4.09,DGS10
2005-06-17,4.09,DGS10
2005-06-20,4.11,DGS10
2005-06-21,4.06,DGS10
2005-06-22,3.95,DGS10
2005-06-23,3.96,DGS10
2005-06-24,3.92,DGS10
2005-06-27,3.9,DGS10
2005-06-28,3.97,DGS10
2005-06-29,3.99,DGS10
2005-06-30,3.94,DGS10
2005-07-01,4.06,DGS10
2005-07-04,,DGS10
2005-07-05,4.11,DGS10
2005-07-06,4.08,DGS10
2005-07-07,4.05,DGS10
2005-07-08,4.11,DGS10
2005-07-11,4.11,DGS10
2005-07-12,4.15,DGS10
2005-07-13,4.17,DGS10
2005-07-14,4.19,DGS10
2005-07-15,4.18,DGS10
2005-07-18,4.22,DGS10
2005-07-19,4.2,DGS10
2005-07-20,4.17,DGS10
2005-07-21,4.28,DGS10
2005-07-22,4.23,DGS10
2005-07-25,4.25,DGS10
2005-07-26,4.24,DGS10
2005-07-27,4.27,DGS10
2005-07-28,4.2,DGS10
2005-07-29,4.28,DGS10
2005-08-01,4.32,DGS10
2005-08-02,4.34,DGS10
2005-08-03,4.3,DGS10
2005-08-04,4.32,DGS10
2005-08-05,4.4,DGS10
2005-08-08,4.42,DGS10
2005-08-09,4.41,DGS10
2005-08-10,4.4,DGS10
2005-08-11,4.32,DGS10
2005-08-12,4.24,DGS10
2005-08-15,4.27,DGS10
2005-08-16,4.23,DGS10
2005-08-17,4.28,DGS10
2005-08-18,4.21,DGS10
2005-08-19,4.21,DGS10
2005-08-22,4.22,DGS10
2005-08-23,4.2,DGS10
2005-08-24,4.19,DGS10
2005-08-25,4.18,DGS10
2005-08-26,4.2,DGS10
2005-08-29,4.2,DGS10
2005-08-30,4.16,DGS10
2005-08-31,4.02,DGS10
2005-09-01,4.02,DGS10
2005-09-02,4.03,DGS10
2005-09-05,,DGS10
2005-09-06,4.09,DGS10
2005-09-07,4.15,DGS10
2005-09-08,4.15,DGS10
2005-09-09,4.14,DGS10
2005-09-12,4.18,DGS10
2005-09-13,4.14,DGS10
2005-09-14,4.17,DGS10
2005-09-15,4.22,DGS10
2005-09-16,4.26,DGS10
2005-09-19,4.25,DGS10
2005-09-20,4.26,DGS10
2005-09-21,4.19,DGS10
2005-09-22,4.19,DGS10
2005-09-23,4.25,DGS10
2005-09-26,4.3,DGS10
2005-09-27,4.3,DGS10
2005-09-28,4.26,DGS10
2005-09-29,4.29,DGS10
2005-09-30,4.34,DGS10
2005-10-03,4.39,DGS10
2005-10-04,4.38,DGS10
2005-10-05,4.36,DGS10
2005-10-06,4.37,DGS10
2005-10-07,4.35,DGS10
2005-10-10,,DGS10
2005-10-11,4.39,DGS10
2005-10-12,4.45,DGS10
2005-10-13,4.48,DGS10
2005-10-14,4.48,DGS10
2005-10-17,4.5,DGS10
2005-10-18,4.49,DGS10
2005-10-19,4.47,DGS10
2005-10-20,4.46,DGS10
2005-10-21,4.39,DGS10
2005-10-24,4.45,DGS10
2005-10-25,4.54,DGS10
2005-10-26,4.6,DGS10
2005-10-27,4.57,DGS10
2005-10-28,4.58,DGS10
2005-10-31,4.57,DGS10
2005-11-01,4.58,DGS10
2005-11-02,4.61,DGS10
2005-11-03,4.65,DGS10
2005-11-04,4.66,DGS10
2005-11-07,4.65,DGS10
2005-11-08,4.57,DGS10
2005-11-09,4.64,DGS10
2005-11-10,4.55,DGS10
2005-11-11,,DGS10
2005-11-14,4.61,DGS10
2005-11-15,4.56,DGS10
2005-11-16,4.49,DGS10
2005-11-17,4.46,DGS10
2005-11-18,4.5,DGS10
2005-11-21,4.46,DGS10
2005-11-22,4.43,DGS10
2005-11-23,4.47,DGS10
2005-11-24,,DGS10
2005-11-25,4.43,DGS10
2005-11-28,4.41,DGS10
2005-11-29,4.48,DGS10
2005-11-30,4.49,DGS10
2005-12-01,4.52,DGS10
2005-12-02,4.52,DGS10
2005-12-05,4.57,DGS10
2005-12-06,4.49,DGS10
2005-12-07,4.52,DGS10
2005-12-08,4.47,DGS10
2005-12-09,4.54,DGS10
2005-12-12,4.56,DGS10
2005-12-13,4.54,DGS10
2005-12-14,4.45,DGS10
2005-12-15,4.47,DGS10
2005-12-16,4.45,DGS10
2005-12-19,4.45,DGS10
2005-12-20,4.47,DGS10
2005-12-21,4.49,DGS10
2005-12-22,4.44,DGS10
2005-12-23,4.38,DGS10
2005-12-26,,DGS10
2005-12-27,4.34,DGS10
2005-12-28,4.38,DGS10
2005-12-29,4.37,DGS10
2005-12-30,4.39,DGS10
2006-01-02,,DGS10
2006-01-03,4.37,DGS10
2006-01-04,4.36,DGS10
2006-01-05,4.36,DGS10
2006-01-06,4.38,DGS10
2006-01-09,4.38,DGS10
2006-01-10,4.43,DGS10
2006-01-11,4.46,DGS10
2006-01-12,4.42,DGS10
2006-01-13,4.36,DGS10
2006-01-16,,DGS10
2006-01-17,4.34,DGS10
2006-01-18,4.34,DGS10
2006-01-19,4.38,DGS10
2006-01-20,4.37,DGS10
2006-01-23,4.36,DGS10
2006-01-24,4.4,DGS10
2006-01-25,4.49,DGS10
2006-01-26,4.53,DGS10
2006-01-27,4.52,DGS10
2006-01-30,4.54,DGS10
2006-01-31,4.53,DGS10
2006-02-01,4.57,DGS10
2006-02-02,4.57,DGS10
2006-02-03,4.54,DGS10
2006-02-06,4.55,DGS10
2006-02-07,4.57,DGS10
2006-02-08,4.56,DGS10
2006-02-09,4.54,DGS10
2006-02-10,4.59,DGS10
2006-02-13,4.58,DGS10
2006-02-14,4.62,DGS10
2006-02-15,4.61,DGS10
2006-02-16,4.59,DGS10
2006-02-17,4.54,DGS10
2006-02-20,,DGS10
2006-02-21,4.57,DGS10
2006-02-22,4.53,DGS10
2006-02-23,4.56,DGS10
2006-02-24,4.58,DGS10
2006-02-27,4.59,DGS10
2006-02-28,4.55,DGS10
2006-03-01,4.59,DGS10
2006-03-02,4.64,DGS10
2006-03-03,4.68,DGS10
2006-03-06,4.74,DGS10
2006-03-07,4.74,DGS10
2006-03-08,4.73,DGS10
2006-03-09,4.74,DGS10
2006-03-10,4.76,DGS10
2006-03-13,4.77,DGS10
2006-03-14,4.71,DGS10
2006-03-15,4.73,DGS10
2006-03-16,4.65,DGS10
2006-03-17,4.68,DGS10
2006-03-20,4.66,DGS10
2006-03-21,4.71,DGS10
2006-03-22,4.7,DGS10
2006-03-23,4.73,DGS10
2006-03-24,4.67,DGS10
2006-03-27,4.7,DGS10
2006-03-28,4.79,DGS10
2006-03-29,4.81,DGS10
2006-03-30,4.86,DGS10
2006-03-31,4.86,DGS10
2006-04-03,4.88,DGS10
2006-04-04,4.87,DGS10
2006-04-05,4.84,DGS10
2006-04-06,4.9,DGS10
2006-04-07,4.97,DGS10
2006-04-10,4.97,DGS10
2006-04-11,4.93,DGS10
2006-04-12,4.98,DGS10
2006-04-13,5.05,DGS10
2006-04-14,,DGS10
2006-04-17,5.01,DGS10
2006-04-18,4.99,DGS10
2006-04-19,5.04,DGS10
2006-04-20,5.04,DGS10
2006-04-21,5.01,DGS10
2006-04-24,4.99,DGS10
2006-04-25,5.07,DGS10
2006-04-26,5.12,DGS10
2006-04-27,5.09,DGS10
2006-04-28,5.07,DGS10
2006-05-01,5.14,DGS10
2006-05-02,5.12,DGS10
2006-05-03,5.15,DGS10
2006-05-04,5.16,DGS10
2006-05-05,5.12,DGS10
2006-05-08,5.12,DGS10
2006-05-09,5.13,DGS10
2006-05-10,5.13,DGS10
2006-05-11,5.14,DGS10
2006-05-12,5.19,DGS10
2006-05-15,5.15,DGS10
2006-05-16,5.1,DGS10
2006-05-17,5.16,DGS10
2006-05-18,5.08,DGS10
2006-05-19,5.05,DGS10
2006-05-22,5.04,DGS10
2006-05-23,5.07,DGS10
2006-05-24,5.03,DGS10
2006-05-25,5.07,DGS10
2006-05-26,5.06,DGS10
2006-05-29,,DGS10
2006-05-30,5.09,DGS10
2006-05-31,5.12,DGS10
2006-06-01,5.11,DGS10
2006-06-02,5.0,DGS10
2006-06-05,5.02,DGS10
2006-06-06,5.01,DGS10
2006-06-07,5.02,DGS10
2006-06-08,5.0,DGS10
2006-06-09,4.98,DGS10
2006-06-12,4.99,DGS10
2006-06-13,4.97,DGS10
2006-06-14,5.05,DGS10
2006-06-15,5.1,DGS10
2006-06-16,5.13,DGS10
2006-06-19,5.14,DGS10
2006-06-20,5.15,DGS10
2006-06-21,5.16,DGS10
2006-06-22,5.2,DGS10
2006-06-23,5.23,DGS10
2006-06-26,5.25,DGS10
2006-06-27,5.21,DGS10
2006-06-28,5.25,DGS10
2006-06-29,5.22,DGS10
2006-06-30,5.15,DGS10
2006-07-03,5.15,DGS10
2006-07-04,,DGS10
2006-07-05,5.23,DGS10
2006-07-06,5.19,DGS10
2006-07-07,5.14,DGS10
2006-07-10,5.13,DGS10
2006-07-11,5.1,DGS10
2006-07-12,5.1,DGS10
2006-07-13,5.08,DGS10
2006-07-14,5.07,DGS10
2006-07-17,5.07,DGS10
2006-07-18,5.13,DGS10
2006-07-19,5.06,DGS10
2006-07-20,5.03,DGS10
2006-07-21,5.05,DGS10
2006-07-24,5.05,DGS10
2006-07-25,5.07,DGS10
2006-07-26,5.04,DGS10
2006-07-27,5.07,DGS10
2006-07-28,5.0,DGS10
2006-07-31,4.99,DGS10
2006-08-01,4.99,DGS10
2006-08-02,4.96,DGS10
2006-08-03,4.96,DGS10
2006-08-04,4.91,DGS10
2006-08-07,4.93,DGS10
2006-08-08,4.93,DGS10
2006-08-09,4.92,DGS10
2006-08-10,4.93,DGS10
2006-08-11,4.97,DGS10
2006-08-14,5.0,DGS10
2006-08-15,4.93,DGS10
2006-08-16,4.87,DGS10
2006-08-17,4.87,DGS10
2006-08-18,4.84,DGS10
2006-08-21,4.82,DGS10
2006-08-22,4.82,DGS10
2006-08-23,4.82,DGS10
2006-08-24,4.81,DGS10
2006-08-25,4.79,DGS10
2006-08-28,4.8,DGS10
2006-08-29,4.79,DGS10
2006-08-30,4.76,DGS10
2006-08-31,4.74,DGS10
2006-09-01,4.73,DGS10
2006-09-04,,DGS10
2006-09-05,4.78,DGS10
2006-09-06,4.8,DGS10
2006-09-07,4.8,DGS10
2006-09-08,4.78,DGS10
2006-09-11,4.8,DGS10
2006-09-12,4.78,DGS10
2006-09-13,4.77,DGS10
2006-09-14,4.79,DGS10
2006-09-15,4.8,DGS10
2006-09-18,4.81,DGS10
2006-09-19,4.74,DGS10
2006-09-20,4.73,DGS10
2006-09-21,4.65,DGS10
2006-09-22,4.6,DGS10
2006-09-25,4.56,DGS10
2006-09-26,4.59,DGS10
2006-09-27,4.6,DGS10
2006-09-28,4.63,DGS10
2006-09-29,4.64,DGS10
2006-10-02,4.62,DGS10
2006-10-03,4.62,DGS10
2006-10-04,4.57,DGS10
2006-10-05,4.61,DGS10
2006-10-06,4.7,DGS10
2006-10-09,,DGS10
2006-10-10,4.75,DGS10
2006-10-11,4.78,DGS10
2006-10-12,4.79,DGS10
2006-10-13,4.81,DGS10
2006-10-16,4.79,DGS10
2006-10-17,4.78,DGS10
2006-10-18,4.77,DGS10
2006-10-19,4.79,DGS10
2006-10-20,4.79,DGS10
2006-10-23,4.83,DGS10
2006-10-24,4.83,DGS10
2006-10-25,4.78,DGS10
2006-10-26,4.73,DGS10
2006-10-27,4.68,DGS10
2006-10-30,4.68,DGS10
2006-10-31,4.61,DGS10
2006-11-01,4.57,DGS10
2006-11-02,4.6,DGS10
2006-11-03,4.72,DGS10
2006-11-06,4.71,DGS10
2006-11-07,4.66,DGS10
2006-11-08,4.64,DGS10
2006-11-09,4.62,DGS10
2006-11-10,4.59,DGS10
2006-11-13,4.61,DGS10
2006-11-14,4.57,DGS10
2006-11-15,4.61,DGS10
2006-11-16,4.66,DGS10
2006-11-17,4.61,DGS10
2006-11-20,4.6,DGS10
2006-11-21,4.58,DGS10
2006-11-22,4.57,DGS10
2006-11-23,,DGS10
2006-11-24,4.55,DGS10
2006-11-27,4.54,DGS10
2006-11-28,4.51,DGS10
2006-11-29,4.52,DGS10
2006-11-30,4.46,DGS10
2006-12-01,4.43,DGS10
2006-12-04,4.43,DGS10
2006-12-05,4.45,DGS10
2006-12-06,4.48,DGS10
2006-12-07,4.49,DGS10
2006-12-08,4.56,DGS10
2006-12-11,4.52,DGS10
2006-12-12,4.49,DGS10
2006-12-13,4.58,DGS10
2006-12-14,4.6,DGS10
2006-12-15,4.6,DGS10
2006-12-18,4.6,DGS10
2006-12-19,4.6,DGS10
2006-12-20,4.6,DGS10
2006-12-21,4.55,DGS10
2006-12-22,4.63,DGS10
2006-12-25,,DGS10
2006-12-26,4.61,DGS10
2006-12-27,4.66,DGS10
2006-12-28,4.7,DGS10
2006-12-29,4.71,DGS10
2007-01-01,,DGS10
2007-01-02,4.68,DGS10
2007-01-03,4.67,DGS10
2007-01-04,4.62,DGS10
2007-01-05,4.65,DGS10
2007-01-08,4.66,DGS10
2007-01-09,4.66,DGS10
2007-01-10,4.69,DGS10
2007-01-11,4.74,DGS10
2007-01-12,4.77,DGS10
2007-01-15,,DGS10
2007-01-16,4.75,DGS10
2007-01-17,4.79,DGS10
2007-01-18,4.75,DGS10
2007-01-19,4.78,DGS10
2007-01-22,4.76,DGS10
2007-01-23,4.81,DGS10
2007-01-24,4.81,DGS10
2007-01-25,4.87,DGS10
2007-01-26,4.88,DGS10
2007-01-29,4.9,DGS10
2007-01-30,4.88,DGS10
2007-01-31,4.83,DGS10
2007-02-01,4.84,DGS10
2007-02-02,4.83,DGS10
2007-02-05,4.81,DGS10
2007-02-06,4.77,DGS10
2007-02-07,4.74,DGS10
2007-02-08,4.73,DGS10
2007-02-09,4.79,DGS10
2007-02-12,4.8,DGS10
2007-02-13,4.82,DGS10
2007-02-14,4.74,DGS10
2007-02-15,4.7,DGS10
2007-02-16,4.69,DGS10
2007-02-19,,DGS10
2007-02-20,4.68,DGS10
2007-02-21,4.69,DGS10
2007-02-22,4.73,DGS10
2007-02-23,4.68,DGS10
2007-02-26,4.63,DGS10
2007-02-27,4.5,DGS10
2007-02-28,4.56,DGS10
2007-03-01,4.56,DGS10
2007-03-02,4.52,DGS10
2007-03-05,4.51,DGS10
2007-03-06,4.53,DGS10
2007-03-07,4.5,DGS10
2007-03-08,4.51,DGS10
2007-03-09,4.59,DGS10
2007-03-12,4.56,DGS10
2007-03-13,4.5,DGS10
2007-03-14,4.53,DGS10
2007-03-15,4.54,DGS10
2007-03-16,4.55,DGS10
2007-03-19,4.58,DGS10
2007-03-20,4.56,DGS10
2007-03-21,4.53,DGS10
2007-03-22,4.6,DGS10
2007-03-23,4.62,DGS10
2007-03-26,4.6,DGS10
2007-03-27,4.62,DGS10
2007-03-28,4.62,DGS10
2007-03-29,4.64,DGS10
2007-03-30,4.65,DGS10
2007-04-02,4.65,DGS10
2007-04-03,4.67,DGS10
2007-04-04,4.66,DGS10
2007-04-05,4.68,DGS10
2007-04-06,4.76,DGS10
2007-04-09,4.75,DGS10
2007-04-10,4.73,DGS10
2007-04-11,4.74,DGS10
2007-04-12,4.74,DGS10
2007-04-13,4.76,DGS10
2007-04-16,4.74,DGS10
2007-04-17,4.69,DGS10
2007-04-18,4.66,DGS10
2007-04-19,4.68,DGS10
2007-04-20,4.68,DGS10
2007-04-23,4.66,DGS10
2007-04-24,4.63,DGS10
2007-04-25,4.66,DGS10
2007-04-26,4.69,DGS10
2007-04-27,4.71,DGS10
2007-04-30,4.63,DGS10
2007-05-01,4.64,DGS10
2007-05-02,4.65,DGS10
2007-05-03,4.68,DGS10
2007-05-04,4.65,DGS10
2007-05-07,4.64,DGS10
2007-05-08,4.63,DGS10
2007-05-09,4.67,DGS10
2007-05-10,4.65,DGS10
2007-05-11,4.67,DGS10
2007-05-14,4.69,DGS10
2007-05-15,4.71,DGS10
2007-05-16,4.71,DGS10
2007-05-17,4.76,DGS10
2007-05-18,4.81,DGS10
2007-05-21,4.79,DGS10
2007-05-22,4.83,DGS10
2007-05-23,4.86,DGS10
2007-05-24,4.86,DGS10
2007-05-25,4.86,DGS10
2007-05-28,,DGS10
2007-05-29,4.88,DGS10
2007-05-30,4.88,DGS10
2007-05-31,4.9,DGS10
2007-06-01,4.95,DGS10
2007-06-04,4.93,DGS10
2007-06-05,4.98,DGS10
2007-06-06,4.97,DGS10
2007-06-07,5.11,DGS10
2007-06-08,5.12,DGS10
2007-06-11,5.14,DGS10
2007-06-12,5.26,DGS10
2007-06-13,5.2,DGS10
2007-06-14,5.23,DGS10
2007-06-15,5.16,DGS10
2007-06-18,5.15,DGS10
2007-06-19,5.09,DGS10
2007-06-20,5.14,DGS10
2007-06-21,5.16,DGS10
2007-06-22,5.14,DGS10
2007-06-25,5.09,DGS10
2007-06-26,5.1,DGS10
2007-06-27,5.09,DGS10
2007-06-28,5.12,DGS10
2007-06-29,5.03,DGS10
2007-07-02,5.0,DGS10
2007-07-03,5.05,DGS10
2007-07-04,,DGS10
2007-07-05,5.16,DGS10
2007-07-06,5.19,DGS10
2007-07-09,5.16,DGS10
2007-07-10,5.03,DGS10
2007-07-11,5.09,DGS10
2007-07-12,5.13,DGS10
2007-07-13,5.11,DGS10
2007-07-16,5.05,DGS10
2007-07-17,5.08,DGS10
2007-07-18,5.02,DGS10
2007-07-19,5.04,DGS10
2007-07-20,4.96,DGS10
2007-07-23,4.97,DGS10
2007-07-24,4.94,DGS10
2007-07-25,4.92,DGS10
2007-07-26,4.79,DGS10
2007-07-27,4.8,DGS10
2007-07-30,4.82,DGS10
2007-07-31,4.78,DGS10
2007-08-01,4.76,DGS10
2007-08-02,4.77,DGS10
2007-08-03,4.71,DGS10
2007-08-06,4.72,DGS10
2007-08-07,4.77,DGS10
2007-08-08,4.84,DGS10
2007-08-09,4.79,DGS10
2007-08-10,4.81,DGS10
2007-08-13,4.78,DGS10
2007-08-14,4.73,DGS10
2007-08-15,4.69,DGS10
2007-08-16,4.6,DGS10
2007-08-17,4.68,DGS10
2007-08-20,4.64,DGS10
2007-08-21,4.6,DGS10
2007-08-22,4.63,DGS10
2007-08-23,4.62,DGS10
2007-08-24,4.63,DGS10
2007-08-27,4.6,DGS10
2007-08-28,4.53,DGS10
2007-08-29,4.57,DGS10
2007-08-30,4.51,DGS10
2007-08-31,4.54,DGS10
2007-09-03,,DGS10
2007-09-04,4.56,DGS10
2007-09-05,4.48,DGS10
2007-09-06,4.51,DGS10
2007-09-07,4.38,DGS10
2007-09-10,4.34,DGS10
2007-09-11,4.37,DGS10
2007-09-12,4.41,DGS10
2007-09-13,4.49,DGS10
2007-09-14,4.47,DGS10
2007-09-17,4.48,DGS10
2007-09-18,4.5,DGS10
2007-09-19,4.53,DGS10
2007-09-20,4.69,DGS10
2007-09-21,4.64,DGS10
2007-09-24,4.63,DGS10
2007-09-25,4.63,DGS10
2007-09-26,4.63,DGS10
2007-09-27,4.58,DGS10
2007-09-28,4.59,DGS10
2007-10-01,4.56,DGS10
2007-10-02,4.54,DGS10
2007-10-03,4.55,DGS10
2007-10-04,4.54,DGS10
2007-10-05,4.65,DGS10
2007-10-08,,DGS10
2007-10-09,4.67,DGS10
2007-10-10,4.65,DGS10
2007-10-11,4.66,DGS10
2007-10-12,4.7,DGS10
2007-10-15,4.69,DGS10
2007-10-16,4.66,DGS10
2007-10-17,4.57,DGS10
2007-10-18,4.52,DGS10
2007-10-19,4.41,DGS10
2007-10-22,4.42,DGS10
2007-10-23,4.41,DGS10
2007-10-24,4.36,DGS10
2007-10-25,4.37,DGS10
2007-10-26,4.41,DGS10
2007-10-29,4.39,DGS10
2007-10-30,4.4,DGS10
2007-10-31,4.48,DGS10
2007-11-01,4.36,DGS10
2007-11-02,4.31,DGS10
2007-11-05,4.35,DGS10
2007-11-06,4.38,DGS10
2007-11-07,4.34,DGS10
2007-11-08,4.28,DGS10
2007-11-09,4.23,DGS10
2007-11-12,,DGS10
2007-11-13,4.26,DGS10
2007-11-14,4.28,DGS10
2007-11-15,4.17,DGS10
2007-11-16,4.15,DGS10
2007-11-19,4.07,DGS10
2007-11-20,4.06,DGS10
2007-11-21,4.0,DGS10
2007-11-22,,DGS10
2007-11-23,4.01,DGS10
2007-11-26,3.83,DGS10
2007-11-27,3.95,DGS10
2007-11-28,4.03,DGS10
2007-11-29,3.94,DGS10
2007-11-30,3.97,DGS10
2007-12-03,3.89,DGS10
2007-12-04,3.89,DGS10
2007-12-05,3.92,DGS10
2007-12-06,4.02,DGS10
2007-12-07,4.12,DGS10
2007-12-10,4.15,DGS10
2007-12-11,3.98,DGS10
2007-12-12,4.05,DGS10
2007-12-13,4.18,DGS10
2007-12-14,4.24,DGS10
2007-12-17,4.2,DGS10
2007-12-18,4.14,DGS10
2007-12-19,4.06,DGS10
2007-12-20,4.04,DGS10
2007-12-21,4.18,DGS10
2007-12-24,4.23,DGS10
2007-12-25,,DGS10
2007-12-26,4.3,DGS10
2007-12-27,4.21,DGS10
2007-12-28,4.11,DGS10
2007-12-31,4.04,DGS10
2008-01-01,,DGS10
2008-01-02,3.91,DGS10
2008-01-03,3.91,DGS10
2008-01-04,3.88,DGS10
2008-01-07,3.86,DGS10
2008-01-08,3.86,DGS10
2008-01-09,3.82,DGS10
2008-01-10,3.91,DGS10
2008-01-11,3.82,DGS10
2008-01-14,3.81,DGS10
2008-01-15,3.72,DGS10
2008-01-16,3.74,DGS10
2008-01-17,3.66,DGS10
2008-01-18,3.66,DGS10
2008-01-21,,DGS10
2008-01-22,3.52,DGS10
2008-01-23,3.51,DGS10
2008-01-24,3.68,DGS10
2008-01-25,3.61,DGS10
2008-01-28,3.61,DGS10
2008-01-29,3.69,DGS10
2008-01-30,3.78,DGS10
2008-01-31,3.67,DGS10
2008-02-01,3.62,DGS10
2008-02-04,3.68,DGS10
2008-02-05,3.61,DGS10
2008-02-06,3.61,DGS10
2008-02-07,3.74,DGS10
2008-02-08,3.64,DGS10
2008-02-11,3.62,DGS10
2008-02-12,3.66,DGS10
2008-02-13,3.7,DGS10
2008-02-14,3.85,DGS10
2008-02-15,3.76,DGS10
2008-02-18,,DGS10
2008-02-19,3.89,DGS10
2008-02-20,3.93,DGS10
2008-02-21,3.77,DGS10
2008-02-22,3.79,DGS10
2008-02-25,3.91,DGS10
2008-02-26,3.88,DGS10
2008-02-27,3.85,DGS10
2008-02-28,3.71,DGS10
2008-02-29,3.53,DGS10
2008-03-03,3.54,DGS10
2008-03-04,3.63,DGS10
2008-03-05,3.7,DGS10
2008-03-06,3.62,DGS10
2008-03-07,3.56,DGS10
2008-03-10,3.46,DGS10
2008-03-11,3.6,DGS10
2008-03-12,3.49,DGS10
2008-03-13,3.56,DGS10
2008-03-14,3.44,DGS10
2008-03-17,3.34,DGS10
2008-03-18,3.48,DGS10
2008-03-19,3.38,DGS10
2008-03-20,3.34,DGS10
2008-03-21,,DGS10
2008-03-24,3.56,DGS10
2008-03-25,3.51,DGS10
2008-03-26,3.51,DGS10
2008-03-27,3.56,DGS10
2008-03-28,3.47,DGS10
2008-03-31,3.45,DGS10
2008-04-01,3.57,DGS10
2008-04-02,3.6,DGS10
2008-04-03,3.61,DGS10
2008-04-04,3.5,DGS10
2008-04-07,3.57,DGS10
2008-04-08,3.58,DGS10
2008-04-09,3.49,DGS10
2008-04-10,3.55,DGS10
2008-04-11,3.49,DGS10
2008-04-14,3.53,DGS10
2008-04-15,3.6,DGS10
2008-04-16,3.72,DGS10
2008-04-17,3.75,DGS10
2008-04-18,3.77,DGS10
2008-04-21,3.75,DGS10
2008-04-22,3.74,DGS10
2008-04-23,3.77,DGS10
2008-04-24,3.87,DGS10
2008-04-25,3.91,DGS10
2008-04-28,3.86,DGS10
2008-04-29,3.85,DGS10
2008-04-30,3.77,DGS10
2008-05-01,3.78,DGS10
2008-05-02,3.89,DGS10
2008-05-05,3.88,DGS10
2008-05-06,3.93,DGS10
2008-05-07,3.87,DGS10
2008-05-08,3.79,DGS10
2008-05-09,3.77,DGS10
2008-05-12,3.78,DGS10
2008-05-13,3.9,DGS10
2008-05-14,3.92,DGS10
2008-05-15,3.83,DGS10
2008-05-16,3.85,DGS10
2008-05-19,3.83,DGS10
2008-05-20,3.78,DGS10
2008-05-21,3.81,DGS10
2008-05-22,3.92,DGS10
2008-05-23,3.85,DGS10
2008-05-26,,DGS10
2008-05-27,3.93,DGS10
2008-05-28,4.03,DGS10
2008-05-29,4.08,DGS10
2008-05-30,4.06,DGS10
2008-06-02,3.98,DGS10
2008-06-03,3.92,DGS10
2008-06-04,3.98,DGS10
2008-06-05,4.06,DGS10
2008-06-06,3.94,DGS10
2008-06-09,4.02,DGS10
2008-06-10,4.11,DGS10
2008-06-11,4.1,DGS10
2008-06-12,4.23,DGS10
2008-06-13,4.27,DGS10
2008-06-16,4.25,DGS10
2008-06-17,4.23,DGS10
2008-06-18,4.16,DGS10
2008-06-19,4.22,DGS10
2008-06-20,4.16,DGS10
2008-06-23,4.19,DGS10
2008-06-24,4.1,DGS10
2008-06-25,4.12,DGS10
2008-06-26,4.07,DGS10
2008-06-27,3.99,DGS10
2008-06-30,3.99,DGS10
2008-07-01,4.01,DGS10
2008-07-02,3.99,DGS10
2008-07-03,3.99,DGS10
2008-07-04,,DGS10
2008-07-07,3.95,DGS10
2008-07-08,3.91,DGS10
2008-07-09,3.85,DGS10
2008-07-10,3.83,DGS10
2008-07-11,3.96,DGS10
2008-07-14,3.9,DGS10
2008-07-15,3.87,DGS10
2008-07-16,3.97,DGS10
2008-07-17,4.07,DGS10
2008-07-18,4.11,DGS10
2008-07-21,4.09,DGS10
2008-07-22,4.14,DGS10
2008-07-23,4.16,DGS10
2008-07-24,4.03,DGS10
2008-07-25,4.13,DGS10
2008-07-28,4.06,DGS10
2008-07-29,4.09,DGS10
2008-07-30,4.07,DGS10
2008-07-31,3.99,DGS10
2008-08-01,3.97,DGS10
2008-08-04,3.98,DGS10
2008-08-05,4.04,DGS10
2008-08-06,4.06,DGS10
2008-08-07,3.92,DGS10
2008-08-08,3.94,DGS10
2008-08-11,3.99,DGS10
2008-08-12,3.91,DGS10
2008-08-13,3.94,DGS10
2008-08-14,3.89,DGS10
2008-08-15,3.84,DGS10
2008-08-18,3.82,DGS10
2008-08-19,3.83,DGS10
2008-08-20,3.79,DGS10
2008-08-21,3.84,DGS10
2008-08-22,3.87,DGS10
2008-08-25,3.79,DGS10
2008-08-26,3.79,DGS10
2008-08-27,3.77,DGS10
2008-08-28,3.79,DGS10
2008-08-29,3.83,DGS10
2008-09-01,,DGS10
2008-09-02,3.74,DGS10
2008-09-03,3.71,DGS10
2008-09-04,3.64,DGS10
2008-09-05,3.66,DGS10
2008-09-08,3.66,DGS10
2008-09-09,3.62,DGS10
2008-09-10,3.65,DGS10
2008-09-11,3.64,DGS10
2008-09-12,3.74,DGS10
2008-09-15,3.47,DGS10
2008-09-16,3.48,DGS10
2008-09-17,3.41,DGS10
2008-09-18,3.54,DGS10
2008-09-19,3.78,DGS10
2008-09-22,3.83,DGS10
2008-09-23,3.85,DGS10
2008-09-24,3.8,DGS10
2008-09-25,3.88,DGS10
2008-09-26,3.85,DGS10
2008-09-29,3.61,DGS10
2008-09-30,3.85,DGS10
2008-10-01,3.77,DGS10
2008-10-02,3.66,DGS10
2008-10-03,3.63,DGS10
2008-10-06,3.48,DGS10
2008-10-07,3.5,DGS10
2008-10-08,3.72,DGS10
2008-10-09,3.84,DGS10
2008-10-10,3.89,DGS10
2008-10-13,,DGS10
2008-10-14,4.08,DGS10
2008-10-15,4.04,DGS10
2008-10-16,3.99,DGS10
2008-10-17,3.98,DGS10
2008-10-20,3.91,DGS10
2008-10-21,3.76,DGS10
2008-10-22,3.65,DGS10
2008-10-23,3.63,DGS10
2008-10-24,3.76,DGS10
2008-10-27,3.79,DGS10
2008-10-28,3.89,DGS10
2008-10-29,3.93,DGS10
2008-10-30,4.0,DGS10
2008-10-31,4.01,DGS10
2008-11-03,3.96,DGS10
2008-11-04,3.81,DGS10
2008-11-05,3.73,DGS10
2008-11-06,3.75,DGS10
2008-11-07,3.83,DGS10
2008-11-10,3.82,DGS10
2008-11-11,,DGS10
2008-11-12,3.75,DGS10
2008-11-13,3.84,DGS10
2008-11-14,3.72,DGS10
2008-11-17,3.68,DGS10
2008-11-18,3.53,DGS10
2008-11-19,3.38,DGS10
2008-11-20,3.1,DGS10
2008-11-21,3.2,DGS10
2008-11-24,3.35,DGS10
2008-11-25,3.11,DGS10
2008-11-26,2.99,DGS10
2008-11-27,,DGS10
2008-11-28,2.93,DGS10
2008-12-01,2.72,DGS10
2008-12-02,2.68,DGS10
2008-12-03,2.67,DGS10
2008-12-04,2.55,DGS10
2008-12-05,2.67,DGS10
2008-12-08,2.77,DGS10
2008-12-09,2.67,DGS10
2008-12-10,2.69,DGS10
2008-12-11,2.64,DGS10
2008-12-12,2.6,DGS10
2008-12-15,2.53,DGS10
2008-12-16,2.37,DGS10
2008-12-17,2.2,DGS10
2008-12-18,2.08,DGS10
2008-12-19,2.13,DGS10
2008-12-22,2.16,DGS10
2008-12-23,2.18,DGS10
2008-12-24,2.2,DGS10
2008-12-25,,DGS10
2008-12-26,2.16,DGS10
2008-12-29,2.13,DGS10
2008-12-30,2.11,DGS10
2008-12-31,2.25,DGS10
2009-01-01,,DGS10
2009-01-02,2.46,DGS10
2009-01-05,2.49,DGS10
2009-01-06,2.51,DGS10
2009-01-07,2.52,DGS10
2009-01-08,2.47,DGS10
2009-01-09,2.43,DGS10
2009-01-12,2.34,DGS10
2009-01-13,2.33,DGS10
2009-01-14,2.24,DGS10
2009-01-15,2.23,DGS10
2009-01-16,2.36,DGS10
2009-01-19,,DGS10
2009-01-20,2.4,DGS10
2009-01-21,2.56,DGS10
2009-01-22,2.62,DGS10
2009-01-23,2.65,DGS10
2009-01-26,2.7,DGS10
2009-01-27,2.59,DGS10
2009-01-28,2.71,DGS10
2009-01-29,2.87,DGS10
2009-01-30,2.87,DGS10
2009-02-02,2.76,DGS10
2009-02-03,2.89,DGS10
2009-02-04,2.95,DGS10
2009-02-05,2.95,DGS10
2009-02-06,3.05,DGS10
2009-02-09,3.07,DGS10
2009-02-10,2.9,DGS10
2009-02-11,2.78,DGS10
2009-02-12,2.75,DGS10
2009-02-13,2.89,DGS10
2009-02-16,,DGS10
2009-02-17,2.64,DGS10
2009-02-18,2.74,DGS10
2009-02-19,2.85,DGS10
2009-02-20,2.78,DGS10
2009-02-23,2.78,DGS10
2009-02-24,2.8,DGS10
2009-02-25,2.95,DGS10
2009-02-26,2.98,DGS10
2009-02-27,3.02,DGS10
2009-03-02,2.91,DGS10
2009-03-03,2.93,DGS10
2009-03-04,3.01,DGS10
2009-03-05,2.83,DGS10
2009-03-06,2.83,DGS10
2009-03-09,2.89,DGS10
2009-03-10,2.99,DGS10
2009-03-11,2.95,DGS10
2009-03-12,2.89,DGS10
2009-03-13,2.89,DGS10
2009-03-16,2.97,DGS10
2009-03-17,3.02,DGS10
2009-03-18,2.51,DGS10
2009-03-19,2.61,DGS10
2009-03-20,2.65,DGS10
2009-03-23,2.68,DGS10
2009-03-24,2.68,DGS10
2009-03-25,2.81,DGS10
2009-03-26,2.76,DGS10
2009-03-27,2.78,DGS10
2009-03-30,2.73,DGS10
2009-03-31,2.71,DGS10
2009-04-01,2.68,DGS10
2009-04-02,2.77,DGS10
2009-04-03,2.91,DGS10
2009-04-06,2.95,DGS10
2009-04-07,2.93,DGS10
2009-04-08,2.86,DGS10
2009-04-09,2.96,DGS10
2009-04-10,,DGS10
2009-04-13,2.88,DGS10
2009-04-14,2.8,DGS10
2009-04-15,2.82,DGS10
2009-04-16,2.86,DGS10
2009-04-17,2.98,DGS10
2009-04-20,2.88,DGS10
2009-04-21,2.94,DGS10
2009-04-22,2.98,DGS10
2009-04-23,2.96,DGS10
2009-04-24,3.03,DGS10
2009-04-27,2.95,DGS10
2009-04-28,3.05,DGS10
2009-04-29,3.12,DGS10
2009-04-30,3.16,DGS10
2009-05-01,3.21,DGS10
2009-05-04,3.19,DGS10
2009-05-05,3.2,DGS10
2009-05-06,3.18,DGS10
2009-05-07,3.29,DGS10
2009-05-08,3.29,DGS10
2009-05-11,3.17,DGS10
2009-05-12,3.17,DGS10
2009-05-13,3.11,DGS10
2009-05-14,3.1,DGS10
2009-05-15,3.14,DGS10
2009-05-18,3.22,DGS10
2009-05-19,3.25,DGS10
2009-05-20,3.19,DGS10
2009-05-21,3.35,DGS10
2009-05-22,3.45,DGS10
2009-05-25,,DGS10
2009-05-26,3.5,DGS10
2009-05-27,3.71,DGS10
2009-05-28,3.67,DGS10
2009-05-29,3.47,DGS10
2009-06-01,3.71,DGS10
2009-06-02,3.65,DGS10
2009-06-03,3.56,DGS10
2009-06-04,3.72,DGS10
2009-06-05,3.84,DGS10
2009-06-08,3.91,DGS10
2009-06-09,3.86,DGS10
2009-06-10,3.98,DGS10
2009-06-11,3.88,DGS10
2009-06-12,3.81,DGS10
2009-06-15,3.76,DGS10
2009-06-16,3.67,DGS10
2009-06-17,3.68,DGS10
2009-06-18,3.86,DGS10
2009-06-19,3.79,DGS10
2009-06-22,3.72,DGS10
2009-06-23,3.65,DGS10
2009-06-24,3.72,DGS10
2009-06-25,3.55,DGS10
2009-06-26,3.52,DGS10
2009-06-29,3.51,DGS10
2009-06-30,3.53,DGS10
2009-07-01,3.55,DGS10
2009-07-02,3.51,DGS10
2009-07-03,,DGS10
2009-07-06,3.52,DGS10
2009-07-07,3.47,DGS10
2009-07-08,3.33,DGS10
2009-07-09,3.44,DGS10
2009-07-10,3.32,DGS10
2009-07-13,3.38,DGS10
2009-07-14,3.5,DGS10
2009-07-15,3.63,DGS10
2009-07-16,3.59,DGS10
2009-07-17,3.67,DGS10
2009-07-20,3.61,DGS10
2009-07-21,3.5,DGS10
2009-07-22,3.58,DGS10
2009-07-23,3.72,DGS10
2009-07-24,3.7,DGS10
2009-07-27,3.75,DGS10
2009-07-28,3.72,DGS10
2009-07-29,3.69,DGS10
2009-07-30,3.67,DGS10
2009-07-31,3.52,DGS10
2009-08-03,3.66,DGS10
2009-08-04,3.7,DGS10
2009-08-05,3.8,DGS10
2009-08-06,3.79,DGS10
2009-08-07,3.89,DGS10
2009-08-10,3.8,DGS10
2009-08-11,3.71,DGS10
2009-08-12,3.72,DGS10
2009-08-13,3.59,DGS10
2009-08-14,3.55,DGS10
2009-08-17,3.48,DGS10
2009-08-18,3.51,DGS10
2009-08-19,3.45,DGS10
2009-08-20,3.42,DGS10
2009-08-21,3.56,DGS10
2009-08-24,3.48,DGS10
2009-08-25,3.45,DGS10
2009-08-26,3.44,DGS10
2009-08-27,3.47,DGS10
2009-08-28,3.46,DGS10
2009-08-31,3.4,DGS10
2009-09-01,3.38,DGS10
2009-09-02,3.29,DGS10
2009-09-03,3.33,DGS10
2009-09-04,3.45,DGS10
2009-09-07,,DGS10
2009-09-08,3.47,DGS10
2009-09-09,3.48,DGS10
2009-09-10,3.36,DGS10
2009-09-11,3.34,DGS10
2009-09-14,3.42,DGS10
2009-09-15,3.47,DGS10
2009-09-16,3.48,DGS10
2009-09-17,3.42,DGS10
2009-09-18,3.49,DGS10
2009-09-21,3.49,DGS10
2009-09-22,3.46,DGS10
2009-09-23,3.44,DGS10
2009-09-24,3.4,DGS10
2009-09-25,3.34,DGS10
2009-09-28,3.31,DGS10
2009-09-29,3.31,DGS10
2009-09-30,3.31,DGS10
2009-10-01,3.21,DGS10
2009-10-02,3.24,DGS10
2009-10-05,3.24,DGS10
2009-10-06,3.27,DGS10
2009-10-07,3.21,DGS10
2009-10-08,3.27,DGS10
2009-10-09,3.4,DGS10
2009-10-12,,DGS10
2009-10-13,3.34,DGS10
2009-10-14,3.45,DGS10
2009-10-15,3.49,DGS10
2009-10-16,3.43,DGS10
2009-10-19,3.41,DGS10
2009-10-20,3.35,DGS10
2009-10-21,3.42,DGS10
2009-10-22,3.44,DGS10
2009-10-23,3.51,DGS10
2009-10-26,3.59,DGS10
2009-10-27,3.49,DGS10
2009-10-28,3.44,DGS10
2009-10-29,3.53,DGS10
2009-10-30,3.41,DGS10
2009-11-02,3.45,DGS10
2009-11-03,3.5,DGS10
2009-11-04,3.57,DGS10
2009-11-05,3.57,DGS10
2009-11-06,3.54,DGS10
2009-11-09,3.52,DGS10
2009-11-10,3.5,DGS10
2009-11-11,,DGS10
2009-11-12,3.45,DGS10
2009-11-13,3.43,DGS10
2009-11-16,3.33,DGS10
2009-11-17,3.33,DGS10
2009-11-18,3.36,DGS10
2009-11-19,3.35,DGS10
2009-11-20,3.36,DGS10
2009-11-23,3.37,DGS10
2009-11-24,3.32,DGS10
2009-11-25,3.28,DGS10
2009-11-26,,DGS10
2009-11-27,3.21,DGS10
2009-11-30,3.21,DGS10
2009-12-01,3.28,DGS10
2009-12-02,3.32,DGS10
2009-12-03,3.39,DGS10
2009-12-04,3.48,DGS10
2009-12-07,3.44,DGS10
2009-12-08,3.4,DGS10
2009-12-09,3.45,DGS10
2009-12-10,3.49,DGS10
2009-12-11,3.55,DGS10
2009-12-14,3.56,DGS10
2009-12-15,3.6,DGS10
2009-12-16,3.61,DGS10
2009-12-17,3.5,DGS10
2009-12-18,3.55,DGS10
2009-12-21,3.69,DGS10
2009-12-22,3.76,DGS10
2009-12-23,3.77,DGS10
2009-12-24,3.82,DGS10
2009-12-25,,DGS10
2009-12-28,3.85,DGS10
2009-12-29,3.82,DGS10
2009-12-30,3.8,DGS10
2009-12-31,3.85,DGS10
2010-01-01,,DGS10
2010-01-04,3.85,DGS10
2010-01-05,3.77,DGS10
2010-01-06,3.85,DGS10
2010-01-07,3.85,DGS10
2010-01-08,3.83,DGS10
2010-01-11,3.85,DGS10
2010-01-12,3.74,DGS10
2010-01-13,3.8,DGS10
2010-01-14,3.76,DGS10
2010-01-15,3.7,DGS10
2010-01-18,,DGS10
2010-01-19,3.73,DGS10
2010-01-20,3.68,DGS10
2010-01-21,3.62,DGS10
2010-01-22,3.62,DGS10
2010-01-25,3.66,DGS10
2010-01-26,3.65,DGS10
2010-01-27,3.66,DGS10
2010-01-28,3.68,DGS10
2010-01-29,3.63,DGS10
2010-02-01,3.68,DGS10
2010-02-02,3.67,DGS10
2010-02-03,3.73,DGS10
2010-02-04,3.62,DGS10
2010-02-05,3.59,DGS10
2010-02-08,3.62,DGS10
2010-02-09,3.67,DGS10
2010-02-10,3.72,DGS10
2010-02-11,3.73,DGS10
2010-02-12,3.69,DGS10
2010-02-15,,DGS10
2010-02-16,3.66,DGS10
2010-02-17,3.74,DGS10
2010-02-18,3.79,DGS10
2010-02-19,3.78,DGS10
2010-02-22,3.8,DGS10
2010-02-23,3.69,DGS10
2010-02-24,3.7,DGS10
2010-02-25,3.64,DGS10
2010-02-26,3.61,DGS10
2010-03-01,3.61,DGS10
2010-03-02,3.62,DGS10
2010-03-03,3.63,DGS10
2010-03-04,3.61,DGS10
2010-03-05,3.69,DGS10
2010-03-08,3.72,DGS10
2010-03-09,3.71,DGS10
2010-03-10,3.73,DGS10
2010-03-11,3.73,DGS10
2010-03-12,3.71,DGS10
2010-03-15,3.71,DGS10
2010-03-16,3.66,DGS10
2010-03-17,3.65,DGS10
2010-03-18,3.68,DGS10
2010-03-19,3.7,DGS10
2010-03-22,3.67,DGS10
2010-03-23,3.69,DGS10
2010-03-24,3.84,DGS10
2010-03-25,3.91,DGS10
2010-03-26,3.86,DGS10
2010-03-29,3.88,DGS10
2010-03-30,3.88,DGS10
2010-03-31,3.84,DGS10
2010-04-01,3.89,DGS10
2010-04-02,3.96,DGS10
2010-04-05,4.01,DGS10
2010-04-06,3.98,DGS10
2010-04-07,3.89,DGS10
2010-04-08,3.91,DGS10
2010-04-09,3.9,DGS10
2010-04-12,3.87,DGS10
2010-04-13,3.84,DGS10
2010-04-14,3.88,DGS10
2010-04-15,3.86,DGS10
2010-04-16,3.79,DGS10
2010-04-19,3.83,DGS10
2010-04-20,3.82,DGS10
2010-04-21,3.77,DGS10
2010-04-22,3.8,DGS10
2010-04-23,3.84,DGS10
2010-04-26,3.83,DGS10
2010-04-27,3.71,DGS10
2010-04-28,3.8,DGS10
2010-04-29,3.76,DGS10
2010-04-30,3.69,DGS10
2010-05-03,3.72,DGS10
2010-05-04,3.63,DGS10
2010-05-05,3.58,DGS10
2010-05-06,3.41,DGS10
2010-05-07,3.45,DGS10
2010-05-10,3.57,DGS10
2010-05-11,3.56,DGS10
2010-05-12,3.56,DGS10
2010-05-13,3.55,DGS10
2010-05-14,3.44,DGS10
2010-05-17,3.47,DGS10
2010-05-18,3.38,DGS10
2010-05-19,3.36,DGS10
2010-05-20,3.25,DGS10
2010-05-21,3.2,DGS10
2010-05-24,3.23,DGS10
2010-05-25,3.18,DGS10
2010-05-26,3.21,DGS10
2010-05-27,3.34,DGS10
2010-05-28,3.31,DGS10
2010-05-31,,DGS10
2010-06-01,3.29,DGS10
2010-06-02,3.35,DGS10
2010-06-03,3.39,DGS10
2010-06-04,3.2,DGS10
2010-06-07,3.17,DGS10
2010-06-08,3.18,DGS10
2010-06-09,3.2,DGS10
2010-06-10,3.33,DGS10
2010-06-11,3.24,DGS10
2010-06-14,3.28,DGS10
2010-06-15,3.32,DGS10
2010-06-16,3.27,DGS10
2010-06-17,3.21,DGS10
2010-06-18,3.24,DGS10
2010-06-21,3.26,DGS10
2010-06-22,3.18,DGS10
2010-06-23,3.13,DGS10
2010-06-24,3.14,DGS10
2010-06-25,3.12,DGS10
2010-06-28,3.05,DGS10
2010-06-29,2.97,DGS10
2010-06-30,2.97,DGS10
2010-07-01,2.96,DGS10
2010-07-02,3.0,DGS10
2010-07-05,,DGS10
2010-07-06,2.95,DGS10
2010-07-07,3.0,DGS10
2010-07-08,3.04,DGS10
2010-07-09,3.07,DGS10
2010-07-12,3.08,DGS10
2010-07-13,3.15,DGS10
2010-07-14,3.07,DGS10
2010-07-15,3.0,DGS10
2010-07-16,2.96,DGS10
2010-07-19,2.99,DGS10
2010-07-20,2.98,DGS10
2010-07-21,2.9,DGS10
2010-07-22,2.96,DGS10
2010-07-23,3.02,DGS10
2010-07-26,3.03,DGS10
2010-07-27,3.08,DGS10
2010-07-28,3.03,DGS10
2010-07-29,3.03,DGS10
2010-07-30,2.94,DGS10
2010-08-02,2.99,DGS10
2010-08-03,2.94,DGS10
2010-08-04,2.98,DGS10
2010-08-05,2.94,DGS10
2010-08-06,2.86,DGS10
2010-08-09,2.86,DGS10
2010-08-10,2.79,DGS10
2010-08-11,2.72,DGS10
2010-08-12,2.74,DGS10
2010-08-13,2.68,DGS10
2010-08-16,2.58,DGS10
2010-08-17,2.64,DGS10
2010-08-18,2.64,DGS10
2010-08-19,2.58,DGS10
2010-08-20,2.62,DGS10
2010-08-23,2.6,DGS10
2010-08-24,2.5,DGS10
2010-08-25,2.54,DGS10
2010-08-26,2.5,DGS10
2010-08-27,2.66,DGS10
2010-08-30,2.54,DGS10
2010-08-31,2.47,DGS10
2010-09-01,2.58,DGS10
2010-09-02,2.63,DGS10
2010-09-03,2.72,DGS10
2010-09-06,,DGS10
2010-09-07,2.61,DGS10
2010-09-08,2.66,DGS10
2010-09-09,2.77,DGS10
2010-09-10,2.81,DGS10
2010-09-13,2.74,DGS10
2010-09-14,2.68,DGS10
2010-09-15,2.74,DGS10
2010-09-16,2.77,DGS10
2010-09-17,2.75,DGS10
2010-09-20,2.72,DGS10
2010-09-21,2.61,DGS10
2010-09-22,2.56,DGS10
2010-09-23,2.56,DGS10
2010-09-24,2.62,DGS10
2010-09-27,2.54,DGS10
2010-09-28,2.48,DGS10
2010-09-29,2.52,DGS10
2010-09-30,2.53,DGS10
2010-10-01,2.54,DGS10
2010-10-04,2.5,DGS10
2010-10-05,2.5,DGS10
2010-10-06,2.41,DGS10
2010-10-07,2.41,DGS10
2010-10-08,2.41,DGS10
2010-10-11,,DGS10
2010-10-12,2.44,DGS10
2010-10-13,2.46,DGS10
2010-10-14,2.52,DGS10
2010-10-15,2.59,DGS10
2010-10-18,2.52,DGS10
2010-10-19,2.5,DGS10
2010-10-20,2.51,DGS10
2010-10-21,2.57,DGS10
2010-10-22,2.59,DGS10
2010-10-25,2.59,DGS10
2010-10-26,2.67,DGS10
2010-10-27,2.75,DGS10
2010-10-28,2.69,DGS10
2010-10-29,2.63,DGS10
2010-11-01,2.66,DGS10
2010-11-02,2.63,DGS10
2010-11-03,2.67,DGS10
2010-11-04,2.53,DGS10
2010-11-05,2.58,DGS10
2010-11-08,2.6,DGS10
2010-11-09,2.72,DGS10
2010-11-10,2.65,DGS10
2010-11-11,,DGS10
2010-11-12,2.76,DGS10
2010-11-15,2.92,DGS10
2010-11-16,2.85,DGS10
2010-11-17,2.89,DGS10
2010-11-18,2.9,DGS10
2010-11-19,2.88,DGS10
2010-11-22,2.8,DGS10
2010-11-23,2.77,DGS10
2010-11-24,2.93,DGS10
2010-11-25,,DGS10
2010-11-26,2.87,DGS10
2010-11-29,2.84,DGS10
2010-11-30,2.81,DGS10
2010-12-01,2.97,DGS10
2010-12-02,3.01,DGS10
2010-12-03,3.03,DGS10
2010-12-06,2.95,DGS10
2010-12-07,3.15,DGS10
2010-12-08,3.26,DGS10
2010-12-09,3.23,DGS10
2010-12-10,3.32,DGS10
2010-12-13,3.29,DGS10
2010-12-14,3.49,DGS10
2010-12-15,3.53,DGS10
2010-12-16,3.47,DGS10
2010-12-17,3.33,DGS10
2010-12-20,3.36,DGS10
2010-12-21,3.35,DGS10
2010-12-22,3.36,DGS10
2010-12-23,3.41,DGS10
2010-12-24,,DGS10
2010-12-27,3.36,DGS10
2010-12-28,3.5,DGS10
2010-12-29,3.35,DGS10
2010-12-30,3.38,DGS10
2010-12-31,3.3,DGS10
2011-01-03,3.36,DGS10
2011-01-04,3.36,DGS10
2011-01-05,3.5,DGS10
2011-01-06,3.44,DGS10
2011-01-07,3.34,DGS10
2011-01-10,3.32,DGS10
2011-01-11,3.37,DGS10
2011-01-12,3.4,DGS10
2011-01-13,3.34,DGS10
2011-01-14,3.35,DGS10
2011-01-17,,DGS10
2011-01-18,3.39,DGS10
2011-01-19,3.37,DGS10
2011-01-20,3.47,DGS10
2011-01-21,3.44,DGS10
2011-01-24,3.43,DGS10
2011-01-25,3.35,DGS10
2011-01-26,3.45,DGS10
2011-01-27,3.42,DGS10
2011-01-28,3.36,DGS10
2011-01-31,3.42,DGS10
2011-02-01,3.48,DGS10
2011-02-02,3.52,DGS10
2011-02-03,3.58,DGS10
2011-02-04,3.68,DGS10
2011-02-07,3.68,DGS10
2011-02-08,3.75,DGS10
2011-02-09,3.65,DGS10
2011-02-10,3.7,DGS10
2011-02-11,3.64,DGS10
2011-02-14,3.62,DGS10
2011-02-15,3.61,DGS10
2011-02-16,3.62,DGS10
2011-02-17,3.58,DGS10
2011-02-18,3.59,DGS10
2011-02-21,,DGS10
2011-02-22,3.46,DGS10
2011-02-23,3.49,DGS10
2011-02-24,3.46,DGS10
2011-02-25,3.42,DGS10
2011-02-28,3.42,DGS10
2011-03-01,3.41,DGS10
2011-03-02,3.46,DGS10
2011-03-03,3.58,DGS10
2011-03-04,3.49,DGS10
2011-03-07,3.51,DGS10
2011-03-08,3.56,DGS10
2011-03-09,3.48,DGS10
2011-03-10,3.37,DGS10
2011-03-11,3.4,DGS10
2011-03-14,3.36,DGS10
2011-03-15,3.33,DGS10
2011-03-16,3.22,DGS10
2011-03-17,3.25,DGS10
2011-03-18,3.28,DGS10
2011-03-21,3.34,DGS10
2011-03-22,3.34,DGS10
2011-03-23,3.36,DGS10
2011-03-24,3.42,DGS10
2011-03-25,3.46,DGS10
2011-03-28,3.47,DGS10
2011-03-29,3.5,DGS10
2011-03-30,3.47,DGS10
2011-03-31,3.47,DGS10
2011-04-01,3.46,DGS10
2011-04-04,3.45,DGS10
2011-04-05,3.5,DGS10
2011-04-06,3.56,DGS10
2011-04-07,3.58,DGS10
2011-04-08,3.59,DGS10
2011-04-11,3.59,DGS10
2011-04-12,3.52,DGS10
2011-04-13,3.49,DGS10
2011-04-14,3.51,DGS10
2011-04-15,3.43,DGS10
2011-04-18,3.4,DGS10
2011-04-19,3.39,DGS10
2011-04-20,3.43,DGS10
2011-04-21,3.42,DGS10
2011-04-22,,DGS10
2011-04-25,3.39,DGS10
2011-04-26,3.34,DGS10
2011-04-27,3.39,DGS10
2011-04-28,3.34,DGS10
2011-04-29,3.32,DGS10
2011-05-02,3.31,DGS10
2011-05-03,3.28,DGS10
2011-05-04,3.25,DGS10
2011-05-05,3.18,DGS10
2011-05-06,3.19,DGS10
2011-05-09,3.17,DGS10
2011-05-10,3.23,DGS10
2011-05-11,3.19,DGS10
2011-05-12,3.22,DGS10
2011-05-13,3.18,DGS10
2011-05-16,3.15,DGS10
2011-05-17,3.12,DGS10
2011-05-18,3.18,DGS10
2011-05-19,3.17,DGS10
2011-05-20,3.15,DGS10
2011-05-23,3.13,DGS10
2011-05-24,3.12,DGS10
2011-05-25,3.13,DGS10
2011-05-26,3.07,DGS10
2011-05-27,3.07,DGS10
2011-05-30,,DGS10
2011-05-31,3.05,DGS10
2011-06-01,2.96,DGS10
2011-06-02,3.04,DGS10
2011-06-03,2.99,DGS10
2011-06-06,3.01,DGS10
2011-06-07,3.01,DGS10
2011-06-08,2.98,DGS10
2011-06-09,3.01,DGS10
2011-06-10,2.99,DGS10
2011-06-13,3.0,DGS10
2011-06-14,3.11,DGS10
2011-06-15,2.98,DGS10
2011-06-16,2.93,DGS10
2011-06-17,2.94,DGS10
2011-06-20,2.97,DGS10
2011-06-21,2.99,DGS10
2011-06-22,3.01,DGS10
2011-06-23,2.93,DGS10
2011-06-24,2.88,DGS10
2011-06-27,2.95,DGS10
2011-06-28,3.05,DGS10
2011-06-29,3.14,DGS10
2011-06-30,3.18,DGS10
2011-07-01,3.22,DGS10
2011-07-04,,DGS10
2011-07-05,3.16,DGS10
2011-07-06,3.12,DGS10
2011-07-07,3.17,DGS10
2011-07-08,3.03,DGS10
2011-07-11,2.94,DGS10
2011-07-12,2.92,DGS10
2011-07-13,2.92,DGS10
2011-07-14,2.98,DGS10
2011-07-15,2.94,DGS10
2011-07-18,2.94,DGS10
2011-07-19,2.91,DGS10
2011-07-20,2.96,DGS10
2011-07-21,3.03,DGS10
2011-07-22,2.99,DGS10
2011-07-25,3.03,DGS10
2011-07-26,2.99,DGS10
2011-07-27,3.01,DGS10
2011-07-28,2.98,DGS10
2011-07-29,2.82,DGS10
2011-08-01,2.77,DGS10
2011-08-02,2.66,DGS10
2011-08-03,2.64,DGS10
2011-08-04,2.47,DGS10
2011-08-05,2.58,DGS10
2011-08-08,2.4,DGS10
2011-08-09,2.2,DGS10
2011-08-10,2.17,DGS10
2011-08-11,2.34,DGS10
2011-08-12,2.24,DGS10
2011-08-15,2.29,DGS10
2011-08-16,2.23,DGS10
2011-08-17,2.17,DGS10
2011-08-18,2.08,DGS10
2011-08-19,2.07,DGS10
2011-08-22,2.1,DGS10
2011-08-23,2.15,DGS10
2011-08-24,2.29,DGS10
2011-08-25,2.23,DGS10
2011-08-26,2.19,DGS10
2011-08-29,2.28,DGS10
2011-08-30,2.19,DGS10
2011-08-31,2.23,DGS10
2011-09-01,2.15,DGS10
2011-09-02,2.02,DGS10
2011-09-05,,DGS10
2011-09-06,1.98,DGS10
2011-09-07,2.05,DGS10
2011-09-08,2.0,DGS10
2011-09-09,1.93,DGS10
2011-09-12,1.94,DGS10
2011-09-13,2.0,DGS10
2011-09-14,2.03,DGS10
2011-09-15,2.09,DGS10
2011-09-16,2.08,DGS10
2011-09-19,1.97,DGS10
2011-09-20,1.95,DGS10
2011-09-21,1.88,DGS10
2011-09-22,1.72,DGS10
2011-09-23,1.84,DGS10
2011-09-26,1.91,DGS10
2011-09-27,2.0,DGS10
2011-09-28,2.03,DGS10
2011-09-29,1.99,DGS10
2011-09-30,1.92,DGS10
2011-10-03,1.8,DGS10
2011-10-04,1.81,DGS10
2011-10-05,1.92,DGS10
2011-10-06,2.01,DGS10
2011-10-07,2.1,DGS10
2011-10-10,,DGS10
2011-10-11,2.18,DGS10
2011-10-12,2.24,DGS10
2011-10-13,2.19,DGS10
2011-10-14,2.26,DGS10
2011-10-17,2.18,DGS10
2011-10-18,2.19,DGS10
2011-10-19,2.18,DGS10
2011-10-20,2.2,DGS10
2011-10-21,2.23,DGS10
2011-10-24,2.25,DGS10
2011-10-25,2.14,DGS10
2011-10-26,2.23,DGS10
2011-10-27,2.42,DGS10
2011-10-28,2.34,DGS10
2011-10-31,2.17,DGS10
2011-11-01,2.01,DGS10
2011-11-02,2.03,DGS10
2011-11-03,2.09,DGS10
2011-11-04,2.06,DGS10
2011-11-07,2.04,DGS10
2011-11-08,2.1,DGS10
2011-11-09,2.0,DGS10
2011-11-10,2.04,DGS10
2011-11-11,,DGS10
2011-11-14,2.04,DGS10
2011-11-15,2.06,DGS10
2011-11-16,2.01,DGS10
2011-11-17,1.96,DGS10
2011-11-18,2.01,DGS10
2011-11-21,1.97,DGS10
2011-11-22,1.94,DGS10
2011-11-23,1.89,DGS10
2011-11-24,,DGS10
2011-11-25,1.97,DGS10
2011-11-28,1.97,DGS10
2011-11-29,2.0,DGS10
2011-11-30,2.08,DGS10
2011-12-01,2.11,DGS10
2011-12-02,2.05,DGS10
2011-12-05,2.04,DGS10
2011-12-06,2.08,DGS10
2011-12-07,2.02,DGS10
2011-12-08,1.99,DGS10
2011-12-09,2.07,DGS10
2011-12-12,2.03,DGS10
2011-12-13,1.96,DGS10
2011-12-14,1.92,DGS10
2011-12-15,1.92,DGS10
2011-12-16,1.86,DGS10
2011-12-19,1.82,DGS10
2011-12-20,1.94,DGS10
2011-12-21,1.98,DGS10
2011-12-22,1.97,DGS10
2011-12-23,2.03,DGS10
2011-12-26,,DGS10
2011-12-27,2.02,DGS10
2011-12-28,1.93,DGS10
2011-12-29,1.91,DGS10
2011-12-30,1.89,DGS10
2012-01-02,,DGS10
2012-01-03,1.97,DGS10
2012-01-04,2.0,DGS10
2012-01-05,2.02,DGS10
2012-01-06,1.98,DGS10
2012-01-09,1.98,DGS10
2012-01-10,2.0,DGS10
2012-01-11,1.93,DGS10
2012-01-12,1.94,DGS10
2012-01-13,1.89,DGS10
2012-01-16,,DGS10
2012-01-17,1.87,DGS10
2012-01-18,1.92,DGS10
2012-01-19,2.01,DGS10
2012-01-20,2.05,DGS10
2012-01-23,2.09,DGS10
2012-01-24,2.08,DGS10
2012-01-25,2.01,DGS10
2012-01-26,1.96,DGS10
2012-01-27,1.93,DGS10
2012-01-30,1.87,DGS10
2012-01-31,1.83,DGS10
2012-02-01,1.87,DGS10
2012-02-02,1.86,DGS10
2012-02-03,1.97,DGS10
2012-02-06,1.93,DGS10
2012-02-07,2.0,DGS10
2012-02-08,2.01,DGS10
2012-02-09,2.04,DGS10
2012-02-10,1.96,DGS10
2012-02-13,1.99,DGS10
2012-02-14,1.92,DGS10
2012-02-15,1.93,DGS10
2012-02-16,1.99,DGS10
2012-02-17,2.01,DGS10
2012-02-20,,DGS10
2012-02-21,2.05,DGS10
2012-02-22,2.01,DGS10
2012-02-23,1.99,DGS10
2012-02-24,1.98,DGS10
2012-02-27,1.92,DGS10
2012-02-28,1.94,DGS10
2012-02-29,1.98,DGS10
2012-03-01,2.03,DGS10
2012-03-02,1.99,DGS10
2012-03-05,2.0,DGS10
2012-03-06,1.96,DGS10
2012-03-07,1.98,DGS10
2012-03-08,2.03,DGS10
2012-03-09,2.04,DGS10
2012-03-12,2.04,DGS10
2012-03-13,2.14,DGS10
2012-03-14,2.29,DGS10
2012-03-15,2.29,DGS10
2012-03-16,2.31,DGS10
2012-03-19,2.39,DGS10
2012-03-20,2.38,DGS10
2012-03-21,2.31,DGS10
2012-03-22,2.29,DGS10
2012-03-23,2.25,DGS10
2012-03-26,2.26,DGS10
2012-03-27,2.2,DGS10
2012-03-28,2.21,DGS10
2012-03-29,2.18,DGS10
2012-03-30,2.23,DGS10
2012-04-02,2.22,DGS10
2012-04-03,2.3,DGS10
2012-04-04,2.25,DGS10
2012-04-05,2.19,DGS10
2012-04-06,2.07,DGS10
2012-04-09,2.06,DGS10
2012-04-10,2.01,DGS10
2012-04-11,2.05,DGS10
2012-04-12,2.08,DGS10
2012-04-13,2.02,DGS10
2012-04-16,2.0,DGS10
2012-04-17,2.03,DGS10
2012-04-18,2.0,DGS10
2012-04-19,1.98,DGS10
2012-04-20,1.99,DGS10
2012-04-23,1.96,DGS10
2012-04-24,2.0,DGS10
2012-04-25,2.01,DGS10
2012-04-26,1.98,DGS10
2012-04-27,1.96,DGS10
2012-04-30,1.95,DGS10
2012-05-01,1.98,DGS10
2012-05-02,1.96,DGS10
2012-05-03,1.96,DGS10
2012-05-04,1.91,DGS10
2012-05-07,1.92,DGS10
2012-05-08,1.88,DGS10
2012-05-09,1.87,DGS10
2012-05-10,1.89,DGS10
2012-05-11,1.84,DGS10
2012-05-14,1.78,DGS10
2012-05-15,1.76,DGS10
2012-05-16,1.76,DGS10
2012-05-17,1.7,DGS10
2012-05-18,1.71,DGS10
2012-05-21,1.75,DGS10
2012-05-22,1.79,DGS10
2012-05-23,1.73,DGS10
2012-05-24,1.77,DGS10
2012-05-25,1.75,DGS10
2012-05-28,,DGS10
2012-05-29,1.74,DGS10
2012-05-30,1.63,DGS10
2012-05-31,1.59,DGS10
2012-06-01,1.47,DGS10
2012-06-04,1.53,DGS10
2012-06-05,1.57,DGS10
2012-06-06,1.66,DGS10
2012-06-07,1.66,DGS10
2012-06-08,1.65,DGS10
2012-06-11,1.6,DGS10
2012-06-12,1.67,DGS10
2012-06-13,1.61,DGS10
2012-06-14,1.64,DGS10
2012-06-15,1.6,DGS10
2012-06-18,1.59,DGS10
2012-06-19,1.64,DGS10
2012-06-20,1.65,DGS10
2012-06-21,1.63,DGS10
2012-06-22,1.69,DGS10
2012-06-25,1.63,DGS10
2012-06-26,1.66,DGS10
2012-06-27,1.65,DGS10
2012-06-28,1.6,DGS10
2012-06-29,1.67,DGS10
2012-07-02,1.61,DGS10
2012-07-03,1.65,DGS10
2012-07-04,,DGS10
2012-07-05,1.62,DGS10
2012-07-06,1.57,DGS10
2012-07-09,1.53,DGS10
2012-07-10,1.53,DGS10
2012-07-11,1.54,DGS10
2012-07-12,1.5,DGS10
2012-07-13,1.52,DGS10
2012-07-16,1.5,DGS10
2012-07-17,1.53,DGS10
2012-07-18,1.52,DGS10
2012-07-19,1.54,DGS10
2012-07-20,1.49,DGS10
2012-07-23,1.47,DGS10
2012-07-24,1.44,DGS10
2012-07-25,1.43,DGS10
2012-07-26,1.45,DGS10
2012-07-27,1.58,DGS10
2012-07-30,1.53,DGS10
2012-07-31,1.51,DGS10
2012-08-01,1.56,DGS10
2012-08-02,1.51,DGS10
2012-08-03,1.6,DGS10
2012-08-06,1.59,DGS10
2012-08-07,1.66,DGS10
2012-08-08,1.68,DGS10
2012-08-09,1.69,DGS10
2012-08-10,1.65,DGS10
2012-08-13,1.65,DGS10
2012-08-14,1.73,DGS10
2012-08-15,1.8,DGS10
2012-08-16,1.83,DGS10
2012-08-17,1.81,DGS10
2012-08-20,1.82,DGS10
2012-08-21,1.8,DGS10
2012-08-22,1.71,DGS10
2012-08-23,1.68,DGS10
2012-08-24,1.68,DGS10
2012-08-27,1.65,DGS10
2012-08-28,1.64,DGS10
2012-08-29,1.66,DGS10
2012-08-30,1.63,DGS10
2012-08-31,1.57,DGS10
2012-09-03,,DGS10
2012-09-04,1.59,DGS10
2012-09-05,1.6,DGS10
2012-09-06,1.68,DGS10
2012-09-07,1.67,DGS10
2012-09-10,1.68,DGS10
2012-09-11,1.7,DGS10
2012-09-12,1.77,DGS10
2012-09-13,1.75,DGS10
2012-09-14,1.88,DGS10
2012-09-17,1.85,DGS10
2012-09-18,1.82,DGS10
2012-09-19,1.79,DGS10
2012-09-20,1.8,DGS10
2012-09-21,1.77,DGS10
2012-09-24,1.74,DGS10
2012-09-25,1.7,DGS10
2012-09-26,1.64,DGS10
2012-09-27,1.66,DGS10
2012-09-28,1.65,DGS10
2012-10-01,1.64,DGS10
2012-10-02,1.64,DGS10
2012-10-03,1.64,DGS10
2012-10-04,1.7,DGS10
2012-10-05,1.75,DGS10
2012-10-08,,DGS10
2012-10-09,1.74,DGS10
2012-10-10,1.72,DGS10
2012-10-11,1.7,DGS10
2012-10-12,1.69,DGS10
2012-10-15,1.7,DGS10
2012-10-16,1.75,DGS10
2012-10-17,1.83,DGS10
2012-10-18,1.86,DGS10
2012-10-19,1.79,DGS10
2012-10-22,1.83,DGS10
2012-10-23,1.79,DGS10
2012-10-24,1.8,DGS10
2012-10-25,1.86,DGS10
2012-10-26,1.78,DGS10
2012-10-29,1.74,DGS10
2012-10-30,,DGS10
2012-10-31,1.72,DGS10
2012-11-01,1.75,DGS10
2012-11-02,1.75,DGS10
2012-11-05,1.72,DGS10
2012-11-06,1.78,DGS10
2012-11-07,1.68,DGS10
2012-11-08,1.62,DGS10
2012-11-09,1.61,DGS10
2012-11-12,,DGS10
2012-11-13,1.59,DGS10
2012-11-14,1.59,DGS10
2012-11-15,1.58,DGS10
2012-11-16,1.58,DGS10
2012-11-19,1.61,DGS10
2012-11-20,1.66,DGS10
2012-11-21,1.69,DGS10
2012-11-22,,DGS10
2012-11-23,1.7,DGS10
2012-11-26,1.66,DGS10
2012-11-27,1.64,DGS10
2012-11-28,1.63,DGS10
2012-11-29,1.62,DGS10
2012-11-30,1.62,DGS10
2012-12-03,1.63,DGS10
2012-12-04,1.62,DGS10
2012-12-05,1.6,DGS10
2012-12-06,1.59,DGS10
2012-12-07,1.64,DGS10
2012-12-10,1.63,DGS10
2012-12-11,1.66,DGS10
2012-12-12,1.72,DGS10
2012-12-13,1.74,DGS10
2012-12-14,1.72,DGS10
2012-12-17,1.78,DGS10
2012-12-18,1.84,DGS10
2012-12-19,1.82,DGS10
2012-12-20,1.81,DGS10
2012-12-21,1.77,DGS10
2012-12-24,1.79,DGS10
2012-12-25,,DGS10
2012-12-26,1.77,DGS10
2012-12-27,1.74,DGS10
2012-12-28,1.73,DGS10
2012-12-31,1.78,DGS10
2013-01-01,,DGS10
2013-01-02,1.86,DGS10
2013-01-03,1.92,DGS10
2013-01-04,1.93,DGS10
2013-01-07,1.92,DGS10
2013-01-08,1.89,DGS10
2013-01-09,1.88,DGS10
2013-01-10,1.91,DGS10
2013-01-11,1.89,DGS10
2013-01-14,1.89,DGS10
2013-01-15,1.86,DGS10
2013-01-16,1.84,DGS10
2013-01-17,1.89,DGS10
2013-01-18,1.87,DGS10
2013-01-21,,DGS10
2013-01-22,1.86,DGS10
2013-01-23,1.86,DGS10
2013-01-24,1.88,DGS10
2013-01-25,1.98,DGS10
2013-01-28,2.0,DGS10
2013-01-29,2.03,DGS10
2013-01-30,2.03,DGS10
2013-01-31,2.02,DGS10
2013-02-01,2.04,DGS10
2013-02-04,2.0,DGS10
2013-02-05,2.04,DGS10
2013-02-06,2.0,DGS10
2013-02-07,1.99,DGS10
2013-02-08,1.99,DGS10
2013-02-11,1.99,DGS10
2013-02-12,2.02,DGS10
2013-02-13,2.05,DGS10
2013-02-14,2.0,DGS10
2013-02-15,2.01,DGS10
2013-02-18,,DGS10
2013-02-19,2.03,DGS10
2013-02-20,2.02,DGS10
2013-02-21,1.99,DGS10
2013-02-22,1.97,DGS10
2013-02-25,1.88,DGS10
2013-02-26,1.88,DGS10
2013-02-27,1.91,DGS10
2013-02-28,1.89,DGS10
2013-03-01,1.86,DGS10
2013-03-04,1.88,DGS10
2013-03-05,1.9,DGS10
2013-03-06,1.95,DGS10
2013-03-07,2.0,DGS10
2013-03-08,2.06,DGS10
2013-03-11,2.07,DGS10
2013-03-12,2.03,DGS10
2013-03-13,2.04,DGS10
2013-03-14,2.04,DGS10
2013-03-15,2.01,DGS10
2013-03-18,1.96,DGS10
2013-03-19,1.92,DGS10
2013-03-20,1.96,DGS10
2013-03-21,1.95,DGS10
2013-03-22,1.93,DGS10
2013-03-25,1.93,DGS10
2013-03-26,1.92,DGS10
2013-03-27,1.87,DGS10
2013-03-28,1.87,DGS10
2013-03-29,,DGS10
2013-04-01,1.86,DGS10
2013-04-02,1.88,DGS10
2013-04-03,1.83,DGS10
2013-04-04,1.78,DGS10
2013-04-05,1.72,DGS10
2013-04-08,1.76,DGS10
2013-04-09,1.78,DGS10
2013-04-10,1.84,DGS10
2013-04-11,1.82,DGS10
2013-04-12,1.75,DGS10
2013-04-15,1.72,DGS10
2013-04-16,1.75,DGS10
2013-04-17,1.73,DGS10
2013-04-18,1.72,DGS10
2013-04-19,1.73,DGS10
2013-04-22,1.72,DGS10
2013-04-23,1.74,DGS10
2013-04-24,1.73,DGS10
2013-04-25,1.74,DGS10
2013-04-26,1.7,DGS10
2013-04-29,1.7,DGS10
2013-04-30,1.7,DGS10
2013-05-01,1.66,DGS10
2013-05-02,1.66,DGS10
2013-05-03,1.78,DGS10
2013-05-06,1.8,DGS10
2013-05-07,1.82,DGS10
2013-05-08,1.81,DGS10
2013-05-09,1.81,DGS10
2013-05-10,1.9,DGS10
2013-05-13,1.92,DGS10
2013-05-14,1.96,DGS10
2013-05-15,1.94,DGS10
2013-05-16,1.87,DGS10
2013-05-17,1.95,DGS10
2013-05-20,1.97,DGS10
2013-05-21,1.94,DGS10
2013-05-22,2.03,DGS10
2013-05-23,2.02,DGS10
2013-05-24,2.01,DGS10
2013-05-27,,DGS10
2013-05-28,2.15,DGS10
2013-05-29,2.13,DGS10
2013-05-30,2.13,DGS10
2013-05-31,2.16,DGS10
2013-06-03,2.13,DGS10
2013-06-04,2.14,DGS10
2013-06-05,2.1,DGS10
2013-06-06,2.08,DGS10
2013-06-07,2.17,DGS10
2013-06-10,2.22,DGS10
2013-06-11,2.2,DGS10
2013-06-12,2.25,DGS10
2013-06-13,2.19,DGS10
2013-06-14,2.14,DGS10
2013-06-17,2.19,DGS10
2013-06-18,2.2,DGS10
2013-06-19,2.33,DGS10
2013-06-20,2.41,DGS10
2013-06-21,2.52,DGS10
2013-06-24,2.57,DGS10
2013-06-25,2.6,DGS10
2013-06-26,2.55,DGS10
2013-06-27,2.49,DGS10
2013-06-28,2.52,DGS10
2013-07-01,2.5,DGS10
2013-07-02,2.48,DGS10
2013-07-03,2.52,DGS10
2013-07-04,,DGS10
2013-07-05,2.73,DGS10
2013-07-08,2.65,DGS10
2013-07-09,2.65,DGS10
2013-07-10,2.7,DGS10
2013-07-11,2.6,DGS10
2013-07-12,2.61,DGS10
2013-07-15,2.57,DGS10
2013-07-16,2.55,DGS10
2013-07-17,2.52,DGS10
2013-07-18,2.56,DGS10
2013-07-19,2.5,DGS10
2013-07-22,2.5,DGS10
2013-07-23,2.53,DGS10
2013-07-24,2.61,DGS10
2013-07-25,2.61,DGS10
2013-07-26,2.58,DGS10
2013-07-29,2.61,DGS10
2013-07-30,2.63,DGS10
2013-07-31,2.6,DGS10
2013-08-01,2.74,DGS10
2013-08-02,2.63,DGS10
2013-08-05,2.67,DGS10
2013-08-06,2.67,DGS10
2013-08-07,2.61,DGS10
2013-08-08,2.58,DGS10
2013-08-09,2.57,DGS10
2013-08-12,2.61,DGS10
2013-08-13,2.71,DGS10
2013-08-14,2.71,DGS10
2013-08-15,2.77,DGS10
2013-08-16,2.84,DGS10
2013-08-19,2.88,DGS10
2013-08-20,2.82,DGS10
2013-08-21,2.87,DGS10
2013-08-22,2.9,DGS10
2013-08-23,2.82,DGS10
2013-08-26,2.79,DGS10
2013-08-27,2.72,DGS10
2013-08-28,2.78,DGS10
2013-08-29,2.75,DGS10
2013-08-30,2.78,DGS10
2013-09-02,,DGS10
2013-09-03,2.86,DGS10
2013-09-04,2.9,DGS10
2013-09-05,2.98,DGS10
2013-09-06,2.94,DGS10
2013-09-09,2.9,DGS10
2013-09-10,2.96,DGS10
2013-09-11,2.93,DGS10
2013-09-12,2.92,DGS10
2013-09-13,2.9,DGS10
2013-09-16,2.88,DGS10
2013-09-17,2.86,DGS10
2013-09-18,2.69,DGS10
2013-09-19,2.76,DGS10
2013-09-20,2.75,DGS10
2013-09-23,2.72,DGS10
2013-09-24,2.67,DGS10
2013-09-25,2.63,DGS10
2013-09-26,2.66,DGS10
2013-09-27,2.64,DGS10
2013-09-30,2.64,DGS10
2013-10-01,2.66,DGS10
2013-10-02,2.63,DGS10
2013-10-03,2.62,DGS10
2013-10-04,2.66,DGS10
2013-10-07,2.65,DGS10
2013-10-08,2.66,DGS10
2013-10-09,2.68,DGS10
2013-10-10,2.71,DGS10
2013-10-11,2.7,DGS10
2013-10-14,,DGS10
2013-10-15,2.75,DGS10
2013-10-16,2.69,DGS10
2013-10-17,2.61,DGS10
2013-10-18,2.6,DGS10
2013-10-21,2.63,DGS10
2013-10-22,2.54,DGS10
2013-10-23,2.51,DGS10
2013-10-24,2.53,DGS10
2013-10-25,2.53,DGS10
2013-10-28,2.54,DGS10
2013-10-29,2.53,DGS10
2013-10-30,2.55,DGS10
2013-10-31,2.57,DGS10
2013-11-01,2.65,DGS10
2013-11-04,2.63,DGS10
2013-11-05,2.69,DGS10
2013-11-06,2.67,DGS10
2013-11-07,2.63,DGS10
2013-11-08,2.77,DGS10
2013-11-11,,DGS10
2013-11-12,2.8,DGS10
2013-11-13,2.75,DGS10
2013-11-14,2.69,DGS10
2013-11-15,2.71,DGS10
2013-11-18,2.67,DGS10
2013-11-19,2.71,DGS10
2013-11-20,2.8,DGS10
2013-11-21,2.79,DGS10
2013-11-22,2.75,DGS10
2013-11-25,2.74,DGS10
2013-11-26,2.71,DGS10
2013-11-27,2.74,DGS10
2013-11-28,,DGS10
2013-11-29,2.75,DGS10
2013-12-02,2.81,DGS10
2013-12-03,2.79,DGS10
2013-12-04,2.84,DGS10
2013-12-05,2.88,DGS10
2013-12-06,2.88,DGS10
2013-12-09,2.86,DGS10
2013-12-10,2.81,DGS10
2013-12-11,2.86,DGS10
2013-12-12,2.89,DGS10
2013-12-13,2.88,DGS10
2013-12-16,2.89,DGS10
2013-12-17,2.85,DGS10
2013-12-18,2.89,DGS10
2013-12-19,2.94,DGS10
2013-12-20,2.89,DGS10
2013-12-23,2.94,DGS10
2013-12-24,2.99,DGS10
2013-12-25,,DGS10
2013-12-26,3.0,DGS10
2013-12-27,3.02,DGS10
2013-12-30,2.99,DGS10
2013-12-31,3.04,DGS10
2014-01-01,,DGS10
2014-01-02,3.0,DGS10
2014-01-03,3.01,DGS10
2014-01-06,2.98,DGS10
2014-01-07,2.96,DGS10
2014-01-08,3.01,DGS10
2014-01-09,2.97,DGS10
2014-01-10,2.88,DGS10
2014-01-13,2.84,DGS10
2014-01-14,2.88,DGS10
2014-01-15,2.9,DGS10
2014-01-16,2.86,DGS10
2014-01-17,2.84,DGS10
2014-01-20,,DGS10
2014-01-21,2.85,DGS10
2014-01-22,2.87,DGS10
2014-01-23,2.79,DGS10
2014-01-24,2.75,DGS10
2014-01-27,2.78,DGS10
2014-01-28,2.77,DGS10
2014-01-29,2.69,DGS10
2014-01-30,2.72,DGS10
2014-01-31,2.67,DGS10
2014-02-03,2.61,DGS10
2014-02-04,2.64,DGS10
2014-02-05,2.7,DGS10
2014-02-06,2.73,DGS10
2014-02-07,2.71,DGS10
2014-02-10,2.7,DGS10
2014-02-11,2.75,DGS10
2014-02-12,2.8,DGS10
2014-02-13,2.73,DGS10
2014-02-14,2.75,DGS10
2014-02-17,,DGS10
2014-02-18,2.71,DGS10
2014-02-19,2.73,DGS10
2014-02-20,2.76,DGS10
2014-02-21,2.73,DGS10
2014-02-24,2.75,DGS10
2014-02-25,2.7,DGS10
2014-02-26,2.67,DGS10
2014-02-27,2.65,DGS10
2014-02-28,2.66,DGS10
2014-03-03,2.6,DGS10
2014-03-04,2.7,DGS10
2014-03-05,2.7,DGS10
2014-03-06,2.74,DGS10
2014-03-07,2.8,DGS10
2014-03-10,2.79,DGS10
2014-03-11,2.77,DGS10
2014-03-12,2.73,DGS10
2014-03-13,2.66,DGS10
2014-03-14,2.65,DGS10
2014-03-17,2.7,DGS10
2014-03-18,2.68,DGS10
2014-03-19,2.78,DGS10
2014-03-20,2.79,DGS10
2014-03-21,2.75,DGS10
2014-03-24,2.74,DGS10
2014-03-25,2.75,DGS10
2014-03-26,2.71,DGS10
2014-03-27,2.69,DGS10
2014-03-28,2.73,DGS10
2014-03-31,2.73,DGS10
2014-04-01,2.77,DGS10
2014-04-02,2.82,DGS10
2014-04-03,2.8,DGS10
2014-04-04,2.74,DGS10
2014-04-07,2.71,DGS10
2014-04-08,2.69,DGS10
2014-04-09,2.71,DGS10
2014-04-10,2.65,DGS10
2014-04-11,2.63,DGS10
2014-04-14,2.65,DGS10
2014-04-15,2.64,DGS10
2014-04-16,2.65,DGS10
2014-04-17,2.73,DGS10
2014-04-18,,DGS10
2014-04-21,2.73,DGS10
2014-04-22,2.73,DGS10
2014-04-23,2.7,DGS10
2014-04-24,2.7,DGS10
2014-04-25,2.68,DGS10
2014-04-28,2.7,DGS10
2014-04-29,2.71,DGS10
2014-04-30,2.67,DGS10
2014-05-01,2.63,DGS10
2014-05-02,2.6,DGS10
2014-05-05,2.63,DGS10
2014-05-06,2.61,DGS10
2014-05-07,2.62,DGS10
2014-05-08,2.61,DGS10
2014-05-09,2.62,DGS10
2014-05-12,2.66,DGS10
2014-05-13,2.61,DGS10
2014-05-14,2.54,DGS10
2014-05-15,2.5,DGS10
2014-05-16,2.52,DGS10
2014-05-19,2.54,DGS10
2014-05-20,2.52,DGS10
2014-05-21,2.54,DGS10
2014-05-22,2.56,DGS10
2014-05-23,2.54,DGS10
2014-05-26,,DGS10
2014-05-27,2.52,DGS10
2014-05-28,2.44,DGS10
2014-05-29,2.45,DGS10
2014-05-30,2.48,DGS10
2014-06-02,2.54,DGS10
2014-06-03,2.6,DGS10
2014-06-04,2.61,DGS10
2014-06-05,2.59,DGS10
2014-06-06,2.6,DGS10
2014-06-09,2.62,DGS10
2014-06-10,2.64,DGS10
2014-06-11,2.65,DGS10
2014-06-12,2.58,DGS10
2014-06-13,2.6,DGS10
2014-06-16,2.61,DGS10
2014-06-17,2.66,DGS10
2014-06-18,2.61,DGS10
2014-06-19,2.64,DGS10
2014-06-20,2.63,DGS10
2014-06-23,2.63,DGS10
2014-06-24,2.59,DGS10
2014-06-25,2.57,DGS10
2014-06-26,2.53,DGS10
2014-06-27,2.54,DGS10
2014-06-30,2.53,DGS10
2014-07-01,2.58,DGS10
2014-07-02,2.64,DGS10
2014-07-03,2.65,DGS10
2014-07-04,,DGS10
2014-07-07,2.63,DGS10
2014-07-08,2.58,DGS10
2014-07-09,2.57,DGS10
2014-07-10,2.55,DGS10
2014-07-11,2.53,DGS10
2014-07-14,2.55,DGS10
2014-07-15,2.56,DGS10
2014-07-16,2.55,DGS10
2014-07-17,2.47,DGS10
2014-07-18,2.5,DGS10
2014-07-21,2.49,DGS10
2014-07-22,2.48,DGS10
2014-07-23,2.48,DGS10
2014-07-24,2.52,DGS10
2014-07-25,2.48,DGS10
2014-07-28,2.5,DGS10
2014-07-29,2.47,DGS10
2014-07-30,2.57,DGS10
2014-07-31,2.58,DGS10
2014-08-01,2.52,DGS10
2014-08-04,2.51,DGS10
2014-08-05,2.49,DGS10
2014-08-06,2.49,DGS10
2014-08-07,2.43,DGS10
2014-08-08,2.44,DGS10
2014-08-11,2.44,DGS10
2014-08-12,2.46,DGS10
2014-08-13,2.43,DGS10
2014-08-14,2.4,DGS10
2014-08-15,2.34,DGS10
2014-08-18,2.39,DGS10
2014-08-19,2.4,DGS10
2014-08-20,2.43,DGS10
2014-08-21,2.41,DGS10
2014-08-22,2.4,DGS10
2014-08-25,2.39,DGS10
2014-08-26,2.39,DGS10
2014-08-27,2.37,DGS10
2014-08-28,2.34,DGS10
2014-08-29,2.35,DGS10
2014-09-01,,DGS10
2014-09-02,2.42,DGS10
2014-09-03,2.41,DGS10
2014-09-04,2.45,DGS10
2014-09-05,2.46,DGS10
2014-09-08,2.48,DGS10
2014-09-09,2.5,DGS10
2014-09-10,2.54,DGS10
2014-09-11,2.54,DGS10
2014-09-12,2.62,DGS10
2014-09-15,2.6,DGS10
2014-09-16,2.6,DGS10
2014-09-17,2.62,DGS10
2014-09-18,2.63,DGS10
2014-09-19,2.59,DGS10
2014-09-22,2.57,DGS10
2014-09-23,2.54,DGS10
2014-09-24,2.57,DGS10
2014-09-25,2.52,DGS10
2014-09-26,2.54,DGS10
2014-09-29,2.5,DGS10
2014-09-30,2.52,DGS10
2014-10-01,2.42,DGS10
2014-10-02,2.44,DGS10
2014-10-03,2.45,DGS10
2014-10-06,2.43,DGS10
2014-10-07,2.36,DGS10
2014-10-08,2.35,DGS10
2014-10-09,2.34,DGS10
2014-10-10,2.31,DGS10
2014-10-13,,DGS10
2014-10-14,2.21,DGS10
2014-10-15,2.15,DGS10
2014-10-16,2.17,DGS10
2014-10-17,2.22,DGS10
2014-10-20,2.2,DGS10
2014-10-21,2.23,DGS10
2014-10-22,2.25,DGS10
2014-10-23,2.29,DGS10
2014-10-24,2.29,DGS10
2014-10-27,2.27,DGS10
2014-10-28,2.3,DGS10
2014-10-29,2.34,DGS10
2014-10-30,2.32,DGS10
2014-10-31,2.35,DGS10
2014-11-03,2.36,DGS10
2014-11-04,2.35,DGS10
2014-11-05,2.36,DGS10
2014-11-06,2.39,DGS10
2014-11-07,2.32,DGS10
2014-11-10,2.38,DGS10
2014-11-11,,DGS10
2014-11-12,2.37,DGS10
2014-11-13,2.35,DGS10
2014-11-14,2.32,DGS10
2014-11-17,2.34,DGS10
2014-11-18,2.32,DGS10
2014-11-19,2.36,DGS10
2014-11-20,2.34,DGS10
2014-11-21,2.31,DGS10
2014-11-24,2.3,DGS10
2014-11-25,2.27,DGS10
2014-11-26,2.24,DGS10
2014-11-27,,DGS10
2014-11-28,2.18,DGS10
2014-12-01,2.22,DGS10
2014-12-02,2.28,DGS10
2014-12-03,2.29,DGS10
2014-12-04,2.25,DGS10
2014-12-05,2.31,DGS10
2014-12-08,2.26,DGS10
2014-12-09,2.22,DGS10
2014-12-10,2.18,DGS10
2014-12-11,2.19,DGS10
2014-12-12,2.1,DGS10
2014-12-15,2.12,DGS10
2014-12-16,2.07,DGS10
2014-12-17,2.14,DGS10
2014-12-18,2.22,DGS10
2014-12-19,2.17,DGS10
2014-12-22,2.17,DGS10
2014-12-23,2.26,DGS10
2014-12-24,2.27,DGS10
2014-12-25,,DGS10
2014-12-26,2.25,DGS10
2014-12-29,2.22,DGS10
2014-12-30,2.2,DGS10
2014-12-31,2.17,DGS10
2015-01-01,,DGS10
2015-01-02,2.12,DGS10
2015-01-05,2.04,DGS10
2015-01-06,1.97,DGS10
2015-01-07,1.96,DGS10
2015-01-08,2.03,DGS10
2015-01-09,1.98,DGS10
2015-01-12,1.92,DGS10
2015-01-13,1.91,DGS10
2015-01-14,1.86,DGS10
2015-01-15,1.77,DGS10
2015-01-16,1.83,DGS10
2015-01-19,,DGS10
2015-01-20,1.82,DGS10
2015-01-21,1.87,DGS10
2015-01-22,1.9,DGS10
2015-01-23,1.81,DGS10
2015-01-26,1.83,DGS10
2015-01-27,1.83,DGS10
2015-01-28,1.73,DGS10
2015-01-29,1.77,DGS10
2015-01-30,1.68,DGS10
2015-02-02,1.68,DGS10
2015-02-03,1.79,DGS10
2015-02-04,1.81,DGS10
2015-02-05,1.83,DGS10
2015-02-06,1.95,DGS10
2015-02-09,1.96,DGS10
2015-02-10,2.01,DGS10
2015-02-11,2.0,DGS10
2015-02-12,1.99,DGS10
2015-02-13,2.02,DGS10
2015-02-16,,DGS10
2015-02-17,2.14,DGS10
2015-02-18,2.07,DGS10
2015-02-19,2.11,DGS10
2015-02-20,2.13,DGS10
2015-02-23,2.06,DGS10
2015-02-24,1.99,DGS10
2015-02-25,1.96,DGS10
2015-02-26,2.03,DGS10
2015-02-27,2.0,DGS10
2015-03-02,2.08,DGS10
2015-03-03,2.12,DGS10
2015-03-04,2.12,DGS10
2015-03-05,2.11,DGS10
2015-03-06,2.24,DGS10
2015-03-09,2.2,DGS10
2015-03-10,2.14,DGS10
2015-03-11,2.11,DGS10
2015-03-12,2.1,DGS10
2015-03-13,2.13,DGS10
2015-03-16,2.1,DGS10
2015-03-17,2.06,DGS10
2015-03-18,1.93,DGS10
2015-03-19,1.98,DGS10
2015-03-20,1.93,DGS10
2015-03-23,1.92,DGS10
2015-03-24,1.88,DGS10
2015-03-25,1.93,DGS10
2015-03-26,2.01,DGS10
2015-03-27,1.95,DGS10
2015-03-30,1.96,DGS10
2015-03-31,1.94,DGS10
2015-04-01,1.87,DGS10
2015-04-02,1.92,DGS10
2015-04-03,1.85,DGS10
2015-04-06,1.92,DGS10
2015-04-07,1.89,DGS10
2015-04-08,1.92,DGS10
2015-04-09,1.97,DGS10
2015-04-10,1.96,DGS10
2015-04-13,1.94,DGS10
2015-04-14,1.9,DGS10
2015-04-15,1.91,DGS10
2015-04-16,1.9,DGS10
2015-04-17,1.87,DGS10
2015-04-20,1.9,DGS10
2015-04-21,1.92,DGS10
2015-04-22,1.99,DGS10
2015-04-23,1.96,DGS10
2015-04-24,1.93,DGS10
2015-04-27,1.94,DGS10
2015-04-28,2.0,DGS10
2015-04-29,2.06,DGS10
2015-04-30,2.05,DGS10
2015-05-01,2.12,DGS10
2015-05-04,2.16,DGS10
2015-05-05,2.19,DGS10
2015-05-06,2.25,DGS10
2015-05-07,2.18,DGS10
2015-05-08,2.16,DGS10
2015-05-11,2.28,DGS10
2015-05-12,2.28,DGS10
2015-05-13,2.27,DGS10
2015-05-14,2.23,DGS10
2015-05-15,2.14,DGS10
2015-05-18,2.23,DGS10
2015-05-19,2.27,DGS10
2015-05-20,2.26,DGS10
2015-05-21,2.19,DGS10
2015-05-22,2.21,DGS10
2015-05-25,,DGS10
2015-05-26,2.14,DGS10
2015-05-27,2.14,DGS10
2015-05-28,2.13,DGS10
2015-05-29,2.12,DGS10
2015-06-01,2.19,DGS10
2015-06-02,2.27,DGS10
2015-06-03,2.38,DGS10
2015-06-04,2.31,DGS10
2015-06-05,2.41,DGS10
2015-06-08,2.39,DGS10
2015-06-09,2.42,DGS10
2015-06-10,2.5,DGS10
2015-06-11,2.39,DGS10
2015-06-12,2.39,DGS10
2015-06-15,2.36,DGS10
2015-06-16,2.32,DGS10
2015-06-17,2.32,DGS10
2015-06-18,2.35,DGS10
2015-06-19,2.26,DGS10
2015-06-22,2.37,DGS10
2015-06-23,2.42,DGS10
2015-06-24,2.38,DGS10
2015-06-25,2.4,DGS10
2015-06-26,2.49,DGS10
2015-06-29,2.33,DGS10
2015-06-30,2.35,DGS10
2015-07-01,2.43,DGS10
2015-07-02,2.4,DGS10
2015-07-03,,DGS10
2015-07-06,2.3,DGS10
2015-07-07,2.27,DGS10
2015-07-08,2.22,DGS10
2015-07-09,2.32,DGS10
2015-07-10,2.42,DGS10
2015-07-13,2.44,DGS10
2015-07-14,2.41,DGS10
2015-07-15,2.36,DGS10
2015-07-16,2.36,DGS10
2015-07-17,2.34,DGS10
2015-07-20,2.38,DGS10
2015-07-21,2.35,DGS10
2015-07-22,2.33,DGS10
2015-07-23,2.28,DGS10
2015-07-24,2.27,DGS10
2015-07-27,2.23,DGS10
2015-07-28,2.26,DGS10
2015-07-29,2.29,DGS10
2015-07-30,2.28,DGS10
2015-07-31,2.2,DGS10
2015-08-03,2.16,DGS10
2015-08-04,2.23,DGS10
2015-08-05,2.28,DGS10
2015-08-06,2.23,DGS10
2015-08-07,2.18,DGS10
2015-08-10,2.24,DGS10
2015-08-11,2.15,DGS10
2015-08-12,2.14,DGS10
2015-08-13,2.19,DGS10
2015-08-14,2.2,DGS10
2015-08-17,2.16,DGS10
2015-08-18,2.2,DGS10
2015-08-19,2.12,DGS10
2015-08-20,2.09,DGS10
2015-08-21,2.05,DGS10
2015-08-24,2.01,DGS10
2015-08-25,2.12,DGS10
2015-08-26,2.18,DGS10
2015-08-27,2.18,DGS10
2015-08-28,2.19,DGS10
2015-08-31,2.21,DGS10
2015-09-01,2.17,DGS10
2015-09-02,2.2,DGS10
2015-09-03,2.18,DGS10
2015-09-04,2.13,DGS10
2015-09-07,,DGS10
2015-09-08,2.2,DGS10
2015-09-09,2.21,DGS10
2015-09-10,2.23,DGS10
2015-09-11,2.2,DGS10
2015-09-14,2.18,DGS10
2015-09-15,2.28,DGS10
2015-09-16,2.3,DGS10
2015-09-17,2.21,DGS10
2015-09-18,2.13,DGS10
2015-09-21,2.2,DGS10
2015-09-22,2.14,DGS10
2015-09-23,2.16,DGS10
2015-09-24,2.13,DGS10
2015-09-25,2.17,DGS10
2015-09-28,2.1,DGS10
2015-09-29,2.05,DGS10
2015-09-30,2.06,DGS10
2015-10-01,2.05,DGS10
2015-10-02,1.99,DGS10
2015-10-05,2.07,DGS10
2015-10-06,2.05,DGS10
2015-10-07,2.08,DGS10
2015-10-08,2.12,DGS10
2015-10-09,2.12,DGS10
2015-10-12,,DGS10
2015-10-13,2.06,DGS10
2015-10-14,1.99,DGS10
2015-10-15,2.04,DGS10
2015-10-16,2.04,DGS10
2015-10-19,2.04,DGS10
2015-10-20,2.08,DGS10
2015-10-21,2.04,DGS10
2015-10-22,2.04,DGS10
2015-10-23,2.09,DGS10
2015-10-26,2.07,DGS10
2015-10-27,2.05,DGS10
2015-10-28,2.1,DGS10
2015-10-29,2.19,DGS10
2015-10-30,2.16,DGS10
2015-11-02,2.2,DGS10
2015-11-03,2.23,DGS10
2015-11-04,2.25,DGS10
2015-11-05,2.26,DGS10
2015-11-06,2.34,DGS10
2015-11-09,2.36,DGS10
2015-11-10,2.32,DGS10
2015-11-11,,DGS10
2015-11-12,2.32,DGS10
2015-11-13,2.28,DGS10
2015-11-16,2.27,DGS10
2015-11-17,2.25,DGS10
2015-11-18,2.27,DGS10
2015-11-19,2.24,DGS10
2015-11-20,2.26,DGS10
2015-11-23,2.25,DGS10
2015-11-24,2.24,DGS10
2015-11-25,2.23,DGS10
2015-11-26,,DGS10
2015-11-27,2.22,DGS10
2015-11-30,2.21,DGS10
2015-12-01,2.15,DGS10
2015-12-02,2.18,DGS10
2015-12-03,2.33,DGS10
2015-12-04,2.28,DGS10
2015-12-07,2.23,DGS10
2015-12-08,2.24,DGS10
2015-12-09,2.22,DGS10
2015-12-10,2.24,DGS10
2015-12-11,2.13,DGS10
2015-12-14,2.23,DGS10
2015-12-15,2.28,DGS10
2015-12-16,2.3,DGS10
2015-12-17,2.24,DGS10
2015-12-18,2.19,DGS10
2015-12-21,2.2,DGS10
2015-12-22,2.24,DGS10
2015-12-23,2.27,DGS10
2015-12-24,2.25,DGS10
2015-12-25,,DGS10
2015-12-28,2.24,DGS10
2015-12-29,2.32,DGS10
2015-12-30,2.31,DGS10
2015-12-31,2.27,DGS10
2016-01-01,,DGS10
2016-01-04,2.24,DGS10
2016-01-05,2.25,DGS10
2016-01-06,2.18,DGS10
2016-01-07,2.16,DGS10
2016-01-08,2.13,DGS10
2016-01-11,2.17,DGS10
2016-01-12,2.12,DGS10
2016-01-13,2.08,DGS10
2016-01-14,2.1,DGS10
2016-01-15,2.03,DGS10
2016-01-18,,DGS10
2016-01-19,2.06,DGS10
2016-01-20,2.01,DGS10
2016-01-21,2.02,DGS10
2016-01-22,2.07,DGS10
2016-01-25,2.03,DGS10
2016-01-26,2.01,DGS10
2016-01-27,2.02,DGS10
2016-01-28,2.0,DGS10
2016-01-29,1.94,DGS10
2016-02-01,1.97,DGS10
2016-02-02,1.87,DGS10
2016-02-03,1.88,DGS10
2016-02-04,1.87,DGS10
2016-02-05,1.86,DGS10
2016-02-08,1.75,DGS10
2016-02-09,1.74,DGS10
2016-02-10,1.71,DGS10
2016-02-11,1.63,DGS10
2016-02-12,1.74,DGS10
2016-02-15,,DGS10
2016-02-16,1.78,DGS10
2016-02-17,1.81,DGS10
2016-02-18,1.75,DGS10
2016-02-19,1.76,DGS10
2016-02-22,1.77,DGS10
2016-02-23,1.74,DGS10
2016-02-24,1.75,DGS10
2016-02-25,1.71,DGS10
2016-02-26,1.76,DGS10
2016-02-29,1.74,DGS10
2016-03-01,1.83,DGS10
2016-03-02,1.84,DGS10
2016-03-03,1.83,DGS10
2016-03-04,1.88,DGS10
2016-03-07,1.91,DGS10
2016-03-08,1.83,DGS10
2016-03-09,1.9,DGS10
2016-03-10,1.93,DGS10
2016-03-11,1.98,DGS10
2016-03-14,1.97,DGS10
2016-03-15,1.97,DGS10
2016-03-16,1.94,DGS10
2016-03-17,1.91,DGS10
2016-03-18,1.88,DGS10
2016-03-21,1.92,DGS10
2016-03-22,1.94,DGS10
2016-03-23,1.88,DGS10
2016-03-24,1.91,DGS10
2016-03-25,,DGS10
2016-03-28,1.89,DGS10
2016-03-29,1.81,DGS10
2016-03-30,1.83,DGS10
2016-03-31,1.78,DGS10
2016-04-01,1.79,DGS10
2016-04-04,1.78,DGS10
2016-04-05,1.73,DGS10
2016-04-06,1.76,DGS10
2016-04-07,1.7,DGS10
2016-04-08,1.72,DGS10
2016-04-11,1.73,DGS10
2016-04-12,1.79,DGS10
2016-04-13,1.77,DGS10
2016-04-14,1.8,DGS10
2016-04-15,1.76,DGS10
2016-04-18,1.78,DGS10
2016-04-19,1.79,DGS10
2016-04-20,1.85,DGS10
2016-04-21,1.88,DGS10
2016-04-22,1.89,DGS10
2016-04-25,1.91,DGS10
2016-04-26,1.94,DGS10
2016-04-27,1.87,DGS10
2016-04-28,1.84,DGS10
2016-04-29,1.83,DGS10
2016-05-02,1.88,DGS10
2016-05-03,1.81,DGS10
2016-05-04,1.79,DGS10
2016-05-05,1.76,DGS10
2016-05-06,1.79,DGS10
2016-05-09,1.77,DGS10
2016-05-10,1.77,DGS10
2016-05-11,1.73,DGS10
2016-05-12,1.75,DGS10
2016-05-13,1.71,DGS10
2016-05-16,1.75,DGS10
2016-05-17,1.76,DGS10
2016-05-18,1.87,DGS10
2016-05-19,1.85,DGS10
2016-05-20,1.85,DGS10
2016-05-23,1.84,DGS10
2016-05-24,1.86,DGS10
2016-05-25,1.87,DGS10
2016-05-26,1.83,DGS10
2016-05-27,1.85,DGS10
2016-05-30,,DGS10
2016-05-31,1.84,DGS10
2016-06-01,1.85,DGS10
2016-06-02,1.81,DGS10
2016-06-03,1.71,DGS10
2016-06-06,1.73,DGS10
2016-06-07,1.72,DGS10
2016-06-08,1.71,DGS10
2016-06-09,1.68,DGS10
2016-06-10,1.64,DGS10
2016-06-13,1.62,DGS10
2016-06-14,1.62,DGS10
2016-06-15,1.6,DGS10
2016-06-16,1.57,DGS10
2016-06-17,1.62,DGS10
2016-06-20,1.67,DGS10
2016-06-21,1.71,DGS10
2016-06-22,1.69,DGS10
2016-06-23,1.74,DGS10
2016-06-24,1.57,DGS10
2016-06-27,1.46,DGS10
2016-06-28,1.46,DGS10
2016-06-29,1.5,DGS10
2016-06-30,1.49,DGS10
2016-07-01,1.46,DGS10
2016-07-04,,DGS10
2016-07-05,1.37,DGS10
2016-07-06,1.38,DGS10
2016-07-07,1.4,DGS10
2016-07-08,1.37,DGS10
2016-07-11,1.43,DGS10
2016-07-12,1.53,DGS10
2016-07-13,1.48,DGS10
2016-07-14,1.53,DGS10
2016-07-15,1.6,DGS10
2016-07-18,1.59,DGS10
2016-07-19,1.56,DGS10
2016-07-20,1.59,DGS10
2016-07-21,1.57,DGS10
2016-07-22,1.57,DGS10
2016-07-25,1.58,DGS10
2016-07-26,1.57,DGS10
2016-07-27,1.52,DGS10
2016-07-28,1.52,DGS10
2016-07-29,1.46,DGS10
2016-08-01,1.51,DGS10
2016-08-02,1.55,DGS10
2016-08-03,1.55,DGS10
2016-08-04,1.51,DGS10
2016-08-05,1.59,DGS10
2016-08-08,1.59,DGS10
2016-08-09,1.55,DGS10
2016-08-10,1.5,DGS10
2016-08-11,1.57,DGS10
2016-08-12,1.51,DGS10
2016-08-15,1.55,DGS10
2016-08-16,1.57,DGS10
2016-08-17,1.56,DGS10
2016-08-18,1.53,DGS10
2016-08-19,1.58,DGS10
2016-08-22,1.55,DGS10
2016-08-23,1.55,DGS10
2016-08-24,1.56,DGS10
2016-08-25,1.58,DGS10
2016-08-26,1.62,DGS10
2016-08-29,1.57,DGS10
2016-08-30,1.57,DGS10
2016-08-31,1.58,DGS10
2016-09-01,1.57,DGS10
2016-09-02,1.6,DGS10
2016-09-05,,DGS10
2016-09-06,1.55,DGS10
2016-09-07,1.54,DGS10
2016-09-08,1.61,DGS10
2016-09-09,1.67,DGS10
2016-09-12,1.68,DGS10
2016-09-13,1.73,DGS10
2016-09-14,1.7,DGS10
2016-09-15,1.71,DGS10
2016-09-16,1.7,DGS10
2016-09-19,1.7,DGS10
2016-09-20,1.69,DGS10
2016-09-21,1.66,DGS10
2016-09-22,1.63,DGS10
2016-09-23,1.62,DGS10
2016-09-26,1.59,DGS10
2016-09-27,1.56,DGS10
2016-09-28,1.57,DGS10
2016-09-29,1.56,DGS10
2016-09-30,1.6,DGS10
2016-10-03,1.63,DGS10
2016-10-04,1.69,DGS10
2016-10-05,1.72,DGS10
2016-10-06,1.75,DGS10
2016-10-07,1.73,DGS10
2016-10-10,,DGS10
2016-10-11,1.77,DGS10
2016-10-12,1.79,DGS10
2016-10-13,1.75,DGS10
2016-10-14,1.8,DGS10
2016-10-17,1.77,DGS10
2016-10-18,1.75,DGS10
2016-10-19,1.76,DGS10
2016-10-20,1.76,DGS10
2016-10-21,1.74,DGS10
2016-10-24,1.77,DGS10
2016-10-25,1.77,DGS10
2016-10-26,1.79,DGS10
2016-10-27,1.85,DGS10
2016-10-28,1.86,DGS10
2016-10-31,1.84,DGS10
2016-11-01,1.83,DGS10
2016-11-02,1.81,DGS10
2016-11-03,1.82,DGS10
2016-11-04,1.79,DGS10
2016-11-07,1.83,DGS10
2016-11-08,1.88,DGS10
2016-11-09,2.07,DGS10
2016-11-10,2.15,DGS10
2016-11-11,,DGS10
2016-11-14,2.23,DGS10
2016-11-15,2.23,DGS10
2016-11-16,2.22,DGS10
2016-11-17,2.29,DGS10
2016-11-18,2.34,DGS10
2016-11-21,2.33,DGS10
2016-11-22,2.31,DGS10
2016-11-23,2.36,DGS10
2016-11-24,,DGS10
2016-11-25,2.36,DGS10
2016-11-28,2.32,DGS10
2016-11-29,2.3,DGS10
2016-11-30,2.37,DGS10
2016-12-01,2.45,DGS10
2016-12-02,2.4,DGS10
2016-12-05,2.39,DGS10
2016-12-06,2.39,DGS10
2016-12-07,2.34,DGS10
2016-12-08,2.4,DGS10
2016-12-09,2.47,DGS10
2016-12-12,2.49,DGS10
2016-12-13,2.48,DGS10
2016-12-14,2.54,DGS10
2016-12-15,2.6,DGS10
2016-12-16,2.6,DGS10
2016-12-19,2.54,DGS10
2016-12-20,2.57,DGS10
2016-12-21,2.55,DGS10
2016-12-22,2.55,DGS10
2016-12-23,2.55,DGS10
2016-12-26,,DGS10
2016-12-27,2.57,DGS10
2016-12-28,2.51,DGS10
2016-12-29,2.49,DGS10
2016-12-30,2.45,DGS10
2017-01-02,,DGS10
2017-01-03,2.45,DGS10
2017-01-04,2.46,DGS10
2017-01-05,2.37,DGS10
2017-01-06,2.42,DGS10
2017-01-09,2.38,DGS10
2017-01-10,2.38,DGS10
2017-01-11,2.38,DGS10
2017-01-12,2.36,DGS10
2017-01-13,2.4,DGS10
2017-01-16,,DGS10
2017-01-17,2.33,DGS10
2017-01-18,2.42,DGS10
2017-01-19,2.47,DGS10
2017-01-20,2.48,DGS10
2017-01-23,2.41,DGS10
2017-01-24,2.47,DGS10
2017-01-25,2.53,DGS10
2017-01-26,2.51,DGS10
2017-01-27,2.49,DGS10
2017-01-30,2.49,DGS10
2017-01-31,2.45,DGS10
2017-02-01,2.48,DGS10
2017-02-02,2.48,DGS10
2017-02-03,2.49,DGS10
2017-02-06,2.42,DGS10
2017-02-07,2.4,DGS10
2017-02-08,2.34,DGS10
2017-02-09,2.4,DGS10
2017-02-10,2.41,DGS10
2017-02-13,2.43,DGS10
2017-02-14,2.47,DGS10
2017-02-15,2.51,DGS10
2017-02-16,2.45,DGS10
2017-02-17,2.42,DGS10
2017-02-20,,DGS10
2017-02-21,2.43,DGS10
2017-02-22,2.42,DGS10
2017-02-23,2.38,DGS10
2017-02-24,2.31,DGS10
2017-02-27,2.36,DGS10
2017-02-28,2.36,DGS10
2017-03-01,2.46,DGS10
2017-03-02,2.49,DGS10
2017-03-03,2.49,DGS10
2017-03-06,2.49,DGS10
2017-03-07,2.52,DGS10
2017-03-08,2.57,DGS10
2017-03-09,2.6,DGS10
2017-03-10,2.58,DGS10
2017-03-13,2.62,DGS10
2017-03-14,2.6,DGS10
2017-03-15,2.51,DGS10
2017-03-16,2.53,DGS10
2017-03-17,2.5,DGS10
2017-03-20,2.47,DGS10
2017-03-21,2.43,DGS10
2017-03-22,2.4,DGS10
2017-03-23,2.41,DGS10
2017-03-24,2.4,DGS10
2017-03-27,2.38,DGS10
2017-03-28,2.42,DGS10
2017-03-29,2.39,DGS10
2017-03-30,2.42,DGS10
2017-03-31,2.4,DGS10
2017-04-03,2.35,DGS10
2017-04-04,2.36,DGS10
2017-04-05,2.34,DGS10
2017-04-06,2.34,DGS10
2017-04-07,2.38,DGS10
2017-04-10,2.37,DGS10
2017-04-11,2.32,DGS10
2017-04-12,2.28,DGS10
2017-04-13,2.24,DGS10
2017-04-14,,DGS10
2017-04-17,2.26,DGS10
2017-04-18,2.18,DGS10
2017-04-19,2.21,DGS10
2017-04-20,2.24,DGS10
2017-04-21,2.24,DGS10
2017-04-24,2.28,DGS10
2017-04-25,2.35,DGS10
2017-04-26,2.32,DGS10
2017-04-27,2.3,DGS10
2017-04-28,2.29,DGS10
2017-05-01,2.33,DGS10
2017-05-02,2.29,DGS10
2017-05-03,2.33,DGS10
2017-05-04,2.36,DGS10
2017-05-05,2.36,DGS10
2017-05-08,2.39,DGS10
2017-05-09,2.42,DGS10
2017-05-10,2.41,DGS10
2017-05-11,2.39,DGS10
2017-05-12,2.33,DGS10
2017-05-15,2.34,DGS10
2017-05-16,2.33,DGS10
2017-05-17,2.22,DGS10
2017-05-18,2.23,DGS10
2017-05-19,2.23,DGS10
2017-05-22,2.25,DGS10
2017-05-23,2.29,DGS10
2017-05-24,2.26,DGS10
2017-05-25,2.25,DGS10
2017-05-26,2.25,DGS10
2017-05-29,,DGS10
2017-05-30,2.21,DGS10
2017-05-31,2.21,DGS10
2017-06-01,2.21,DGS10
2017-06-02,2.15,DGS10
2017-06-05,2.18,DGS10
2017-06-06,2.14,DGS10
2017-06-07,2.18,DGS10
2017-06-08,2.19,DGS10
2017-06-09,2.21,DGS10
2017-06-12,2.21,DGS10
2017-06-13,2.21,DGS10
2017-06-14,2.15,DGS10
2017-06-15,2.16,DGS10
2017-06-16,2.16,DGS10
2017-06-19,2.19,DGS10
2017-06-20,2.16,DGS10
2017-06-21,2.16,DGS10
2017-06-22,2.15,DGS10
2017-06-23,2.15,DGS10
2017-06-26,2.14,DGS10
2017-06-27,2.21,DGS10
2017-06-28,2.22,DGS10
2017-06-29,2.27,DGS10
2017-06-30,2.31,DGS10
2017-07-03,2.35,DGS10
2017-07-04,,DGS10
2017-07-05,2.33,DGS10
2017-07-06,2.37,DGS10
2017-07-07,2.39,DGS10
2017-07-10,2.38,DGS10
2017-07-11,2.37,DGS10
2017-07-12,2.33,DGS10
2017-07-13,2.35,DGS10
2017-07-14,2.33,DGS10
2017-07-17,2.31,DGS10
2017-07-18,2.27,DGS10
2017-07-19,2.27,DGS10
2017-07-20,2.27,DGS10
2017-07-21,2.24,DGS10
2017-07-24,2.26,DGS10
2017-07-25,2.33,DGS10
2017-07-26,2.29,DGS10
2017-07-27,2.32,DGS10
2017-07-28,2.3,DGS10
2017-07-31,2.3,DGS10
2017-08-01,2.26,DGS10
2017-08-02,2.27,DGS10
2017-08-03,2.24,DGS10
2017-08-04,2.27,DGS10
2017-08-07,2.26,DGS10
2017-08-08,2.29,DGS10
2017-08-09,2.24,DGS10
2017-08-10,2.2,DGS10
2017-08-11,2.19,DGS10
2017-08-14,2.22,DGS10
2017-08-15,2.27,DGS10
2017-08-16,2.23,DGS10
2017-08-17,2.19,DGS10
2017-08-18,2.19,DGS10
2017-08-21,2.18,DGS10
2017-08-22,2.22,DGS10
2017-08-23,2.17,DGS10
2017-08-24,2.19,DGS10
2017-08-25,2.17,DGS10
2017-08-28,2.16,DGS10
2017-08-29,2.13,DGS10
2017-08-30,2.15,DGS10
2017-08-31,2.12,DGS10
2017-09-01,2.16,DGS10
2017-09-04,,DGS10
2017-09-05,2.07,DGS10
2017-09-06,2.1,DGS10
2017-09-07,2.05,DGS10
2017-09-08,2.06,DGS10
2017-09-11,2.14,DGS10
2017-09-12,2.17,DGS10
2017-09-13,2.2,DGS10
2017-09-14,2.2,DGS10
2017-09-15,2.2,DGS10
2017-09-18,2.23,DGS10
2017-09-19,2.24,DGS10
2017-09-20,2.28,DGS10
2017-09-21,2.27,DGS10
2017-09-22,2.26,DGS10
2017-09-25,2.22,DGS10
2017-09-26,2.24,DGS10
2017-09-27,2.31,DGS10
2017-09-28,2.31,DGS10
2017-09-29,2.33,DGS10
2017-10-02,2.34,DGS10
2017-10-03,2.33,DGS10
2017-10-04,2.33,DGS10
2017-10-05,2.35,DGS10
2017-10-06,2.37,DGS10
2017-10-09,,DGS10
2017-10-10,2.35,DGS10
2017-10-11,2.35,DGS10
2017-10-12,2.33,DGS10
2017-10-13,2.28,DGS10
2017-10-16,2.3,DGS10
2017-10-17,2.3,DGS10
2017-10-18,2.34,DGS10
2017-10-19,2.33,DGS10
2017-10-20,2.39,DGS10
2017-10-23,2.38,DGS10
2017-10-24,2.42,DGS10
2017-10-25,2.44,DGS10
2017-10-26,2.46,DGS10
2017-10-27,2.42,DGS10
2017-10-30,2.37,DGS10
2017-10-31,2.38,DGS10
2017-11-01,2.37,DGS10
2017-11-02,2.35,DGS10
2017-11-03,2.34,DGS10
2017-11-06,2.32,DGS10
2017-11-07,2.32,DGS10
2017-11-08,2.32,DGS10
2017-11-09,2.33,DGS10
2017-11-10,2.4,DGS10
2017-11-13,2.4,DGS10
2017-11-14,2.38,DGS10
2017-11-15,2.33,DGS10
2017-11-16,2.37,DGS10
2017-11-17,2.35,DGS10
2017-11-20,2.37,DGS10
2017-11-21,2.36,DGS10
2017-11-22,2.32,DGS10
2017-11-23,,DGS10
2017-11-24,2.34,DGS10
2017-11-27,2.32,DGS10
2017-11-28,2.34,DGS10
2017-11-29,2.37,DGS10
2017-11-30,2.42,DGS10
2017-12-01,2.37,DGS10
2017-12-04,2.37,DGS10
2017-12-05,2.36,DGS10
2017-12-06,2.33,DGS10
2017-12-07,2.37,DGS10
2017-12-08,2.38,DGS10
2017-12-11,2.39,DGS10
2017-12-12,2.4,DGS10
2017-12-13,2.36,DGS10
2017-12-14,2.35,DGS10
2017-12-15,2.35,DGS10
2017-12-18,2.39,DGS10
2017-12-19,2.46,DGS10
2017-12-20,2.49,DGS10
2017-12-21,2.48,DGS10
2017-12-22,2.48,DGS10
2017-12-25,,DGS10
2017-12-26,2.47,DGS10
2017-12-27,2.42,DGS10
2017-12-28,2.43,DGS10
2017-12-29,2.4,DGS10
2018-01-01,,DGS10
2018-01-02,2.46,DGS10
2018-01-03,2.44,DGS10
2018-01-04,2.46,DGS10
2018-01-05,2.47,DGS10
2018-01-08,2.49,DGS10
2018-01-09,2.55,DGS10
2018-01-10,2.55,DGS10
2018-01-11,2.54,DGS10
2018-01-12,2.55,DGS10
2018-01-15,,DGS10
2018-01-16,2.54,DGS10
2018-01-17,2.57,DGS10
2018-01-18,2.62,DGS10
2018-01-19,2.64,DGS10
2018-01-22,2.66,DGS10
2018-01-23,2.63,DGS10
2018-01-24,2.65,DGS10
2018-01-25,2.63,DGS10
2018-01-26,2.66,DGS10
2018-01-29,2.7,DGS10
2018-01-30,2.73,DGS10
2018-01-31,2.72,DGS10
2018-02-01,2.78,DGS10
2018-02-02,2.84,DGS10
2018-02-05,2.77,DGS10
2018-02-06,2.79,DGS10
2018-02-07,2.84,DGS10
2018-02-08,2.85,DGS10
2018-02-09,2.83,DGS10
2018-02-12,2.86,DGS10
2018-02-13,2.83,DGS10
2018-02-14,2.91,DGS10
2018-02-15,2.9,DGS10
2018-02-16,2.87,DGS10
2018-02-19,,DGS10
2018-02-20,2.88,DGS10
2018-02-21,2.94,DGS10
2018-02-22,2.92,DGS10
2018-02-23,2.88,DGS10
2018-02-26,2.86,DGS10
2018-02-27,2.9,DGS10
2018-02-28,2.87,DGS10
2018-03-01,2.81,DGS10
2018-03-02,2.86,DGS10
2018-03-05,2.88,DGS10
2018-03-06,2.88,DGS10
2018-03-07,2.89,DGS10
2018-03-08,2.86,DGS10
2018-03-09,2.9,DGS10
2018-03-12,2.87,DGS10
2018-03-13,2.84,DGS10
2018-03-14,2.81,DGS10
2018-03-15,2.82,DGS10
2018-03-16,2.85,DGS10
2018-03-19,2.85,DGS10
2018-03-20,2.89,DGS10
2018-03-21,2.89,DGS10
2018-03-22,2.83,DGS10
2018-03-23,2.82,DGS10
2018-03-26,2.85,DGS10
2018-03-27,2.78,DGS10
2018-03-28,2.77,DGS10
2018-03-29,2.74,DGS10
2018-03-30,,DGS10
2018-04-02,2.73,DGS10
2018-04-03,2.79,DGS10
2018-04-04,2.79,DGS10
2018-04-05,2.83,DGS10
2018-04-06,2.77,DGS10
2018-04-09,2.78,DGS10
2018-04-10,2.8,DGS10
2018-04-11,2.79,DGS10
2018-04-12,2.83,DGS10
2018-04-13,2.82,DGS10
2018-04-16,2.83,DGS10
2018-04-17,2.82,DGS10
2018-04-18,2.87,DGS10
2018-04-19,2.92,DGS10
2018-04-20,2.96,DGS10
2018-04-23,2.98,DGS10
2018-04-24,3.0,DGS10
2018-04-25,3.03,DGS10
2018-04-26,3.0,DGS10
2018-04-27,2.96,DGS10
2018-04-30,2.95,DGS10
2018-05-01,2.97,DGS10
2018-05-02,2.97,DGS10
2018-05-03,2.94,DGS10
2018-05-04,2.95,DGS10
2018-05-07,2.95,DGS10
2018-05-08,2.97,DGS10
2018-05-09,3.0,DGS10
2018-05-10,2.97,DGS10
2018-05-11,2.97,DGS10
2018-05-14,3.0,DGS10
2018-05-15,3.08,DGS10
2018-05-16,3.09,DGS10
2018-05-17,3.11,DGS10
2018-05-18,3.06,DGS10
2018-05-21,3.06,DGS10
2018-05-22,3.06,DGS10
2018-05-23,3.01,DGS10
2018-05-24,2.98,DGS10
2018-05-25,2.93,DGS10
2018-05-28,,DGS10
2018-05-29,2.77,DGS10
2018-05-30,2.84,DGS10
2018-05-31,2.83,DGS10
2018-06-01,2.89,DGS10
2018-06-04,2.94,DGS10
2018-06-05,2.92,DGS10
2018-06-06,2.97,DGS10
2018-06-07,2.93,DGS10
2018-06-08,2.93,DGS10
2018-06-11,2.96,DGS10
2018-06-12,2.96,DGS10
2018-06-13,2.98,DGS10
2018-06-14,2.94,DGS10
2018-06-15,2.93,DGS10
2018-06-18,2.92,DGS10
2018-06-19,2.89,DGS10
2018-06-20,2.93,DGS10
2018-06-21,2.9,DGS10
2018-06-22,2.9,DGS10
2018-06-25,2.87,DGS10
2018-06-26,2.88,DGS10
2018-06-27,2.83,DGS10
2018-06-28,2.84,DGS10
2018-06-29,2.85,DGS10
2018-07-02,2.87,DGS10
2018-07-03,2.83,DGS10
2018-07-04,,DGS10
2018-07-05,2.84,DGS10
2018-07-06,2.82,DGS10
2018-07-09,2.86,DGS10
2018-07-10,2.87,DGS10
2018-07-11,2.85,DGS10
2018-07-12,2.85,DGS10
2018-07-13,2.83,DGS10
2018-07-16,2.85,DGS10
2018-07-17,2.86,DGS10
2018-07-18,2.88,DGS10
2018-07-19,2.84,DGS10
2018-07-20,2.89,DGS10
2018-07-23,2.96,DGS10
2018-07-24,2.95,DGS10
2018-07-25,2.94,DGS10
2018-07-26,2.98,DGS10
2018-07-27,2.96,DGS10
2018-07-30,2.98,DGS10
2018-07-31,2.96,DGS10
2018-08-01,3.0,DGS10
2018-08-02,2.98,DGS10
2018-08-03,2.95,DGS10
2018-08-06,2.94,DGS10
2018-08-07,2.98,DGS10
2018-08-08,2.96,DGS10
2018-08-09,2.93,DGS10
2018-08-10,2.87,DGS10
2018-08-13,2.88,DGS10
2018-08-14,2.89,DGS10
2018-08-15,2.86,DGS10
2018-08-16,2.87,DGS10
2018-08-17,2.87,DGS10
2018-08-20,2.82,DGS10
2018-08-21,2.85,DGS10
2018-08-22,2.82,DGS10
2018-08-23,2.82,DGS10
2018-08-24,2.82,DGS10
2018-08-27,2.85,DGS10
2018-08-28,2.88,DGS10
2018-08-29,2.89,DGS10
2018-08-30,2.86,DGS10
2018-08-31,2.86,DGS10
2018-09-03,,DGS10
2018-09-04,2.9,DGS10
2018-09-05,2.9,DGS10
2018-09-06,2.88,DGS10
2018-09-07,2.94,DGS10
2018-09-10,2.94,DGS10
2018-09-11,2.98,DGS10
2018-09-12,2.97,DGS10
2018-09-13,2.97,DGS10
2018-09-14,2.99,DGS10
2018-09-17,2.99,DGS10
2018-09-18,3.05,DGS10
2018-09-19,3.08,DGS10
2018-09-20,3.07,DGS10
2018-09-21,3.07,DGS10
2018-09-24,3.08,DGS10
2018-09-25,3.1,DGS10
2018-09-26,3.06,DGS10
2018-09-27,3.06,DGS10
2018-09-28,3.05,DGS10
2018-10-01,3.09,DGS10
2018-10-02,3.05,DGS10
2018-10-03,3.15,DGS10
2018-10-04,3.19,DGS10
2018-10-05,3.23,DGS10
2018-10-08,,DGS10
2018-10-09,3.21,DGS10
2018-10-10,3.22,DGS10
2018-10-11,3.14,DGS10
2018-10-12,3.15,DGS10
2018-10-15,3.16,DGS10
2018-10-16,3.16,DGS10
2018-10-17,3.19,DGS10
2018-10-18,3.17,DGS10
2018-10-19,3.2,DGS10
2018-10-22,3.2,DGS10
2018-10-23,3.17,DGS10
2018-10-24,3.1,DGS10
2018-10-25,3.14,DGS10
2018-10-26,3.08,DGS10
2018-10-29,3.08,DGS10
2018-10-30,3.12,DGS10
2018-10-31,3.15,DGS10
2018-11-01,3.14,DGS10
2018-11-02,3.22,DGS10
2018-11-05,3.2,DGS10
2018-11-06,3.22,DGS10
2018-11-07,3.22,DGS10
2018-11-08,3.24,DGS10
2018-11-09,3.19,DGS10
2018-11-12,,DGS10
2018-11-13,3.14,DGS10
2018-11-14,3.12,DGS10
2018-11-15,3.11,DGS10
2018-11-16,3.08,DGS10
2018-11-19,3.06,DGS10
2018-11-20,3.06,DGS10
2018-11-21,3.06,DGS10
2018-11-22,,DGS10
2018-11-23,3.05,DGS10
2018-11-26,3.07,DGS10
2018-11-27,3.06,DGS10
2018-11-28,3.06,DGS10
2018-11-29,3.03,DGS10
2018-11-30,3.01,DGS10
2018-12-03,2.98,DGS10
2018-12-04,2.91,DGS10
2018-12-05,,DGS10
2018-12-06,2.87,DGS10
2018-12-07,2.85,DGS10
2018-12-10,2.85,DGS10
2018-12-11,2.89,DGS10
2018-12-12,2.91,DGS10
2018-12-13,2.91,DGS10
2018-12-14,2.89,DGS10
2018-12-17,2.86,DGS10
2018-12-18,2.82,DGS10
2018-12-19,2.77,DGS10
2018-12-20,2.79,DGS10
2018-12-21,2.79,DGS10
2018-12-24,2.74,DGS10
2018-12-25,,DGS10
2018-12-26,2.81,DGS10
2018-12-27,2.77,DGS10
2018-12-28,2.72,DGS10
2018-12-31,2.69,DGS10
2019-01-01,,DGS10
2019-01-02,2.66,DGS10
2019-01-03,2.56,DGS10
2019-01-04,2.67,DGS10
2019-01-07,2.7,DGS10
2019-01-08,2.73,DGS10
2019-01-09,2.74,DGS10
2019-01-10,2.74,DGS10
2019-01-11,2.71,DGS10
2019-01-14,2.71,DGS10
2019-01-15,2.72,DGS10
2019-01-16,2.73,DGS10
2019-01-17,2.75,DGS10
2019-01-18,2.79,DGS10
2019-01-21,,DGS10
2019-01-22,2.74,DGS10
2019-01-23,2.76,DGS10
2019-01-24,2.72,DGS10
2019-01-25,2.76,DGS10
2019-01-28,2.75,DGS10
2019-01-29,2.72,DGS10
2019-01-30,2.7,DGS10
2019-01-31,2.63,DGS10
2019-02-01,2.7,DGS10
2019-02-04,2.73,DGS10
2019-02-05,2.71,DGS10
2019-02-06,2.7,DGS10
2019-02-07,2.65,DGS10
2019-02-08,2.63,DGS10
2019-02-11,2.65,DGS10
2019-02-12,2.68,DGS10
2019-02-13,2.71,DGS10
2019-02-14,2.66,DGS10
2019-02-15,2.66,DGS10
2019-02-18,,DGS10
2019-02-19,2.65,DGS10
2019-02-20,2.65,DGS10
2019-02-21,2.69,DGS10
2019-02-22,2.65,DGS10
2019-02-25,2.67,DGS10
2019-02-26,2.64,DGS10
2019-02-27,2.69,DGS10
2019-02-28,2.73,DGS10
2019-03-01,2.76,DGS10
2019-03-04,2.72,DGS10
2019-03-05,2.72,DGS10
2019-03-06,2.69,DGS10
2019-03-07,2.64,DGS10
2019-03-08,2.62,DGS10
2019-03-11,2.64,DGS10
2019-03-12,2.61,DGS10
2019-03-13,2.61,DGS10
2019-03-14,2.63,DGS10
2019-03-15,2.59,DGS10
2019-03-18,2.6,DGS10
2019-03-19,2.61,DGS10
2019-03-20,2.54,DGS10
2019-03-21,2.54,DGS10
2019-03-22,2.44,DGS10
2019-03-25,2.43,DGS10
2019-03-26,2.41,DGS10
2019-03-27,2.39,DGS10
2019-03-28,2.39,DGS10
2019-03-29,2.41,DGS10
2019-04-01,2.49,DGS10
2019-04-02,2.48,DGS10
2019-04-03,2.52,DGS10
2019-04-04,2.51,DGS10
2019-04-05,2.5,DGS10
2019-04-08,2.52,DGS10
2019-04-09,2.51,DGS10
2019-04-10,2.48,DGS10
2019-04-11,2.51,DGS10
2019-04-12,2.56,DGS10
2019-04-15,2.55,DGS10
2019-04-16,2.6,DGS10
2019-04-17,2.59,DGS10
2019-04-18,2.57,DGS10
2019-04-19,,DGS10
2019-04-22,2.59,DGS10
2019-04-23,2.57,DGS10
2019-04-24,2.53,DGS10
2019-04-25,2.54,DGS10
2019-04-26,2.51,DGS10
2019-04-29,2.54,DGS10
2019-04-30,2.51,DGS10
2019-05-01,2.52,DGS10
2019-05-02,2.55,DGS10
2019-05-03,2.54,DGS10
2019-05-06,2.51,DGS10
2019-05-07,2.45,DGS10
2019-05-08,2.49,DGS10
2019-05-09,2.45,DGS10
2019-05-10,2.47,DGS10
2019-05-13,2.4,DGS10
2019-05-14,2.42,DGS10
2019-05-15,2.37,DGS10
2019-05-16,2.4,DGS10
2019-05-17,2.39,DGS10
2019-05-20,2.41,DGS10
2019-05-21,2.43,DGS10
2019-05-22,2.39,DGS10
2019-05-23,2.31,DGS10
2019-05-24,2.32,DGS10
2019-05-27,,DGS10
2019-05-28,2.26,DGS10
2019-05-29,2.25,DGS10
2019-05-30,2.22,DGS10
2019-05-31,2.14,DGS10
2019-06-03,2.07,DGS10
2019-06-04,2.12,DGS10
2019-06-05,2.12,DGS10
2019-06-06,2.12,DGS10
2019-06-07,2.09,DGS10
2019-06-10,2.15,DGS10
2019-06-11,2.15,DGS10
2019-06-12,2.13,DGS10
2019-06-13,2.1,DGS10
2019-06-14,2.09,DGS10
2019-06-17,2.09,DGS10
2019-06-18,2.06,DGS10
2019-06-19,2.03,DGS10
2019-06-20,2.01,DGS10
2019-06-21,2.07,DGS10
2019-06-24,2.02,DGS10
2019-06-25,2.0,DGS10
2019-06-26,2.05,DGS10
2019-06-27,2.01,DGS10
2019-06-28,2.0,DGS10
2019-07-01,2.03,DGS10
2019-07-02,1.98,DGS10
2019-07-03,1.96,DGS10
2019-07-04,,DGS10
2019-07-05,2.04,DGS10
2019-07-08,2.05,DGS10
2019-07-09,2.07,DGS10
2019-07-10,2.07,DGS10
2019-07-11,2.13,DGS10
2019-07-12,2.12,DGS10
2019-07-15,2.09,DGS10
2019-07-16,2.13,DGS10
2019-07-17,2.06,DGS10
2019-07-18,2.04,DGS10
2019-07-19,2.05,DGS10
2019-07-22,2.05,DGS10
2019-07-23,2.08,DGS10
2019-07-24,2.05,DGS10
2019-07-25,2.08,DGS10
2019-07-26,2.08,DGS10
2019-07-29,2.06,DGS10
2019-07-30,2.06,DGS10
2019-07-31,2.02,DGS10
2019-08-01,1.9,DGS10
2019-08-02,1.86,DGS10
2019-08-05,1.75,DGS10
2019-08-06,1.73,DGS10
2019-08-07,1.71,DGS10
2019-08-08,1.72,DGS10
2019-08-09,1.74,DGS10
2019-08-12,1.65,DGS10
2019-08-13,1.68,DGS10
2019-08-14,1.59,DGS10
2019-08-15,1.52,DGS10
2019-08-16,1.55,DGS10
2019-08-19,1.6,DGS10
2019-08-20,1.55,DGS10
2019-08-21,1.59,DGS10
2019-08-22,1.62,DGS10
2019-08-23,1.52,DGS10
2019-08-26,1.54,DGS10
2019-08-27,1.49,DGS10
2019-08-28,1.47,DGS10
2019-08-29,1.5,DGS10
2019-08-30,1.5,DGS10
2019-09-02,,DGS10
2019-09-03,1.47,DGS10
2019-09-04,1.47,DGS10
2019-09-05,1.57,DGS10
2019-09-06,1.55,DGS10
2019-09-09,1.63,DGS10
2019-09-10,1.72,DGS10
2019-09-11,1.75,DGS10
2019-09-12,1.79,DGS10
2019-09-13,1.9,DGS10
2019-09-16,1.84,DGS10
2019-09-17,1.81,DGS10
2019-09-18,1.8,DGS10
2019-09-19,1.79,DGS10
2019-09-20,1.74,DGS10
2019-09-23,1.72,DGS10
2019-09-24,1.64,DGS10
2019-09-25,1.73,DGS10
2019-09-26,1.7,DGS10
2019-09-27,1.69,DGS10
2019-09-30,1.68,DGS10
2019-10-01,1.65,DGS10
2019-10-02,1.6,DGS10
2019-10-03,1.54,DGS10
2019-10-04,1.52,DGS10
2019-10-07,1.56,DGS10
2019-10-08,1.54,DGS10
2019-10-09,1.59,DGS10
2019-10-10,1.67,DGS10
2019-10-11,1.76,DGS10
2019-10-14,,DGS10
2019-10-15,1.77,DGS10
2019-10-16,1.75,DGS10
2019-10-17,1.76,DGS10
2019-10-18,1.76,DGS10
2019-10-21,1.8,DGS10
2019-10-22,1.78,DGS10
2019-10-23,1.77,DGS10
2019-10-24,1.77,DGS10
2019-10-25,1.8,DGS10
2019-10-28,1.85,DGS10
2019-10-29,1.84,DGS10
2019-10-30,1.78,DGS10
2019-10-31,1.69,DGS10
2019-11-01,1.73,DGS10
2019-11-04,1.79,DGS10
2019-11-05,1.86,DGS10
2019-11-06,1.81,DGS10
2019-11-07,1.92,DGS10
2019-11-08,1.94,DGS10
2019-11-11,,DGS10
2019-11-12,1.92,DGS10
2019-11-13,1.88,DGS10
2019-11-14,1.82,DGS10
2019-11-15,1.84,DGS10
2019-11-18,1.81,DGS10
2019-11-19,1.79,DGS10
2019-11-20,1.73,DGS10
2019-11-21,1.77,DGS10
2019-11-22,1.77,DGS10
2019-11-25,1.76,DGS10
2019-11-26,1.74,DGS10
2019-11-27,1.77,DGS10
2019-11-28,,DGS10
2019-11-29,1.78,DGS10
2019-12-02,1.83,DGS10
2019-12-03,1.72,DGS10
2019-12-04,1.77,DGS10
2019-12-05,1.8,DGS10
2019-12-06,1.84,DGS10
2019-12-09,1.83,DGS10
2019-12-10,1.85,DGS10
2019-12-11,1.79,DGS10
2019-12-12,1.9,DGS10
2019-12-13,1.82,DGS10
2019-12-16,1.89,DGS10
2019-12-17,1.89,DGS10
2019-12-18,1.92,DGS10
2019-12-19,1.92,DGS10
2019-12-20,1.92,DGS10
2019-12-23,1.93,DGS10
2019-12-24,1.9,DGS10
2019-12-25,,DGS10
2019-12-26,1.9,DGS10
2019-12-27,1.88,DGS10
2019-12-30,1.9,DGS10
2019-12-31,1.92,DGS10
2020-01-01,,DGS10
2020-01-02,1.88,DGS10
2020-01-03,1.8,DGS10
2020-01-06,1.81,DGS10
2020-01-07,1.83,DGS10
2020-01-08,1.87,DGS10
2020-01-09,1.85,DGS10
2020-01-10,1.83,DGS10
2020-01-13,1.85,DGS10
2020-01-14,1.82,DGS10
2020-01-15,1.79,DGS10
2020-01-16,1.81,DGS10
2020-01-17,1.84,DGS10
2020-01-20,,DGS10
2020-01-21,1.78,DGS10
2020-01-22,1.77,DGS10
2020-01-23,1.74,DGS10
2020-01-24,1.7,DGS10
2020-01-27,1.61,DGS10
2020-01-28,1.65,DGS10
2020-01-29,1.6,DGS10
2020-01-30,1.57,DGS10
2020-01-31,1.51,DGS10
2020-02-03,1.54,DGS10
2020-02-04,1.61,DGS10
2020-02-05,1.66,DGS10
2020-02-06,1.65,DGS10
2020-02-07,1.59,DGS10
2020-02-10,1.56,DGS10
2020-02-11,1.59,DGS10
2020-02-12,1.62,DGS10
2020-02-13,1.61,DGS10
2020-02-14,1.59,DGS10
2020-02-17,,DGS10
2020-02-18,1.55,DGS10
2020-02-19,1.56,DGS10
2020-02-20,1.52,DGS10
2020-02-21,1.46,DGS10
2020-02-24,1.38,DGS10
2020-02-25,1.33,DGS10
2020-02-26,1.33,DGS10
2020-02-27,1.3,DGS10
2020-02-28,1.13,DGS10
2020-03-02,1.1,DGS10
2020-03-03,1.02,DGS10
2020-03-04,1.02,DGS10
2020-03-05,0.92,DGS10
2020-03-06,0.74,DGS10
2020-03-09,0.54,DGS10
2020-03-10,0.76,DGS10
2020-03-11,0.82,DGS10
2020-03-12,0.88,DGS10
2020-03-13,0.94,DGS10
2020-03-16,0.73,DGS10
2020-03-17,1.02,DGS10
2020-03-18,1.18,DGS10
2020-03-19,1.12,DGS10
2020-03-20,0.92,DGS10
2020-03-23,0.76,DGS10
2020-03-24,0.84,DGS10
2020-03-25,0.88,DGS10
2020-03-26,0.83,DGS10
2020-03-27,0.72,DGS10
2020-03-30,0.7,DGS10
2020-03-31,0.7,DGS10
2020-04-01,0.62,DGS10
2020-04-02,0.63,DGS10
2020-04-03,0.62,DGS10
2020-04-06,0.67,DGS10
2020-04-07,0.75,DGS10
2020-04-08,0.77,DGS10
2020-04-09,0.73,DGS10
2020-04-10,,DGS10
2020-04-13,0.76,DGS10
2020-04-14,0.76,DGS10
2020-04-15,0.63,DGS10
2020-04-16,0.61,DGS10
2020-04-17,0.65,DGS10
2020-04-20,0.63,DGS10
2020-04-21,0.58,DGS10
2020-04-22,0.63,DGS10
2020-04-23,0.61,DGS10
2020-04-24,0.6,DGS10
2020-04-27,0.67,DGS10
2020-04-28,0.62,DGS10
2020-04-29,0.63,DGS10
2020-04-30,0.64,DGS10
2020-05-01,0.64,DGS10
2020-05-04,0.64,DGS10
2020-05-05,0.66,DGS10
2020-05-06,0.72,DGS10
2020-05-07,0.63,DGS10
2020-05-08,0.69,DGS10
2020-05-11,0.73,DGS10
2020-05-12,0.69,DGS10
2020-05-13,0.64,DGS10
2020-05-14,0.63,DGS10
2020-05-15,0.64,DGS10
2020-05-18,0.73,DGS10
2020-05-19,0.7,DGS10
2020-05-20,0.68,DGS10
2020-05-21,0.68,DGS10
2020-05-22,0.66,DGS10
2020-05-25,,DGS10
2020-05-26,0.69,DGS10
2020-05-27,0.68,DGS10
2020-05-28,0.7,DGS10
2020-05-29,0.65,DGS10
2020-06-01,0.66,DGS10
2020-06-02,0.68,DGS10
2020-06-03,0.77,DGS10
2020-06-04,0.82,DGS10
2020-06-05,0.91,DGS10
2020-06-08,0.88,DGS10
2020-06-09,0.84,DGS10
2020-06-10,0.75,DGS10
2020-06-11,0.66,DGS10
2020-06-12,0.71,DGS10
2020-06-15,0.71,DGS10
2020-06-16,0.75,DGS10
2020-06-17,0.74,DGS10
2020-06-18,0.71,DGS10
2020-06-19,0.7,DGS10
2020-06-22,0.71,DGS10
2020-06-23,0.72,DGS10
2020-06-24,0.69,DGS10
2020-06-25,0.68,DGS10
2020-06-26,0.64,DGS10
2020-06-29,0.64,DGS10
2020-06-30,0.66,DGS10
2020-07-01,0.69,DGS10
2020-07-02,0.68,DGS10
2020-07-03,,DGS10
2020-07-06,0.69,DGS10
2020-07-07,0.65,DGS10
2020-07-08,0.67,DGS10
2020-07-09,0.62,DGS10
2020-07-10,0.65,DGS10
2020-07-13,0.64,DGS10
2020-07-14,0.63,DGS10
2020-07-15,0.64,DGS10
2020-07-16,0.62,DGS10
2020-07-17,0.64,DGS10
2020-07-20,0.62,DGS10
2020-07-21,0.61,DGS10
2020-07-22,0.6,DGS10
2020-07-23,0.59,DGS10
2020-07-24,0.59,DGS10
2020-07-27,0.62,DGS10
2020-07-28,0.59,DGS10
2020-07-29,0.58,DGS10
2020-07-30,0.55,DGS10
2020-07-31,0.55,DGS10
2020-08-03,0.56,DGS10
2020-08-04,0.52,DGS10
2020-08-05,0.55,DGS10
2020-08-06,0.55,DGS10
2020-08-07,0.57,DGS10
2020-08-10,0.59,DGS10
2020-08-11,0.64,DGS10
2020-08-12,0.69,DGS10
2020-08-13,0.71,DGS10
2020-08-14,0.71,DGS10
2020-08-17,0.69,DGS10
2020-08-18,0.67,DGS10
2020-08-19,0.68,DGS10
2020-08-20,0.65,DGS10
2020-08-21,0.64,DGS10
2020-08-24,0.65,DGS10
2020-08-25,0.69,DGS10
2020-08-26,0.69,DGS10
2020-08-27,0.74,DGS10
2020-08-28,0.74,DGS10
2020-08-31,0.72,DGS10
2020-09-01,0.68,DGS10
2020-09-02,0.66,DGS10
2020-09-03,0.63,DGS10
2020-09-04,0.72,DGS10
2020-09-07,,DGS10
2020-09-08,0.69,DGS10
2020-09-09,0.71,DGS10
2020-09-10,0.68,DGS10
2020-09-11,0.67,DGS10
2020-09-14,0.68,DGS10
2020-09-15,0.68,DGS10
2020-09-16,0.69,DGS10
2020-09-17,0.69,DGS10
2020-09-18,0.7,DGS10
2020-09-21,0.68,DGS10
2020-09-22,0.68,DGS10
2020-09-23,0.68,DGS10
2020-09-24,0.67,DGS10
2020-09-25,0.66,DGS10
2020-09-28,0.67,DGS10
2020-09-29,0.66,DGS10
2020-09-30,0.69,DGS10
2020-10-01,0.68,DGS10
2020-10-02,0.7,DGS10
2020-10-05,0.78,DGS10
2020-10-06,0.76,DGS10
2020-10-07,0.81,DGS10
2020-10-08,0.78,DGS10
2020-10-09,0.79,DGS10
2020-10-12,,DGS10
2020-10-13,0.74,DGS10
2020-10-14,0.73,DGS10
2020-10-15,0.74,DGS10
2020-10-16,0.76,DGS10
2020-10-19,0.78,DGS10
2020-10-20,0.81,DGS10
2020-10-21,0.83,DGS10
2020-10-22,0.87,DGS10
2020-10-23,0.85,DGS10
2020-10-26,0.81,DGS10
2020-10-27,0.79,DGS10
2020-10-28,0.79,DGS10
2020-10-29,0.85,DGS10
2020-10-30,0.88,DGS10
2020-11-02,0.87,DGS10
2020-11-03,0.9,DGS10
2020-11-04,0.78,DGS10
2020-11-05,0.79,DGS10
2020-11-06,0.83,DGS10
2020-11-09,0.96,DGS10
2020-11-10,0.98,DGS10
2020-11-11,,DGS10
2020-11-12,0.88,DGS10
2020-11-13,0.89,DGS10
2020-11-16,0.91,DGS10
2020-11-17,0.87,DGS10
2020-11-18,0.88,DGS10
2020-11-19,0.86,DGS10
2020-11-20,0.83,DGS10
2020-11-23,0.86,DGS10
2020-11-24,0.88,DGS10
2020-11-25,0.88,DGS10
2020-11-26,,DGS10
2020-11-27,0.84,DGS10
2020-11-30,0.84,DGS10
2020-12-01,0.92,DGS10
2020-12-02,0.95,DGS10
2020-12-03,0.92,DGS10
2020-12-04,0.97,DGS10
2020-12-07,0.94,DGS10
2020-12-08,0.92,DGS10
2020-12-09,0.95,DGS10
2020-12-10,0.92,DGS10
2020-12-11,0.9,DGS10
2020-12-14,0.9,DGS10
2020-12-15,0.92,DGS10
2020-12-16,0.92,DGS10
2020-12-17,0.94,DGS10
2020-12-18,0.95,DGS10
2020-12-21,0.95,DGS10
2020-12-22,0.93,DGS10
2020-12-23,0.96,DGS10
2020-12-24,0.94,DGS10
2020-12-25,,DGS10
2020-12-28,0.94,DGS10
2020-12-29,0.94,DGS10
2020-12-30,0.93,DGS10
2020-12-31,0.93,DGS10
2021-01-01,,DGS10
2021-01-04,0.93,DGS10
2021-01-05,0.96,DGS10
2021-01-06,1.04,DGS10
2021-01-07,1.08,DGS10
2021-01-08,1.13,DGS10
2021-01-11,1.15,DGS10
2021-01-12,1.15,DGS10
2021-01-13,1.1,DGS10
2021-01-14,1.15,DGS10
2021-01-15,1.11,DGS10
2021-01-18,,DGS10
2021-01-19,1.1,DGS10
2021-01-20,1.1,DGS10
2021-01-21,1.12,DGS10
2021-01-22,1.1,DGS10
2021-01-25,1.05,DGS10
2021-01-26,1.05,DGS10
2021-01-27,1.04,DGS10
2021-01-28,1.07,DGS10
2021-01-29,1.11,DGS10
2021-02-01,1.09,DGS10
2021-02-02,1.12,DGS10
2021-02-03,1.15,DGS10
2021-02-04,1.15,DGS10
2021-02-05,1.19,DGS10
2021-02-08,1.19,DGS10
2021-02-09,1.18,DGS10
2021-02-10,1.15,DGS10
2021-02-11,1.16,DGS10
2021-02-12,1.2,DGS10
2021-02-15,,DGS10
2021-02-16,1.3,DGS10
2021-02-17,1.29,DGS10
2021-02-18,1.29,DGS10
2021-02-19,1.34,DGS10
2021-02-22,1.37,DGS10
2021-02-23,1.37,DGS10
2021-02-24,1.38,DGS10
2021-02-25,1.54,DGS10
2021-02-26,1.44,DGS10
2021-03-01,1.45,DGS10
2021-03-02,1.42,DGS10
2021-03-03,1.47,DGS10
2021-03-04,1.54,DGS10
2021-03-05,1.56,DGS10
2021-03-08,1.59,DGS10
2021-03-09,1.55,DGS10
2021-03-10,1.53,DGS10
2021-03-11,1.54,DGS10
2021-03-12,1.64,DGS10
2021-03-15,1.62,DGS10
2021-03-16,1.62,DGS10
2021-03-17,1.63,DGS10
2021-03-18,1.71,DGS10
2021-03-19,1.74,DGS10
2021-03-22,1.69,DGS10
2021-03-23,1.63,DGS10
2021-03-24,1.62,DGS10
2021-03-25,1.63,DGS10
2021-03-26,1.67,DGS10
2021-03-29,1.73,DGS10
2021-03-30,1.73,DGS10
2021-03-31,1.74,DGS10
2021-04-01,1.69,DGS10
2021-04-02,1.72,DGS10
2021-04-05,1.73,DGS10
2021-04-06,1.67,DGS10
2021-04-07,1.68,DGS10
2021-04-08,1.64,DGS10
2021-04-09,1.67,DGS10
2021-04-12,1.69,DGS10
2021-04-13,1.64,DGS10
2021-04-14,1.64,DGS10
2021-04-15,1.56,DGS10
2021-04-16,1.59,DGS10
2021-04-19,1.61,DGS10
2021-04-20,1.58,DGS10
2021-04-21,1.57,DGS10
2021-04-22,1.57,DGS10
2021-04-23,1.58,DGS10
2021-04-26,1.58,DGS10
2021-04-27,1.63,DGS10
2021-04-28,1.63,DGS10
2021-04-29,1.65,DGS10
2021-04-30,1.65,DGS10
2021-05-03,1.63,DGS10
2021-05-04,1.61,DGS10
2021-05-05,1.59,DGS10
2021-05-06,1.58,DGS10
2021-05-07,1.6,DGS10
2021-05-10,1.63,DGS10
2021-05-11,1.64,DGS10
2021-05-12,1.69,DGS10
2021-05-13,1.66,DGS10
2021-05-14,1.63,DGS10
2021-05-17,1.64,DGS10
2021-05-18,1.64,DGS10
2021-05-19,1.68,DGS10
2021-05-20,1.63,DGS10
2021-05-21,1.63,DGS10
2021-05-24,1.61,DGS10
2021-05-25,1.56,DGS10
2021-05-26,1.58,DGS10
2021-05-27,1.61,DGS10
2021-05-28,1.58,DGS10
2021-05-31,,DGS10
2021-06-01,1.62,DGS10
2021-06-02,1.59,DGS10
2021-06-03,1.63,DGS10
2021-06-04,1.56,DGS10
2021-06-07,1.57,DGS10
2021-06-08,1.53,DGS10
2021-06-09,1.5,DGS10
2021-06-10,1.45,DGS10
2021-06-11,1.47,DGS10
2021-06-14,1.51,DGS10
2021-06-15,1.51,DGS10
2021-06-16,1.57,DGS10
2021-06-17,1.52,DGS10
2021-06-18,1.45,DGS10
2021-06-21,1.5,DGS10
2021-06-22,1.48,DGS10
2021-06-23,1.5,DGS10
2021-06-24,1.49,DGS10
2021-06-25,1.54,DGS10
2021-06-28,1.49,DGS10
2021-06-29,1.49,DGS10
2021-06-30,1.45,DGS10
2021-07-01,1.48,DGS10
2021-07-02,1.44,DGS10
2021-07-05,,DGS10
2021-07-06,1.37,DGS10
2021-07-07,1.33,DGS10
2021-07-08,1.3,DGS10
2021-07-09,1.37,DGS10
2021-07-12,1.38,DGS10
2021-07-13,1.42,DGS10
2021-07-14,1.37,DGS10
2021-07-15,1.31,DGS10
2021-07-16,1.31,DGS10
2021-07-19,1.19,DGS10
2021-07-20,1.23,DGS10
2021-07-21,1.3,DGS10
2021-07-22,1.27,DGS10
2021-07-23,1.3,DGS10
2021-07-26,1.29,DGS10
2021-07-27,1.25,DGS10
2021-07-28,1.26,DGS10
2021-07-29,1.28,DGS10
2021-07-30,1.24,DGS10
2021-08-02,1.2,DGS10
2021-08-03,1.19,DGS10
2021-08-04,1.19,DGS10
2021-08-05,1.23,DGS10
2021-08-06,1.31,DGS10
2021-08-09,1.33,DGS10
2021-08-10,1.36,DGS10
2021-08-11,1.35,DGS10
2021-08-12,1.36,DGS10
2021-08-13,1.29,DGS10
2021-08-16,1.26,DGS10
2021-08-17,1.26,DGS10
2021-08-18,1.27,DGS10
2021-08-19,1.24,DGS10
2021-08-20,1.26,DGS10
2021-08-23,1.25,DGS10
2021-08-24,1.29,DGS10
2021-08-25,1.35,DGS10
2021-08-26,1.34,DGS10
2021-08-27,1.31,DGS10
2021-08-30,1.29,DGS10
2021-08-31,1.3,DGS10
2021-09-01,1.31,DGS10
2021-09-02,1.29,DGS10
2021-09-03,1.33,DGS10
2021-09-06,,DGS10
2021-09-07,1.38,DGS10
2021-09-08,1.35,DGS10
2021-09-09,1.3,DGS10
2021-09-10,1.35,DGS10
2021-09-13,1.33,DGS10
2021-09-14,1.28,DGS10
2021-09-15,1.31,DGS10
2021-09-16,1.34,DGS10
2021-09-17,1.37,DGS10
2021-09-20,1.31,DGS10
2021-09-21,1.33,DGS10
2021-09-22,1.32,DGS10
2021-09-23,1.41,DGS10
2021-09-24,1.47,DGS10
2021-09-27,1.48,DGS10
2021-09-28,1.54,DGS10
2021-09-29,1.55,DGS10
2021-09-30,1.52,DGS10
2021-10-01,1.48,DGS10
2021-10-04,1.49,DGS10
2021-10-05,1.54,DGS10
2021-10-06,1.53,DGS10
2021-10-07,1.58,DGS10
2021-10-08,1.61,DGS10
2021-10-11,,DGS10
2021-10-12,1.59,DGS10
2021-10-13,1.56,DGS10
2021-10-14,1.52,DGS10
2021-10-15,1.59,DGS10
2021-10-18,1.59,DGS10
2021-10-19,1.65,DGS10
2021-10-20,1.65,DGS10
2021-10-21,1.68,DGS10
2021-10-22,1.66,DGS10
2021-10-25,1.64,DGS10
2021-10-26,1.63,DGS10
2021-10-27,1.54,DGS10
2021-10-28,1.57,DGS10
2021-10-29,1.55,DGS10
2021-11-01,1.58,DGS10
2021-11-02,1.56,DGS10
2021-11-03,1.6,DGS10
2021-11-04,1.53,DGS10
2021-11-05,1.45,DGS10
2021-11-08,1.51,DGS10
2021-11-09,1.46,DGS10
2021-11-10,1.56,DGS10
2021-11-11,,DGS10
2021-11-12,1.58,DGS10
2021-11-15,1.63,DGS10
2021-11-16,1.63,DGS10
2021-11-17,1.6,DGS10
2021-11-18,1.59,DGS10
2021-11-19,1.54,DGS10
2021-11-22,1.63,DGS10
2021-11-23,1.67,DGS10
2021-11-24,1.64,DGS10
2021-11-25,,DGS10
2021-11-26,1.48,DGS10
2021-11-29,1.52,DGS10
2021-11-30,1.43,DGS10
2021-12-01,1.43,DGS10
2021-12-02,1.44,DGS10
2021-12-03,1.35,DGS10
2021-12-06,1.43,DGS10
2021-12-07,1.48,DGS10
2021-12-08,1.52,DGS10
2021-12-09,1.49,DGS10
2021-12-10,1.48,DGS10
2021-12-13,1.42,DGS10
2021-12-14,1.44,DGS10
2021-12-15,1.47,DGS10
2021-12-16,1.44,DGS10
2021-12-17,1.41,DGS10
2021-12-20,1.43,DGS10
2021-12-21,1.48,DGS10
2021-12-22,1.46,DGS10
2021-12-23,1.5,DGS10
2021-12-24,,DGS10
2021-12-27,1.48,DGS10
2021-12-28,1.49,DGS10
2021-12-29,1.55,DGS10
2021-12-30,1.52,DGS10
2021-12-31,1.52,DGS10
2022-01-03,1.63,DGS10
2022-01-04,1.66,DGS10
2022-01-05,1.71,DGS10
2022-01-06,1.73,DGS10
2022-01-07,1.76,DGS10
2022-01-10,1.78,DGS10
2022-01-11,1.75,DGS10
2022-01-12,1.74,DGS10
2022-01-13,1.7,DGS10
2022-01-14,1.78,DGS10
2022-01-17,,DGS10
2022-01-18,1.87,DGS10
2022-01-19,1.83,DGS10
2022-01-20,1.83,DGS10
2022-01-21,1.75,DGS10
2022-01-24,1.75,DGS10
2022-01-25,1.78,DGS10
2022-01-26,1.85,DGS10
2022-01-27,1.81,DGS10
2022-01-28,1.78,DGS10
2022-01-31,1.79,DGS10
2022-02-01,1.81,DGS10
2022-02-02,1.78,DGS10
2022-02-03,1.82,DGS10
2022-02-04,1.93,DGS10
2022-02-07,1.92,DGS10
2022-02-08,1.96,DGS10
2022-02-09,1.94,DGS10
2022-02-10,2.03,DGS10
2022-02-11,1.92,DGS10
2022-02-14,1.98,DGS10
2022-02-15,2.05,DGS10
2022-02-16,2.03,DGS10
2022-02-17,1.97,DGS10
2022-02-18,1.92,DGS10
2022-02-21,,DGS10
2022-02-22,1.94,DGS10
2022-02-23,1.99,DGS10
2022-02-24,1.96,DGS10
2022-02-25,1.97,DGS10
2022-02-28,1.83,DGS10
2022-03-01,1.72,DGS10
2022-03-02,1.86,DGS10
2022-03-03,1.86,DGS10
2022-03-04,1.74,DGS10
2022-03-07,1.78,DGS10
2022-03-08,1.86,DGS10
2022-03-09,1.94,DGS10
2022-03-10,1.98,DGS10
2022-03-11,2.0,DGS10
2022-03-14,2.14,DGS10
2022-03-15,2.15,DGS10
2022-03-16,2.19,DGS10
2022-03-17,2.2,DGS10
2022-03-18,2.14,DGS10
2022-03-21,2.32,DGS10
2022-03-22,2.38,DGS10
2022-03-23,2.32,DGS10
2022-03-24,2.34,DGS10
2022-03-25,2.48,DGS10
2022-03-28,2.46,DGS10
2022-03-29,2.41,DGS10
2022-03-30,2.35,DGS10
2022-03-31,2.32,DGS10
2022-04-01,2.39,DGS10
2022-04-04,2.42,DGS10
2022-04-05,2.54,DGS10
2022-04-06,2.61,DGS10
2022-04-07,2.66,DGS10
2022-04-08,2.72,DGS10
2022-04-11,2.79,DGS10
2022-04-12,2.72,DGS10
2022-04-13,2.7,DGS10
2022-04-14,2.83,DGS10
2022-04-15,,DGS10
2022-04-18,2.85,DGS10
2022-04-19,2.93,DGS10
2022-04-20,2.85,DGS10
2022-04-21,2.9,DGS10
2022-04-22,2.9,DGS10
2022-04-25,2.81,DGS10
2022-04-26,2.77,DGS10
2022-04-27,2.82,DGS10
2022-04-28,2.85,DGS10
2022-04-29,2.89,DGS10
2022-05-02,2.99,DGS10
2022-05-03,2.97,DGS10
2022-05-04,2.93,DGS10
2022-05-05,3.05,DGS10
2022-05-06,3.12,DGS10
2022-05-09,3.05,DGS10
2022-05-10,2.99,DGS10
2022-05-11,2.91,DGS10
2022-05-12,2.84,DGS10
2022-05-13,2.93,DGS10
2022-05-16,2.88,DGS10
2022-05-17,2.98,DGS10
2022-05-18,2.89,DGS10
2022-05-19,2.84,DGS10
2022-05-20,2.78,DGS10
2022-05-23,2.86,DGS10
2022-05-24,2.76,DGS10
2022-05-25,2.75,DGS10
2022-05-26,2.75,DGS10
2022-05-27,2.74,DGS10
2022-05-30,,DGS10
2022-05-31,2.85,DGS10
2022-06-01,2.94,DGS10
2022-06-02,2.92,DGS10
2022-06-03,2.96,DGS10
2022-06-06,3.04,DGS10
2022-06-07,2.98,DGS10
2022-06-08,3.03,DGS10
2022-06-09,3.04,DGS10
2022-06-10,3.15,DGS10
2022-06-13,3.43,DGS10
2022-06-14,3.49,DGS10
2022-06-15,3.33,DGS10
2022-06-16,3.28,DGS10
2022-06-17,3.25,DGS10
2022-06-20,,DGS10
2022-06-21,3.31,DGS10
2022-06-22,3.16,DGS10
2022-06-23,3.09,DGS10
2022-06-24,3.13,DGS10
2022-06-27,3.2,DGS10
2022-06-28,3.2,DGS10
2022-06-29,3.1,DGS10
2022-06-30,2.98,DGS10
2022-07-01,2.88,DGS10
2022-07-04,,DGS10
2022-07-05,2.82,DGS10
2022-07-06,2.93,DGS10
2022-07-07,3.01,DGS10
2022-07-08,3.09,DGS10
2022-07-11,2.99,DGS10
2022-07-12,2.96,DGS10
2022-07-13,2.91,DGS10
2022-07-14,2.96,DGS10
2022-07-15,2.93,DGS10
2022-07-18,2.96,DGS10
2022-07-19,3.01,DGS10
2022-07-20,3.04,DGS10
2022-07-21,2.91,DGS10
2022-07-22,2.77,DGS10
2022-07-25,2.81,DGS10
2022-07-26,2.81,DGS10
2022-07-27,2.78,DGS10
2022-07-28,2.68,DGS10
2022-07-29,2.67,DGS10
2022-08-01,2.6,DGS10
2022-08-02,2.75,DGS10
2022-08-03,2.73,DGS10
2022-08-04,2.68,DGS10
2022-08-05,2.83,DGS10
2022-08-08,2.77,DGS10
2022-08-09,2.8,DGS10
2022-08-10,2.78,DGS10
2022-08-11,2.87,DGS10
2022-08-12,2.84,DGS10
2022-08-15,2.79,DGS10
2022-08-16,2.82,DGS10
2022-08-17,2.89,DGS10
2022-08-18,2.88,DGS10
2022-08-19,2.98,DGS10
2022-08-22,3.03,DGS10
2022-08-23,3.05,DGS10
2022-08-24,3.11,DGS10
2022-08-25,3.03,DGS10
2022-08-26,3.04,DGS10
2022-08-29,3.12,DGS10
2022-08-30,3.11,DGS10
2022-08-31,3.15,DGS10
2022-09-01,3.26,DGS10
2022-09-02,3.2,DGS10
2022-09-05,,DGS10
2022-09-06,3.33,DGS10
2022-09-07,3.27,DGS10
2022-09-08,3.29,DGS10
2022-09-09,3.33,DGS10
2022-09-12,3.37,DGS10
2022-09-13,3.42,DGS10
2022-09-14,3.41,DGS10
2022-09-15,3.45,DGS10
2022-09-16,3.45,DGS10
2022-09-19,3.49,DGS10
2022-09-20,3.57,DGS10
2022-09-21,3.51,DGS10
2022-09-22,3.7,DGS10
2022-09-23,3.69,DGS10
2022-09-26,3.88,DGS10
2022-09-27,3.97,DGS10
2022-09-28,3.72,DGS10
2022-09-29,3.76,DGS10
2022-09-30,3.83,DGS10
2022-10-03,3.67,DGS10
2022-10-04,3.62,DGS10
2022-10-05,3.76,DGS10
2022-10-06,3.83,DGS10
2022-10-07,3.89,DGS10
2022-10-10,,DGS10
2022-10-11,3.93,DGS10
2022-10-12,3.91,DGS10
2022-10-13,3.97,DGS10
2022-10-14,4.0,DGS10
2022-10-17,4.02,DGS10
2022-10-18,4.01,DGS10
2022-10-19,4.14,DGS10
2022-10-20,4.24,DGS10
2022-10-21,4.21,DGS10
2022-10-24,4.25,DGS10
2022-10-25,4.1,DGS10
2022-10-26,4.04,DGS10
2022-10-27,3.96,DGS10
2022-10-28,4.02,DGS10
2022-10-31,4.1,DGS10
2022-11-01,4.07,DGS10
2022-11-02,4.1,DGS10
2022-11-03,4.14,DGS10
2022-11-04,4.17,DGS10
2022-11-07,4.22,DGS10
2022-11-08,4.14,DGS10
2022-11-09,4.12,DGS10
2022-11-10,3.82,DGS10
2022-11-11,,DGS10
2022-11-14,3.88,DGS10
2022-11-15,3.8,DGS10
2022-11-16,3.67,DGS10
2022-11-17,3.77,DGS10
2022-11-18,3.82,DGS10
2022-11-21,3.83,DGS10
2022-11-22,3.76,DGS10
2022-11-23,3.71,DGS10
2022-11-24,,DGS10
2022-11-25,3.68,DGS10
2022-11-28,3.69,DGS10
2022-11-29,3.75,DGS10
2022-11-30,3.68,DGS10
2022-12-01,3.53,DGS10
2022-12-02,3.51,DGS10
2022-12-05,3.6,DGS10
2022-12-06,3.51,DGS10
2022-12-07,3.42,DGS10
2022-12-08,3.48,DGS10
2022-12-09,3.57,DGS10
2022-12-12,3.61,DGS10
2022-12-13,3.51,DGS10
2022-12-14,3.49,DGS10
2022-12-15,3.44,DGS10
2022-12-16,3.48,DGS10
2022-12-19,3.57,DGS10
2022-12-20,3.69,DGS10
2022-12-21,3.68,DGS10
2022-12-22,3.67,DGS10
2022-12-23,3.75,DGS10
2022-12-26,,DGS10
2022-12-27,3.84,DGS10
2022-12-28,3.88,DGS10
2022-12-29,3.83,DGS10
2022-12-30,3.88,DGS10
2023-01-02,,DGS10
2023-01-03,3.79,DGS10
2023-01-04,3.69,DGS10
2023-01-05,3.71,DGS10
2023-01-06,3.55,DGS10
2023-01-09,3.53,DGS10
2023-01-10,3.61,DGS10
2023-01-11,3.54,DGS10
2023-01-12,3.43,DGS10
2023-01-13,3.49,DGS10
2023-01-16,,DGS10
2023-01-17,3.53,DGS10
2023-01-18,3.37,DGS10
2023-01-19,3.39,DGS10
2023-01-20,3.48,DGS10
2023-01-23,3.52,DGS10
2023-01-24,3.46,DGS10
2023-01-25,3.46,DGS10
2023-01-26,3.49,DGS10
2023-01-27,3.52,DGS10
2023-01-30,3.55,DGS10
2023-01-31,3.52,DGS10
2023-02-01,3.39,DGS10
2023-02-02,3.4,DGS10
2023-02-03,3.53,DGS10
2023-02-06,3.63,DGS10
2023-02-07,3.67,DGS10
2023-02-08,3.63,DGS10
2023-02-09,3.67,DGS10
2023-02-10,3.74,DGS10
2023-02-13,3.72,DGS10
2023-02-14,3.77,DGS10
2023-02-15,3.81,DGS10
2023-02-16,3.86,DGS10
2023-02-17,3.82,DGS10
2023-02-20,,DGS10
2023-02-21,3.95,DGS10
2023-02-22,3.93,DGS10
2023-02-23,3.88,DGS10
2023-02-24,3.95,DGS10
2023-02-27,3.92,DGS10
2023-02-28,3.92,DGS10
2023-03-01,4.01,DGS10
2023-03-02,4.08,DGS10
2023-03-03,3.97,DGS10
2023-03-06,3.98,DGS10
2023-03-07,3.97,DGS10
2023-03-08,3.98,DGS10
2023-03-09,3.93,DGS10
2023-03-10,3.7,DGS10
2023-03-13,3.55,DGS10
2023-03-14,3.64,DGS10
2023-03-15,3.51,DGS10
2023-03-16,3.56,DGS10
2023-03-17,3.39,DGS10
2023-03-20,3.47,DGS10
2023-03-21,3.59,DGS10
2023-03-22,3.48,DGS10
2023-03-23,3.38,DGS10
2023-03-24,3.38,DGS10
2023-03-27,3.53,DGS10
2023-03-28,3.55,DGS10
2023-03-29,3.57,DGS10
2023-03-30,3.55,DGS10
2023-03-31,3.48,DGS10
2023-04-03,3.43,DGS10
2023-04-04,3.35,DGS10
2023-04-05,3.3,DGS10
2023-04-06,3.3,DGS10
2023-04-07,3.39,DGS10
2023-04-10,3.41,DGS10
2023-04-11,3.43,DGS10
2023-04-12,3.41,DGS10
2023-04-13,3.45,DGS10
2023-04-14,3.52,DGS10
2023-04-17,3.6,DGS10
2023-04-18,3.58,DGS10
2023-04-19,3.6,DGS10
2023-04-20,3.54,DGS10
2023-04-21,3.57,DGS10
2023-04-24,3.52,DGS10
2023-04-25,3.4,DGS10
2023-04-26,3.43,DGS10
2023-04-27,3.53,DGS10
2023-04-28,3.44,DGS10
2023-05-01,3.59,DGS10
2023-05-02,3.44,DGS10
2023-05-03,3.38,DGS10
2023-05-04,3.37,DGS10
2023-05-05,3.44,DGS10
2023-05-08,3.52,DGS10
2023-05-09,3.53,DGS10
2023-05-10,3.43,DGS10
2023-05-11,3.39,DGS10
2023-05-12,3.46,DGS10
2023-05-15,3.5,DGS10
2023-05-16,3.54,DGS10
2023-05-17,3.57,DGS10
2023-05-18,3.65,DGS10
2023-05-19,3.7,DGS10
2023-05-22,3.72,DGS10
2023-05-23,3.7,DGS10
2023-05-24,3.73,DGS10
2023-05-25,3.83,DGS10
2023-05-26,3.8,DGS10
2023-05-29,,DGS10
2023-05-30,3.69,DGS10
2023-05-31,3.64,DGS10
2023-06-01,3.61,DGS10
2023-06-02,3.69,DGS10
2023-06-05,3.69,DGS10
2023-06-06,3.7,DGS10
2023-06-07,3.79,DGS10
2023-06-08,3.73,DGS10
2023-06-09,3.75,DGS10
2023-06-12,3.73,DGS10
2023-06-13,3.84,DGS10
2023-06-14,3.83,DGS10
2023-06-15,3.72,DGS10
2023-06-16,3.77,DGS10
2023-06-19,,DGS10
2023-06-20,3.74,DGS10
2023-06-21,3.72,DGS10
2023-06-22,3.8,DGS10
2023-06-23,3.74,DGS10
2023-06-26,3.72,DGS10
2023-06-27,3.77,DGS10
2023-06-28,3.71,DGS10
2023-06-29,3.85,DGS10
2023-06-30,3.81,DGS10
2023-07-03,3.86,DGS10
2023-07-04,,DGS10
2023-07-05,3.95,DGS10
2023-07-06,4.05,DGS10
2023-07-07,4.06,DGS10
2023-07-10,4.01,DGS10
2023-07-11,3.99,DGS10
2023-07-12,3.86,DGS10
2023-07-13,3.76,DGS10
2023-07-14,3.83,DGS10
2023-07-17,3.81,DGS10
2023-07-18,3.8,DGS10
2023-07-19,3.75,DGS10
2023-07-20,3.85,DGS10
2023-07-21,3.84,DGS10
2023-07-24,3.86,DGS10
2023-07-25,3.91,DGS10
2023-07-26,3.86,DGS10
2023-07-27,4.01,DGS10
2023-07-28,3.96,DGS10
2023-07-31,3.97,DGS10
2023-08-01,4.05,DGS10
2023-08-02,4.08,DGS10
2023-08-03,4.2,DGS10
2023-08-04,4.05,DGS10
2023-08-07,4.09,DGS10
2023-08-08,4.02,DGS10
2023-08-09,4.0,DGS10
2023-08-10,4.09,DGS10
2023-08-11,4.16,DGS10
2023-08-14,4.19,DGS10
2023-08-15,4.21,DGS10
2023-08-16,4.28,DGS10
2023-08-17,4.3,DGS10
2023-08-18,4.26,DGS10
2023-08-21,4.34,DGS10
2023-08-22,4.34,DGS10
2023-08-23,4.19,DGS10
2023-08-24,4.23,DGS10
2023-08-25,4.25,DGS10
2023-08-28,4.2,DGS10
2023-08-29,4.12,DGS10
2023-08-30,4.12,DGS10
2023-08-31,4.09,DGS10
2023-09-01,4.18,DGS10
2023-09-04,,DGS10
2023-09-05,4.27,DGS10
2023-09-06,4.3,DGS10
2023-09-07,4.27,DGS10
2023-09-08,4.26,DGS10
2023-09-11,4.29,DGS10
2023-09-12,4.27,DGS10
2023-09-13,4.25,DGS10
2023-09-14,4.29,DGS10
2023-09-15,4.33,DGS10
2023-09-18,4.32,DGS10
2023-09-19,4.37,DGS10
2023-09-20,4.35,DGS10
2023-09-21,4.49,DGS10
2023-09-22,4.44,DGS10
2023-09-25,4.55,DGS10
2023-09-26,4.56,DGS10
2023-09-27,4.61,DGS10
2023-09-28,4.59,DGS10
2023-09-29,4.59,DGS10
2023-10-02,4.69,DGS10
2023-10-03,4.81,DGS10
2023-10-04,4.73,DGS10
2023-10-05,4.72,DGS10
2023-10-06,4.78,DGS10
2023-10-09,,DGS10
2023-10-10,4.66,DGS10
2023-10-11,4.58,DGS10
2023-10-12,4.7,DGS10
2023-10-13,4.63,DGS10
2023-10-16,4.71,DGS10
2023-10-17,4.83,DGS10
2023-10-18,4.91,DGS10
2023-10-19,4.98,DGS10
2023-10-20,4.93,DGS10
2023-10-23,4.86,DGS10
2023-10-24,4.83,DGS10
2023-10-25,4.95,DGS10
2023-10-26,4.86,DGS10
2023-10-27,4.84,DGS10
2023-10-30,4.88,DGS10
2023-10-31,4.88,DGS10
2023-11-01,4.77,DGS10
2023-11-02,4.67,DGS10
2023-11-03,4.57,DGS10
2023-11-06,4.67,DGS10
2023-11-07,4.58,DGS10
2023-11-08,4.49,DGS10
2023-11-09,4.62,DGS10
2023-11-10,4.61,DGS10
2023-11-13,4.63,DGS10
2023-11-14,4.44,DGS10
2023-11-15,4.53,DGS10
2023-11-16,4.45,DGS10
2023-11-17,4.44,DGS10
2023-11-20,4.42,DGS10
2023-11-21,4.41,DGS10
2023-11-22,4.42,DGS10
2023-11-23,,DGS10
2023-11-24,4.47,DGS10
2023-11-27,4.39,DGS10
2023-11-28,4.34,DGS10
2023-11-29,4.27,DGS10
2023-11-30,4.37,DGS10
2023-12-01,4.22,DGS10
2023-12-04,4.28,DGS10
2023-12-05,4.18,DGS10
2023-12-06,4.12,DGS10
2023-12-07,4.14,DGS10
2023-12-08,4.23,DGS10
2023-12-11,4.23,DGS10
2023-12-12,4.2,DGS10
2023-12-13,4.04,DGS10
2023-12-14,3.92,DGS10
2023-12-15,3.91,DGS10
2023-12-18,3.95,DGS10
2023-12-19,3.93,DGS10
2023-12-20,3.86,DGS10
2023-12-21,3.89,DGS10
2023-12-22,3.9,DGS10
2023-12-25,,DGS10
2023-12-26,3.89,DGS10
2023-12-27,3.79,DGS10
2023-12-28,3.84,DGS10
2023-12-29,3.88,DGS10
2024-01-01,,DGS10
2024-01-02,3.95,DGS10
2024-01-03,3.91,DGS10
2024-01-04,3.99,DGS10
2024-01-05,4.05,DGS10
2024-01-08,4.01,DGS10
2024-01-09,4.02,DGS10
2024-01-10,4.04,DGS10
2024-01-11,3.98,DGS10
2024-01-12,3.96,DGS10
2024-01-15,,DGS10
2024-01-16,4.07,DGS10
2024-01-17,4.1,DGS10
2024-01-18,4.14,DGS10
2024-01-19,4.15,DGS10
2024-01-22,4.11,DGS10
2024-01-23,4.14,DGS10
2024-01-24,4.18,DGS10
2024-01-25,4.14,DGS10
2024-01-26,4.15,DGS10
2024-01-29,4.08,DGS10
2024-01-30,4.06,DGS10
2024-01-31,3.99,DGS10
2024-02-01,3.87,DGS10
2024-02-02,4.03,DGS10
2024-02-05,4.17,DGS10
2024-02-06,4.09,DGS10
2024-02-07,4.09,DGS10
2024-02-08,4.15,DGS10
2024-02-09,4.17,DGS10
2024-02-12,4.17,DGS10
2024-02-13,4.31,DGS10
2024-02-14,4.27,DGS10
2024-02-15,4.24,DGS10
2024-02-16,4.3,DGS10
2024-02-19,,DGS10
2024-02-20,4.27,DGS10
2024-02-21,4.32,DGS10
2024-02-22,4.33,DGS10
2024-02-23,4.26,DGS10
2024-02-26,4.28,DGS10
2024-02-27,4.31,DGS10
2024-02-28,4.27,DGS10
2024-02-29,4.25,DGS10
2024-03-01,4.19,DGS10
2024-03-04,4.22,DGS10
2024-03-05,4.13,DGS10
2024-03-06,4.11,DGS10
2024-03-07,4.09,DGS10
2024-03-08,4.09,DGS10
2024-03-11,4.1,DGS10
2024-03-12,4.16,DGS10
2024-03-13,4.19,DGS10
2024-03-14,4.29,DGS10
2024-03-15,4.31,DGS10
2024-03-18,4.34,DGS10
2024-03-19,4.3,DGS10
2024-03-20,4.27,DGS10
2024-03-21,4.27,DGS10
2024-03-22,4.22,DGS10
2024-03-25,4.25,DGS10
2024-03-26,4.24,DGS10
2024-03-27,4.2,DGS10
2024-03-28,4.2,DGS10
2024-03-29,,DGS10
2024-04-01,4.33,DGS10
2024-04-02,4.36,DGS10
2024-04-03,4.36,DGS10
2024-04-04,4.31,DGS10
2024-04-05,4.39,DGS10
2024-04-08,4.42,DGS10
2024-04-09,4.36,DGS10
2024-04-10,4.55,DGS10
2024-04-11,4.56,DGS10
2024-04-12,4.5,DGS10
2024-04-15,4.63,DGS10
2024-04-16,4.67,DGS10
2024-04-17,4.59,DGS10
2024-04-18,4.64,DGS10
2024-04-19,4.62,DGS10
2024-04-22,4.62,DGS10
2024-04-23,4.61,DGS10
2024-04-24,4.65,DGS10
2024-04-25,4.7,DGS10
2024-04-26,4.67,DGS10
2024-04-29,4.63,DGS10
2024-04-30,4.69,DGS10
2024-05-01,4.63,DGS10
2024-05-02,4.58,DGS10
2024-05-03,4.5,DGS10
2024-05-06,4.49,DGS10
2024-05-07,4.47,DGS10
2024-05-08,4.48,DGS10
2024-05-09,4.45,DGS10
2024-05-10,4.5,DGS10
2024-05-13,4.48,DGS10
2024-05-14,4.45,DGS10
2024-05-15,4.36,DGS10
2024-05-16,4.38,DGS10
2024-05-17,4.42,DGS10
2024-05-20,4.44,DGS10
2024-05-21,4.41,DGS10
2024-05-22,4.43,DGS10
2024-05-23,4.47,DGS10
2024-05-24,4.46,DGS10
2024-05-27,,DGS10
2024-05-28,4.54,DGS10
2024-05-29,4.61,DGS10
2024-05-30,4.55,DGS10
2024-05-31,4.51,DGS10
2024-06-03,4.41,DGS10
2024-06-04,4.33,DGS10
2024-06-05,4.29,DGS10
2024-06-06,4.28,DGS10
2024-06-07,4.43,DGS10
2024-06-10,4.47,DGS10
2024-06-11,4.39,DGS10
2024-06-12,4.31,DGS10
2024-06-13,4.24,DGS10
2024-06-14,4.2,DGS10
2024-06-17,4.28,DGS10
2024-06-18,4.22,DGS10
2024-06-19,,DGS10
2024-06-20,4.25,DGS10
2024-06-21,4.25,DGS10
2024-06-24,4.25,DGS10
2024-06-25,4.23,DGS10
2024-06-26,4.32,DGS10
2024-06-27,4.29,DGS10
2024-06-28,4.36,DGS10
2024-07-01,4.48,DGS10
2024-07-02,4.43,DGS10
2024-07-03,4.36,DGS10
2024-07-04,,DGS10
2024-07-05,4.28,DGS10
2024-07-08,4.28,DGS10
2024-07-09,4.3,DGS10
2024-07-10,4.28,DGS10
2024-07-11,4.2,DGS10
2024-07-12,4.18,DGS10
2024-07-15,4.23,DGS10
2024-07-16,4.17,DGS10
2024-07-17,4.16,DGS10
2024-07-18,4.2,DGS10
2024-07-19,4.25,DGS10
2024-07-22,4.26,DGS10
2024-07-23,4.25,DGS10
2024-07-24,4.28,DGS10
2024-07-25,4.27,DGS10
2024-07-26,4.2,DGS10
2024-07-29,4.17,DGS10
2024-07-30,4.15,DGS10
2024-07-31,4.09,DGS10
2024-08-01,3.99,DGS10
2024-08-02,3.8,DGS10
2024-08-05,3.78,DGS10
2024-08-06,3.9,DGS10
2024-08-07,3.96,DGS10
2024-08-08,3.99,DGS10
2024-08-09,3.94,DGS10
2024-08-12,3.9,DGS10
2024-08-13,3.85,DGS10
2024-08-14,3.83,DGS10
2024-08-15,3.92,DGS10
2024-08-16,3.89,DGS10
2024-08-19,3.86,DGS10
2024-08-20,3.82,DGS10
2024-08-21,3.79,DGS10
2024-08-22,3.86,DGS10
2024-08-23,3.81,DGS10
2024-08-26,3.82,DGS10
2024-08-27,3.83,DGS10
2024-08-28,3.84,DGS10
2024-08-29,3.87,DGS10
2024-08-30,3.91,DGS10
2024-09-02,,DGS10
2024-09-03,3.84,DGS10
2024-09-04,3.77,DGS10
2024-09-05,3.73,DGS10
2024-09-06,3.72,DGS10
2024-09-09,3.7,DGS10
2024-09-10,3.65,DGS10
2024-09-11,3.65,DGS10
2024-09-12,3.68,DGS10
2024-09-13,3.66,DGS10
2024-09-16,3.63,DGS10
2024-09-17,3.65,DGS10
2024-09-18,3.7,DGS10
2024-09-19,3.73,DGS10
2024-09-20,3.73,DGS10
2024-09-23,3.75,DGS10
2024-09-24,3.74,DGS10
2024-09-25,3.79,DGS10
2024-09-26,3.79,DGS10
2024-09-27,3.75,DGS10
2024-09-30,3.81,DGS10
2024-10-01,3.74,DGS10
2024-10-02,3.79,DGS10
2024-10-03,3.85,DGS10
2024-10-04,3.98,DGS10
2024-10-07,4.03,DGS10
2024-10-08,4.04,DGS10
2024-10-09,4.06,DGS10
2024-10-10,4.09,DGS10
2024-10-11,4.08,DGS10
2024-10-14,,DGS10
2024-10-15,4.03,DGS10
2024-10-16,4.02,DGS10
2024-10-17,4.09,DGS10
2024-10-18,4.08,DGS10
2024-10-21,4.19,DGS10
2024-10-22,4.2,DGS10
2024-10-23,4.24,DGS10
2024-10-24,4.21,DGS10
2024-10-25,4.25,DGS10
2024-10-28,4.28,DGS10
2024-10-29,4.28,DGS10
2024-10-30,4.29,DGS10
2024-10-31,4.28,DGS10
2024-11-01,4.37,DGS10
2024-11-04,4.31,DGS10
2024-11-05,4.26,DGS10
2024-11-06,4.42,DGS10
2024-11-07,4.31,DGS10
2024-11-08,4.3,DGS10
2024-11-11,,DGS10
2024-11-12,4.43,DGS10
2024-11-13,4.44,DGS10
2024-11-14,4.43,DGS10
2024-11-15,4.43,DGS10
2024-11-18,4.42,DGS10
2024-11-19,4.39,DGS10
2024-11-20,4.41,DGS10
2024-11-21,4.43,DGS10
2024-11-22,4.41,DGS10
2024-11-25,4.27,DGS10
2024-11-26,4.3,DGS10
2024-11-27,4.25,DGS10
2024-11-28,,DGS10
2024-11-29,4.18,DGS10
2024-12-02,4.19,DGS10
2024-12-03,4.23,DGS10
2024-12-04,4.19,DGS10
2024-12-05,4.17,DGS10
2024-12-06,4.15,DGS10
2024-12-09,4.2,DGS10
2024-12-10,4.22,DGS10
2024-12-11,4.26,DGS10
2024-12-12,4.32,DGS10
2024-12-13,4.4,DGS10
2024-12-16,4.39,DGS10
2024-12-17,4.4,DGS10
2024-12-18,4.5,DGS10
2024-12-19,4.57,DGS10
2024-12-20,4.52,DGS10
2024-12-23,4.59,DGS10
2024-12-24,4.59,DGS10
2024-12-25,,DGS10
2024-12-26,4.58,DGS10
2024-12-27,4.62,DGS10
2024-12-30,4.55,DGS10
2024-12-31,4.58,DGS10
2025-01-01,,DGS10
2025-01-02,4.57,DGS10
2025-01-03,4.6,DGS10
2025-01-06,4.62,DGS10
2025-01-07,4.67,DGS10
2025-01-08,4.67,DGS10
2025-01-09,4.68,DGS10
2025-01-10,4.77,DGS10
2025-01-13,4.79,DGS10
2025-01-14,4.78,DGS10
2025-01-15,4.66,DGS10
2025-01-16,4.61,DGS10
2025-01-17,4.61,DGS10
2025-01-20,,DGS10
2025-01-21,4.57,DGS10
2025-01-22,4.6,DGS10
2025-01-23,4.65,DGS10
2025-01-24,4.63,DGS10
2025-01-27,4.53,DGS10
2025-01-28,4.55,DGS10
2025-01-29,4.55,DGS10
2025-01-30,4.52,DGS10
2025-01-31,4.58,DGS10
2025-02-03,4.54,DGS10
2025-02-04,4.52,DGS10
2025-02-05,4.43,DGS10
2025-02-06,4.45,DGS10
2025-02-07,4.49,DGS10
2025-02-10,4.51,DGS10
2025-02-11,4.54,DGS10
2025-02-12,4.62,DGS10
2025-02-13,4.52,DGS10
2025-02-14,4.47,DGS10
2025-02-17,,DGS10
2025-02-18,4.55,DGS10
2025-02-19,4.53,DGS10
2025-02-20,4.5,DGS10
2025-02-21,4.42,DGS10
2025-02-24,4.4,DGS10
2025-02-25,4.3,DGS10
2025-02-26,4.25,DGS10
2025-02-27,4.29,DGS10
2025-02-28,4.24,DGS10
2025-03-03,4.16,DGS10
2025-03-04,4.22,DGS10
2025-03-05,4.28,DGS10
2025-03-06,4.29,DGS10
2025-03-07,4.32,DGS10
2025-03-10,4.22,DGS10
2025-03-11,4.28,DGS10
2025-03-12,4.32,DGS10
2025-03-13,4.27,DGS10
2025-03-14,4.31,DGS10
2025-03-17,4.31,DGS10
2025-03-18,4.29,DGS10
2025-03-19,4.25,DGS10
2025-03-20,4.24,DGS10
2025-03-21,4.25,DGS10
2025-03-24,4.34,DGS10
2025-03-25,4.31,DGS10
2025-03-26,4.35,DGS10
2025-03-27,4.38,DGS10
2025-03-28,4.27,DGS10
2025-03-31,4.23,DGS10
2025-04-01,4.17,DGS10
2025-04-02,4.2,DGS10
2025-04-03,4.06,DGS10
2025-04-04,4.01,DGS10
2025-04-07,4.15,DGS10
2025-04-08,4.26,DGS10
2025-04-09,4.34,DGS10
2025-04-10,4.4,DGS10
2025-04-11,4.48,DGS10
2025-04-14,4.38,DGS10
2025-04-15,4.35,DGS10
2025-04-16,4.29,DGS10
2025-04-17,4.34,DGS10
2025-04-18,,DGS10
2025-04-21,4.42,DGS10
2025-04-22,4.41,DGS10
2025-04-23,4.4,DGS10
2025-04-24,4.32,DGS10
2025-04-25,4.29,DGS10
2025-04-28,4.23,DGS10
2025-04-29,4.19,DGS10
2025-04-30,4.17,DGS10
2025-05-01,4.25,DGS10
2025-05-02,4.33,DGS10
2025-05-05,4.36,DGS10
2025-05-06,4.3,DGS10
2025-05-07,4.26,DGS10
2025-05-08,4.37,DGS10
2025-05-09,4.37,DGS10
2025-05-12,4.45,DGS10
2025-05-13,4.49,DGS10
2025-05-14,4.53,DGS10
2025-05-15,4.45,DGS10
2025-05-16,4.43,DGS10
2025-05-19,4.46,DGS10
2025-05-20,4.48,DGS10
2025-05-21,4.58,DGS10
2025-05-22,4.54,DGS10
2025-05-23,4.51,DGS10
2025-05-26,,DGS10
2025-05-27,4.43,DGS10
2025-05-28,4.47,DGS10
2025-05-29,4.43,DGS10
2025-05-30,4.41,DGS10
2025-06-02,4.46,DGS10
2025-06-03,4.46,DGS10
2025-06-04,4.37,DGS10
2025-06-05,4.4,DGS10
2025-06-06,4.51,DGS10
2025-06-09,4.49,DGS10
2025-06-10,4.47,DGS10
2025-06-11,4.41,DGS10
2025-06-12,4.36,DGS10
2025-06-13,4.41,DGS10
2025-06-16,4.46,DGS10
2025-06-17,4.39,DGS10
2025-06-18,4.38,DGS10
2025-06-19,,DGS10
2025-06-20,4.38,DGS10
2025-06-23,4.34,DGS10
2025-06-24,4.3,DGS10
2025-06-25,4.29,DGS10
2025-06-26,4.26,DGS10
2025-06-27,4.29,DGS10
2025-06-30,4.24,DGS10
2025-07-01,4.26,DGS10
2025-07-02,4.3,DGS10
2025-07-03,4.35,DGS10
2025-07-04,,DGS10
2025-07-07,4.4,DGS10
2025-07-08,4.42,DGS10
2025-07-09,4.34,DGS10
2025-07-10,4.35,DGS10
2025-07-11,4.43,DGS10
2025-07-14,4.43,DGS10
2025-07-15,4.5,DGS10
2025-07-16,4.46,DGS10
2025-07-17,4.47,DGS10
2025-07-18,4.44,DGS10
2025-07-21,4.38,DGS10
2025-07-22,4.35,DGS10
2025-07-23,4.4,DGS10
2025-07-24,4.43,DGS10
2025-07-25,4.4,DGS10
2025-07-28,4.42,DGS10
2025-07-29,4.34,DGS10
2025-07-30,4.38,DGS10
2025-07-31,4.37,DGS10
2025-08-01,4.23,DGS10
2025-08-04,4.22,DGS10
2025-08-05,4.22,DGS10
2025-08-06,4.22,DGS10
2025-08-07,4.23,DGS10
2025-08-08,4.27,DGS10
2025-08-11,4.27,DGS10
2025-08-12,4.29,DGS10
2025-08-13,4.24,DGS10
2025-08-14,4.29,DGS10
2025-08-15,4.33,DGS10
2025-08-18,4.34,DGS10
2025-08-19,4.3,DGS10
2025-08-20,4.29,DGS10
2025-08-21,4.33,DGS10
2025-08-22,4.26,DGS10
2025-08-25,4.28,DGS10
2025-08-26,4.26,DGS10
2025-08-27,4.24,DGS10
2025-08-28,4.22,DGS10
2025-08-29,4.23,DGS10
2025-09-01,,DGS10
2025-09-02,4.28,DGS10
2025-09-03,4.22,DGS10
2025-09-04,4.17,DGS10
2025-09-05,4.1,DGS10
2025-09-08,4.05,DGS10
2025-09-09,4.08,DGS10
2025-09-10,4.04,DGS10
2025-09-11,4.01,DGS10
2025-09-12,4.06,DGS10
2025-09-15,4.05,DGS10
2025-09-16,4.04,DGS10
2025-09-17,4.06,DGS10
2025-09-18,4.11,DGS10
2025-09-19,4.14,DGS10
2025-09-22,4.15,DGS10
2025-09-23,4.12,DGS10
2025-09-24,4.16,DGS10
2025-09-25,4.18,DGS10
2025-09-26,4.2,DGS10
2025-09-29,4.15,DGS10
2025-09-30,4.16,DGS10
2025-10-01,4.12,DGS10
2025-10-02,4.1,DGS10
2025-10-03,4.13,DGS10
2025-10-06,4.18,DGS10
2025-10-07,4.14,DGS10
2025-10-08,4.13,DGS10
2025-10-09,4.14,DGS10
2025-10-10,4.05,DGS10
2025-10-13,,DGS10
2025-10-14,4.03,DGS10
2025-10-15,4.05,DGS10
2025-10-16,3.99,DGS10
2025-10-17,4.02,DGS10
2025-10-20,4.0,DGS10
2025-10-21,3.98,DGS10
2025-10-22,3.97,DGS10
2025-10-23,4.01,DGS10
2025-10-24,4.02,DGS10
2025-10-27,4.01,DGS10
2025-10-28,3.99,DGS10
2025-10-29,4.08,DGS10
2025-10-30,4.11,DGS10
2025-10-31,4.11,DGS10
2025-11-03,4.13,DGS10
2025-11-04,4.1,DGS10
2025-11-05,4.17,DGS10
2025-11-06,4.11,DGS10
2025-11-07,4.11,DGS10
2025-11-10,4.13,DGS10
2025-11-11,,DGS10
2025-11-12,4.08,DGS10
2025-11-13,4.11,DGS10
2025-11-14,4.14,DGS10
2025-11-17,4.13,DGS10
2025-11-18,4.12,DGS10
2025-11-19,4.13,DGS10
2025-11-20,4.1,DGS10
2025-11-21,4.06,DGS10
2025-11-24,4.04,DGS10
2025-11-25,4.01,DGS10
2025-11-26,4.0,DGS10
2025-11-27,,DGS10
2025-11-28,4.02,DGS10
2025-12-01,4.09,DGS10
2025-12-02,4.09,DGS10
2025-12-03,4.06,DGS10
2025-12-04,4.11,DGS10
2025-12-05,4.14,DGS10
2025-12-08,4.17,DGS10
2025-12-09,4.18,DGS10
2025-12-10,4.13,DGS10
2025-12-11,4.14,DGS10
2025-12-12,4.19,DGS10
2025-12-15,4.18,DGS10
2025-12-16,4.15,DGS10
2025-12-17,4.16,DGS10
2025-12-18,4.12,DGS10
2025-12-19,4.16,DGS10
2025-12-22,4.17,DGS10
2025-12-23,4.18,DGS10
2025-12-24,4.15,DGS10
2025-12-25,,DGS10
2025-12-26,4.14,DGS10
2025-12-29,4.12,DGS10
2025-12-30,4.14,DGS10
2025-12-31,4.18,DGS10
2026-01-01,,DGS10
2026-01-02,4.19,DGS10
2026-01-05,4.17,DGS10
2026-01-06,4.18,DGS10
2026-01-07,4.15,DGS10
2026-01-08,4.19,DGS10
2026-01-09,4.18,DGS10
2026-01-12,4.19,DGS10
2026-01-13,4.18,DGS10
2026-01-14,4.15,DGS10
2026-01-15,4.17,DGS10
2026-01-16,4.24,DGS10
2026-01-19,,DGS10
2026-01-20,4.3,DGS10
2026-01-21,4.26,DGS10
2026-01-22,4.26,DGS10
2026-01-23,4.24,DGS10
2026-01-26,4.22,DGS10
2026-01-27,4.24,DGS10
2026-01-28,4.26,DGS10
2026-01-29,4.24,DGS10
2026-01-30,4.26,DGS10
2026-02-02,4.29,DGS10
2026-02-03,4.28,DGS10
2026-02-04,4.29,DGS10
2026-02-05,4.21,DGS10
2026-02-06,4.22,DGS10
2026-02-09,4.22,DGS10
2026-02-10,4.16,DGS10
2026-02-11,4.18,DGS10
2026-02-12,4.09,DGS10
2026-02-13,4.04,DGS10
2026-02-16,,DGS10
2026-02-17,4.05,DGS10
2026-02-18,4.09,DGS10
2026-02-19,4.08,DGS10
2026-02-20,4.08,DGS10
2026-02-23,4.03,DGS10
2026-02-24,4.04,DGS10
2026-02-25,4.05,DGS10
2026-02-26,4.02,DGS10
2026-02-27,3.97,DGS10
2026-03-02,4.05,DGS10
2026-03-03,4.06,DGS10
2026-03-04,4.09,DGS10
2026-03-05,4.13,DGS10
2026-03-06,4.15,DGS10
2026-03-09,4.12,DGS10
2026-03-10,4.15,DGS10
2026-03-11,4.21,DGS10
2026-03-12,4.27,DGS10
2026-03-13,4.28,DGS10
2026-03-16,4.23,DGS10
2026-03-17,4.2,DGS10
2026-03-18,4.26,DGS10
2026-03-19,4.25,DGS10
2026-03-20,4.39,DGS10
2026-03-23,4.34,DGS10
2026-03-24,4.39,DGS10
2026-03-25,4.33,DGS10
2026-03-26,4.42,DGS10
2026-03-27,4.44,DGS10
2026-03-30,4.35,DGS10
2026-03-31,4.3,DGS10
2026-04-01,4.33,DGS10
2026-04-02,4.31,DGS10
2026-04-03,4.35,DGS10
2026-04-06,4.34,DGS10
2026-04-07,4.33,DGS10
2026-04-08,4.29,DGS10
2026-04-09,4.29,DGS10
2026-04-10,4.31,DGS10
2026-04-13,4.3,DGS10
2026-04-14,4.26,DGS10
2026-04-15,4.29,DGS10
2026-04-16,4.32,DGS10
2026-04-17,4.26,DGS10
2026-04-20,4.26,DGS10
2026-04-21,4.3,DGS10
2026-04-22,4.3,DGS10
2026-04-23,4.34,DGS10
2026-04-24,4.31,DGS10
2026-04-27,4.35,DGS10
2026-04-28,4.36,DGS10
2026-04-29,4.42,DGS10
2026-04-30,4.4,DGS10
2026-05-01,4.39,DGS10
2026-05-04,4.45,DGS10
2026-05-05,4.43,DGS10
2026-05-06,4.36,DGS10
2026-05-07,4.41,DGS10
2026-05-08,4.38,DGS10
2026-05-11,4.42,DGS10
2026-05-12,4.46,DGS10
2026-05-13,4.46,DGS10
2026-05-14,4.47,DGS10
2026-05-15,4.59,DGS10
2026-05-18,4.61,DGS10
2026-05-19,4.67,DGS10
2026-05-20,4.57,DGS10
2026-05-21,4.57,DGS10
2026-05-22,4.56,DGS10
2026-05-25,,DGS10
2026-05-26,4.5,DGS10
2026-05-27,4.48,DGS10
2026-05-28,4.45,DGS10
2026-05-29,4.45,DGS10
2026-06-01,4.47,DGS10
2026-06-02,4.46,DGS10
2026-06-03,4.49,DGS10
2026-06-04,4.47,DGS10
2026-06-05,4.55,DGS10
2026-06-08,4.56,DGS10
2026-06-09,4.53,DGS10
1959-01-01,286.6,M2SL
1959-02-01,287.7,M2SL
1959-03-01,289.2,M2SL
1959-04-01,290.1,M2SL
1959-05-01,292.2,M2SL
1959-06-01,294.1,M2SL
1959-07-01,295.2,M2SL
1959-08-01,296.4,M2SL
1959-09-01,296.7,M2SL
1959-10-01,296.5,M2SL
1959-11-01,297.1,M2SL
1959-12-01,297.8,M2SL
1960-01-01,298.2,M2SL
1960-02-01,298.4,M2SL
1960-03-01,299.3,M2SL
1960-04-01,300.1,M2SL
1960-05-01,300.9,M2SL
1960-06-01,302.3,M2SL
1960-07-01,304.1,M2SL
1960-08-01,306.9,M2SL
1960-09-01,308.4,M2SL
1960-10-01,309.5,M2SL
1960-11-01,310.9,M2SL
1960-12-01,312.4,M2SL
1961-01-01,314.1,M2SL
1961-02-01,316.5,M2SL
1961-03-01,318.3,M2SL
1961-04-01,319.9,M2SL
1961-05-01,322.2,M2SL
1961-06-01,324.3,M2SL
1961-07-01,325.6,M2SL
1961-08-01,327.6,M2SL
1961-09-01,329.5,M2SL
1961-10-01,331.1,M2SL
1961-11-01,333.4,M2SL
1961-12-01,335.5,M2SL
1962-01-01,337.5,M2SL
1962-02-01,340.1,M2SL
1962-03-01,343.1,M2SL
1962-04-01,345.5,M2SL
1962-05-01,347.5,M2SL
1962-06-01,349.3,M2SL
1962-07-01,350.8,M2SL
1962-08-01,352.8,M2SL
1962-09-01,354.9,M2SL
1962-10-01,357.2,M2SL
1962-11-01,359.8,M2SL
1962-12-01,362.7,M2SL
1963-01-01,365.2,M2SL
1963-02-01,367.9,M2SL
1963-03-01,370.7,M2SL
1963-04-01,373.3,M2SL
1963-05-01,376.1,M2SL
1963-06-01,378.4,M2SL
1963-07-01,381.1,M2SL
1963-08-01,383.6,M2SL
1963-09-01,386.0,M2SL
1963-10-01,388.3,M2SL
1963-11-01,391.5,M2SL
1963-12-01,393.2,M2SL
1964-01-01,395.2,M2SL
1964-02-01,397.6,M2SL
1964-03-01,399.8,M2SL
1964-04-01,401.7,M2SL
1964-05-01,404.2,M2SL
1964-06-01,407.1,M2SL
1964-07-01,410.1,M2SL
1964-08-01,413.4,M2SL
1964-09-01,416.9,M2SL
1964-10-01,419.1,M2SL
1964-11-01,422.0,M2SL
1964-12-01,424.7,M2SL
1965-01-01,427.5,M2SL
1965-02-01,430.4,M2SL
1965-03-01,433.2,M2SL
1965-04-01,435.4,M2SL
1965-05-01,437.1,M2SL
1965-06-01,440.1,M2SL
1965-07-01,442.9,M2SL
1965-08-01,445.8,M2SL
1965-09-01,449.5,M2SL
1965-10-01,452.6,M2SL
1965-11-01,455.7,M2SL
1965-12-01,459.2,M2SL
1966-01-01,462.0,M2SL
1966-02-01,464.6,M2SL
1966-03-01,467.2,M2SL
1966-04-01,469.3,M2SL
1966-05-01,470.1,M2SL
1966-06-01,471.2,M2SL
1966-07-01,470.9,M2SL
1966-08-01,472.6,M2SL
1966-09-01,475.4,M2SL
1966-10-01,475.7,M2SL
1966-11-01,477.3,M2SL
1966-12-01,480.2,M2SL
1967-01-01,481.6,M2SL
1967-02-01,485.1,M2SL
1967-03-01,489.7,M2SL
1967-04-01,492.1,M2SL
1967-05-01,497.2,M2SL
1967-06-01,502.0,M2SL
1967-07-01,506.3,M2SL
1967-08-01,510.8,M2SL
1967-09-01,514.7,M2SL
1967-10-01,518.2,M2SL
1967-11-01,521.2,M2SL
1967-12-01,524.8,M2SL
1968-01-01,527.4,M2SL
1968-02-01,530.4,M2SL
1968-03-01,533.2,M2SL
1968-04-01,535.7,M2SL
1968-05-01,538.9,M2SL
1968-06-01,542.6,M2SL
1968-07-01,545.6,M2SL
1968-08-01,549.4,M2SL
1968-09-01,553.6,M2SL
1968-10-01,557.6,M2SL
1968-11-01,562.4,M2SL
1968-12-01,566.8,M2SL
1969-01-01,569.3,M2SL
1969-02-01,571.9,M2SL
1969-03-01,574.4,M2SL
1969-04-01,575.7,M2SL
1969-05-01,576.5,M2SL
1969-06-01,578.5,M2SL
1969-07-01,579.5,M2SL
1969-08-01,580.1,M2SL
1969-09-01,582.1,M2SL
1969-10-01,583.4,M2SL
1969-11-01,585.4,M2SL
1969-12-01,587.9,M2SL
1970-01-01,589.6,M2SL
1970-02-01,586.3,M2SL
1970-03-01,587.3,M2SL
1970-04-01,588.4,M2SL
1970-05-01,591.5,M2SL
1970-06-01,595.2,M2SL
1970-07-01,599.1,M2SL
1970-08-01,604.9,M2SL
1970-09-01,611.2,M2SL
1970-10-01,616.4,M2SL
1970-11-01,621.1,M2SL
1970-12-01,626.5,M2SL
1971-01-01,632.9,M2SL
1971-02-01,641.0,M2SL
1971-03-01,649.9,M2SL
1971-04-01,658.4,M2SL
1971-05-01,666.7,M2SL
1971-06-01,673.0,M2SL
1971-07-01,679.6,M2SL
1971-08-01,685.5,M2SL
1971-09-01,692.5,M2SL
1971-10-01,698.4,M2SL
1971-11-01,704.6,M2SL
1971-12-01,710.3,M2SL
1972-01-01,717.7,M2SL
1972-02-01,725.7,M2SL
1972-03-01,733.5,M2SL
1972-04-01,738.4,M2SL
1972-05-01,743.3,M2SL
1972-06-01,749.7,M2SL
1972-07-01,759.5,M2SL
1972-08-01,768.7,M2SL
1972-09-01,778.3,M2SL
1972-10-01,786.9,M2SL
1972-11-01,793.9,M2SL
1972-12-01,802.3,M2SL
1973-01-01,810.3,M2SL
1973-02-01,814.1,M2SL
1973-03-01,815.3,M2SL
1973-04-01,819.7,M2SL
1973-05-01,826.8,M2SL
1973-06-01,833.3,M2SL
1973-07-01,836.5,M2SL
1973-08-01,838.8,M2SL
1973-09-01,839.3,M2SL
1973-10-01,842.6,M2SL
1973-11-01,848.9,M2SL
1973-12-01,855.5,M2SL
1974-01-01,859.7,M2SL
1974-02-01,864.2,M2SL
1974-03-01,870.1,M2SL
1974-04-01,872.9,M2SL
1974-05-01,874.6,M2SL
1974-06-01,877.8,M2SL
1974-07-01,881.4,M2SL
1974-08-01,884.1,M2SL
1974-09-01,887.9,M2SL
1974-10-01,893.3,M2SL
1974-11-01,898.6,M2SL
1974-12-01,902.1,M2SL
1975-01-01,906.3,M2SL
1975-02-01,914.1,M2SL
1975-03-01,925.0,M2SL
1975-04-01,935.1,M2SL
1975-05-01,947.9,M2SL
1975-06-01,963.0,M2SL
1975-07-01,975.1,M2SL
1975-08-01,983.1,M2SL
1975-09-01,991.5,M2SL
1975-10-01,997.8,M2SL
1975-11-01,1006.9,M2SL
1975-12-01,1016.2,M2SL
1976-01-01,1026.6,M2SL
1976-02-01,1040.3,M2SL
1976-03-01,1050.0,M2SL
1976-04-01,1060.8,M2SL
1976-05-01,1072.1,M2SL
1976-06-01,1077.6,M2SL
1976-07-01,1086.3,M2SL
1976-08-01,1098.7,M2SL
1976-09-01,1110.8,M2SL
1976-10-01,1125.0,M2SL
1976-11-01,1138.2,M2SL
1976-12-01,1152.0,M2SL
1977-01-01,1165.2,M2SL
1977-02-01,1177.6,M2SL
1977-03-01,1188.5,M2SL
1977-04-01,1199.6,M2SL
1977-05-01,1209.0,M2SL
1977-06-01,1217.8,M2SL
1977-07-01,1226.7,M2SL
1977-08-01,1237.0,M2SL
1977-09-01,1246.2,M2SL
1977-10-01,1254.0,M2SL
1977-11-01,1262.4,M2SL
1977-12-01,1270.3,M2SL
1978-01-01,1279.7,M2SL
1978-02-01,1285.5,M2SL
1978-03-01,1292.2,M2SL
1978-04-01,1300.4,M2SL
1978-05-01,1310.5,M2SL
1978-06-01,1318.5,M2SL
1978-07-01,1324.1,M2SL
1978-08-01,1333.5,M2SL
1978-09-01,1345.0,M2SL
1978-10-01,1352.3,M2SL
1978-11-01,1359.1,M2SL
1978-12-01,1366.0,M2SL
1979-01-01,1371.6,M2SL
1979-02-01,1377.8,M2SL
1979-03-01,1387.8,M2SL
1979-04-01,1402.1,M2SL
1979-05-01,1410.2,M2SL
1979-06-01,1423.0,M2SL
1979-07-01,1434.8,M2SL
1979-08-01,1446.6,M2SL
1979-09-01,1454.1,M2SL
1979-10-01,1460.4,M2SL
1979-11-01,1465.9,M2SL
1979-12-01,1473.7,M2SL
1980-01-01,1482.7,M2SL
1980-02-01,1494.6,M2SL
1980-03-01,1499.8,M2SL
1980-04-01,1502.2,M2SL
1980-05-01,1512.3,M2SL
1980-06-01,1529.2,M2SL
1980-07-01,1545.5,M2SL
1980-08-01,1561.5,M2SL
1980-09-01,1574.0,M2SL
1980-10-01,1584.8,M2SL
1980-11-01,1595.8,M2SL
1980-12-01,1599.8,M2SL
1981-01-01,1606.9,M2SL
1981-02-01,1618.7,M2SL
1981-03-01,1636.6,M2SL
1981-04-01,1659.2,M2SL
1981-05-01,1664.2,M2SL
1981-06-01,1670.3,M2SL
1981-07-01,1681.9,M2SL
1981-08-01,1694.3,M2SL
1981-09-01,1706.0,M2SL
1981-10-01,1721.8,M2SL
1981-11-01,1736.1,M2SL
1981-12-01,1755.5,M2SL
1982-01-01,1770.4,M2SL
1982-02-01,1774.5,M2SL
1982-03-01,1786.5,M2SL
1982-04-01,1803.9,M2SL
1982-05-01,1815.4,M2SL
1982-06-01,1826.0,M2SL
1982-07-01,1831.5,M2SL
1982-08-01,1845.2,M2SL
1982-09-01,1858.4,M2SL
1982-10-01,1869.7,M2SL
1982-11-01,1883.7,M2SL
1982-12-01,1905.9,M2SL
1983-01-01,1959.4,M2SL
1983-02-01,1996.8,M2SL
1983-03-01,2015.2,M2SL
1983-04-01,2028.6,M2SL
1983-05-01,2043.1,M2SL
1983-06-01,2053.5,M2SL
1983-07-01,2064.8,M2SL
1983-08-01,2074.0,M2SL
1983-09-01,2083.2,M2SL
1983-10-01,2099.2,M2SL
1983-11-01,2112.3,M2SL
1983-12-01,2123.5,M2SL
1984-01-01,2138.2,M2SL
1984-02-01,2158.2,M2SL
1984-03-01,2175.2,M2SL
1984-04-01,2191.7,M2SL
1984-05-01,2204.1,M2SL
1984-06-01,2215.1,M2SL
1984-07-01,2223.5,M2SL
1984-08-01,2230.4,M2SL
1984-09-01,2244.4,M2SL
1984-10-01,2258.9,M2SL
1984-11-01,2281.4,M2SL
1984-12-01,2306.4,M2SL
1985-01-01,2332.4,M2SL
1985-02-01,2354.1,M2SL
1985-03-01,2366.2,M2SL
1985-04-01,2375.4,M2SL
1985-05-01,2389.5,M2SL
1985-06-01,2412.6,M2SL
1985-07-01,2429.5,M2SL
1985-08-01,2444.0,M2SL
1985-09-01,2456.4,M2SL
1985-10-01,2468.0,M2SL
1985-11-01,2477.8,M2SL
1985-12-01,2492.1,M2SL
1986-01-01,2502.1,M2SL
1986-02-01,2512.9,M2SL
1986-03-01,2533.1,M2SL
1986-04-01,2557.8,M2SL
1986-05-01,2584.8,M2SL
1986-06-01,2605.0,M2SL
1986-07-01,2626.6,M2SL
1986-08-01,2646.5,M2SL
1986-09-01,2667.8,M2SL
1986-10-01,2687.4,M2SL
1986-11-01,2701.3,M2SL
1986-12-01,2728.0,M2SL
1987-01-01,2743.9,M2SL
1987-02-01,2747.5,M2SL
1987-03-01,2753.7,M2SL
1987-04-01,2767.7,M2SL
1987-05-01,2772.9,M2SL
1987-06-01,2774.6,M2SL
1987-07-01,2779.0,M2SL
1987-08-01,2788.2,M2SL
1987-09-01,2799.5,M2SL
1987-10-01,2814.8,M2SL
1987-11-01,2818.9,M2SL
1987-12-01,2826.4,M2SL
1988-01-01,2847.4,M2SL
1988-02-01,2870.4,M2SL
1988-03-01,2890.7,M2SL
1988-04-01,2910.7,M2SL
1988-05-01,2926.0,M2SL
1988-06-01,2938.4,M2SL
1988-07-01,2947.2,M2SL
1988-08-01,2952.0,M2SL
1988-09-01,2956.9,M2SL
1988-10-01,2965.3,M2SL
1988-11-01,2980.2,M2SL
1988-12-01,2988.2,M2SL
1989-01-01,2991.7,M2SL
1989-02-01,2992.2,M2SL
1989-03-01,2999.7,M2SL
1989-04-01,3006.0,M2SL
1989-05-01,3011.6,M2SL
1989-06-01,3027.9,M2SL
1989-07-01,3052.4,M2SL
1989-08-01,3074.4,M2SL
1989-09-01,3092.5,M2SL
1989-10-01,3114.1,M2SL
1989-11-01,3133.3,M2SL
1989-12-01,3152.5,M2SL
1990-01-01,3166.8,M2SL
1990-02-01,3179.2,M2SL
1990-03-01,3190.1,M2SL
1990-04-01,3201.6,M2SL
1990-05-01,3200.6,M2SL
1990-06-01,3213.7,M2SL
1990-07-01,3224.5,M2SL
1990-08-01,3242.0,M2SL
1990-09-01,3254.6,M2SL
1990-10-01,3259.3,M2SL
1990-11-01,3262.6,M2SL
1990-12-01,3271.8,M2SL
1991-01-01,3287.7,M2SL
1991-02-01,3304.5,M2SL
1991-03-01,3321.9,M2SL
1991-04-01,3332.4,M2SL
1991-05-01,3343.0,M2SL
1991-06-01,3351.9,M2SL
1991-07-01,3356.1,M2SL
1991-08-01,3355.0,M2SL
1991-09-01,3354.9,M2SL
1991-10-01,3360.1,M2SL
1991-11-01,3365.5,M2SL
1991-12-01,3372.2,M2SL
1992-01-01,3381.2,M2SL
1992-02-01,3400.0,M2SL
1992-03-01,3403.9,M2SL
1992-04-01,3399.7,M2SL
1992-05-01,3398.6,M2SL
1992-06-01,3393.4,M2SL
1992-07-01,3393.9,M2SL
1992-08-01,3398.8,M2SL
1992-09-01,3410.3,M2SL
1992-10-01,3423.8,M2SL
1992-11-01,3426.5,M2SL
1992-12-01,3424.7,M2SL
1993-01-01,3419.1,M2SL
1993-02-01,3414.5,M2SL
1993-03-01,3411.7,M2SL
1993-04-01,3411.3,M2SL
1993-05-01,3436.9,M2SL
1993-06-01,3442.4,M2SL
1993-07-01,3442.0,M2SL
1993-08-01,3445.7,M2SL
1993-09-01,3452.2,M2SL
1993-10-01,3456.7,M2SL
1993-11-01,3470.1,M2SL
1993-12-01,3474.5,M2SL
1994-01-01,3474.9,M2SL
1994-02-01,3475.7,M2SL
1994-03-01,3480.1,M2SL
1994-04-01,3481.3,M2SL
1994-05-01,3490.8,M2SL
1994-06-01,3479.5,M2SL
1994-07-01,3488.2,M2SL
1994-08-01,3485.7,M2SL
1994-09-01,3486.1,M2SL
1994-10-01,3484.3,M2SL
1994-11-01,3487.2,M2SL
1994-12-01,3486.4,M2SL
1995-01-01,3492.4,M2SL
1995-02-01,3489.9,M2SL
1995-03-01,3491.1,M2SL
1995-04-01,3499.2,M2SL
1995-05-01,3524.2,M2SL
1995-06-01,3548.9,M2SL
1995-07-01,3567.4,M2SL
1995-08-01,3589.0,M2SL
1995-09-01,3602.1,M2SL
1995-10-01,3613.4,M2SL
1995-11-01,3619.9,M2SL
1995-12-01,3629.5,M2SL
1996-01-01,3647.9,M2SL
1996-02-01,3661.8,M2SL
1996-03-01,3686.9,M2SL
1996-04-01,3697.7,M2SL
1996-05-01,3709.6,M2SL
1996-06-01,3722.5,M2SL
1996-07-01,3737.1,M2SL
1996-08-01,3744.0,M2SL
1996-09-01,3753.4,M2SL
1996-10-01,3772.8,M2SL
1996-11-01,3795.1,M2SL
1996-12-01,3818.6,M2SL
1997-01-01,3834.6,M2SL
1997-02-01,3846.3,M2SL
1997-03-01,3861.2,M2SL
1997-04-01,3877.0,M2SL
1997-05-01,3889.2,M2SL
1997-06-01,3906.0,M2SL
1997-07-01,3923.9,M2SL
1997-08-01,3957.4,M2SL
1997-09-01,3973.1,M2SL
1997-10-01,3992.3,M2SL
1997-11-01,4014.8,M2SL
1997-12-01,4032.9,M2SL
1998-01-01,4056.2,M2SL
1998-02-01,4088.9,M2SL
1998-03-01,4114.3,M2SL
1998-04-01,4140.2,M2SL
1998-05-01,4164.4,M2SL
1998-06-01,4184.1,M2SL
1998-07-01,4203.8,M2SL
1998-08-01,4228.7,M2SL
1998-09-01,4267.7,M2SL
1998-10-01,4307.9,M2SL
1998-11-01,4346.6,M2SL
1998-12-01,4375.6,M2SL
1999-01-01,4403.0,M2SL
1999-02-01,4425.8,M2SL
1999-03-01,4432.6,M2SL
1999-04-01,4461.4,M2SL
1999-05-01,4486.1,M2SL
1999-06-01,4508.0,M2SL
1999-07-01,4535.4,M2SL
1999-08-01,4552.7,M2SL
1999-09-01,4568.8,M2SL
1999-10-01,4592.7,M2SL
1999-11-01,4611.8,M2SL
1999-12-01,4639.3,M2SL
2000-01-01,4667.6,M2SL
2000-02-01,4680.9,M2SL
2000-03-01,4711.7,M2SL
2000-04-01,4767.8,M2SL
2000-05-01,4755.7,M2SL
2000-06-01,4773.6,M2SL
2000-07-01,4791.3,M2SL
2000-08-01,4819.5,M2SL
2000-09-01,4855.2,M2SL
2000-10-01,4871.3,M2SL
2000-11-01,4882.7,M2SL
2000-12-01,4927.6,M2SL
2001-01-01,4978.3,M2SL
2001-02-01,5017.0,M2SL
2001-03-01,5074.8,M2SL
2001-04-01,5139.1,M2SL
2001-05-01,5137.2,M2SL
2001-06-01,5180.1,M2SL
2001-07-01,5210.0,M2SL
2001-08-01,5243.8,M2SL
2001-09-01,5355.1,M2SL
2001-10-01,5343.8,M2SL
2001-11-01,5387.5,M2SL
2001-12-01,5440.5,M2SL
2002-01-01,5460.9,M2SL
2002-02-01,5490.2,M2SL
2002-03-01,5502.0,M2SL
2002-04-01,5502.1,M2SL
2002-05-01,5528.3,M2SL
2002-06-01,5553.3,M2SL
2002-07-01,5596.0,M2SL
2002-08-01,5638.3,M2SL
2002-09-01,5662.3,M2SL
2002-10-01,5707.1,M2SL
2002-11-01,5758.1,M2SL
2002-12-01,5779.4,M2SL
2003-01-01,5812.1,M2SL
2003-02-01,5848.2,M2SL
2003-03-01,5868.4,M2SL
2003-04-01,5905.5,M2SL
2003-05-01,5965.3,M2SL
2003-06-01,6002.2,M2SL
2003-07-01,6049.1,M2SL
2003-08-01,6107.1,M2SL
2003-09-01,6079.7,M2SL
2003-10-01,6070.0,M2SL
2003-11-01,6075.5,M2SL
2003-12-01,6073.8,M2SL
2004-01-01,6082.1,M2SL
2004-02-01,6121.8,M2SL
2004-03-01,6157.9,M2SL
2004-04-01,6198.9,M2SL
2004-05-01,6275.7,M2SL
2004-06-01,6277.9,M2SL
2004-07-01,6291.1,M2SL
2004-08-01,6317.8,M2SL
2004-09-01,6352.2,M2SL
2004-10-01,6379.8,M2SL
2004-11-01,6406.3,M2SL
2004-12-01,6424.5,M2SL
2005-01-01,6430.8,M2SL
2005-02-01,6438.9,M2SL
2005-03-01,6448.3,M2SL
2005-04-01,6461.8,M2SL
2005-05-01,6479.0,M2SL
2005-06-01,6511.7,M2SL
2005-07-01,6543.5,M2SL
2005-08-01,6576.3,M2SL
2005-09-01,6610.1,M2SL
2005-10-01,6643.9,M2SL
2005-11-01,6660.7,M2SL
2005-12-01,6687.8,M2SL
2006-01-01,6730.1,M2SL
2006-02-01,6754.7,M2SL
2006-03-01,6769.3,M2SL
2006-04-01,6806.9,M2SL
2006-05-01,6813.7,M2SL
2006-06-01,6851.8,M2SL
2006-07-01,6893.6,M2SL
2006-08-01,6925.1,M2SL
2006-09-01,6952.4,M2SL
2006-10-01,7001.7,M2SL
2006-11-01,7037.2,M2SL
2006-12-01,7080.1,M2SL
2007-01-01,7118.3,M2SL
2007-02-01,7134.3,M2SL
2007-03-01,7168.2,M2SL
2007-04-01,7240.7,M2SL
2007-05-01,7254.6,M2SL
2007-06-01,7287.8,M2SL
2007-07-01,7318.7,M2SL
2007-08-01,7394.8,M2SL
2007-09-01,7413.0,M2SL
2007-10-01,7428.1,M2SL
2007-11-01,7453.6,M2SL
2007-12-01,7483.9,M2SL
2008-01-01,7517.5,M2SL
2008-02-01,7604.0,M2SL
2008-03-01,7670.0,M2SL
2008-04-01,7712.5,M2SL
2008-05-01,7725.2,M2SL
2008-06-01,7743.9,M2SL
2008-07-01,7791.2,M2SL
2008-08-01,7805.8,M2SL
2008-09-01,7872.4,M2SL
2008-10-01,7974.9,M2SL
2008-11-01,8027.0,M2SL
2008-12-01,8204.7,M2SL
2009-01-01,8289.0,M2SL
2009-02-01,8319.3,M2SL
2009-03-01,8386.4,M2SL
2009-04-01,8391.1,M2SL
2009-05-01,8449.2,M2SL
2009-06-01,8459.3,M2SL
2009-07-01,8463.5,M2SL
2009-08-01,8463.0,M2SL
2009-09-01,8461.6,M2SL
2009-10-01,8487.9,M2SL
2009-11-01,8517.0,M2SL
2009-12-01,8512.2,M2SL
2010-01-01,8477.7,M2SL
2010-02-01,8527.3,M2SL
2010-03-01,8523.5,M2SL
2010-04-01,8554.8,M2SL
2010-05-01,8609.0,M2SL
2010-06-01,8628.1,M2SL
2010-07-01,8639.5,M2SL
2010-08-01,8687.9,M2SL
2010-09-01,8718.7,M2SL
2010-10-01,8768.4,M2SL
2010-11-01,8789.0,M2SL
2010-12-01,8823.2,M2SL
2011-01-01,8849.0,M2SL
2011-02-01,8913.3,M2SL
2011-03-01,8971.5,M2SL
2011-04-01,9035.1,M2SL
2011-05-01,9107.8,M2SL
2011-06-01,9182.1,M2SL
2011-07-01,9344.2,M2SL
2011-08-01,9531.0,M2SL
2011-09-01,9551.5,M2SL
2011-10-01,9584.4,M2SL
2011-11-01,9636.5,M2SL
2011-12-01,9683.9,M2SL
2012-01-01,9757.6,M2SL
2012-02-01,9809.8,M2SL
2012-03-01,9853.9,M2SL
2012-04-01,9907.7,M2SL
2012-05-01,9951.4,M2SL
2012-06-01,10021.6,M2SL
2012-07-01,10074.5,M2SL
2012-08-01,10145.6,M2SL
2012-09-01,10226.1,M2SL
2012-10-01,10292.4,M2SL
2012-11-01,10361.9,M2SL
2012-12-01,10484.1,M2SL
2013-01-01,10508.1,M2SL
2013-02-01,10527.5,M2SL
2013-03-01,10583.8,M2SL
2013-04-01,10611.3,M2SL
2013-05-01,10646.1,M2SL
2013-06-01,10703.3,M2SL
2013-07-01,10742.8,M2SL
2013-08-01,10801.2,M2SL
2013-09-01,10862.0,M2SL
2013-10-01,10986.3,M2SL
2013-11-01,10995.6,M2SL
2013-12-01,11060.1,M2SL
2014-01-01,11130.8,M2SL
2014-02-01,11196.8,M2SL
2014-03-01,11232.6,M2SL
2014-04-01,11277.7,M2SL
2014-05-01,11342.8,M2SL
2014-06-01,11398.1,M2SL
2014-07-01,11453.0,M2SL
2014-08-01,11477.3,M2SL
2014-09-01,11519.1,M2SL
2014-10-01,11593.1,M2SL
2014-11-01,11634.2,M2SL
2014-12-01,11717.6,M2SL
2015-01-01,11805.2,M2SL
2015-02-01,11922.8,M2SL
2015-03-01,11920.5,M2SL
2015-04-01,11954.6,M2SL
2015-05-01,11982.6,M2SL
2015-06-01,12023.2,M2SL
2015-07-01,12067.0,M2SL
2015-08-01,12112.0,M2SL
2015-09-01,12173.9,M2SL
2015-10-01,12225.2,M2SL
2015-11-01,12317.0,M2SL
2015-12-01,12387.9,M2SL
2016-01-01,12518.5,M2SL
2016-02-01,12603.9,M2SL
2016-03-01,12661.8,M2SL
2016-04-01,12743.2,M2SL
2016-05-01,12802.0,M2SL
2016-06-01,12852.5,M2SL
2016-07-01,12911.9,M2SL
2016-08-01,12989.7,M2SL
2016-09-01,13054.9,M2SL
2016-10-01,13122.8,M2SL
2016-11-01,13208.7,M2SL
2016-12-01,13234.9,M2SL
2017-01-01,13315.7,M2SL
2017-02-01,13394.8,M2SL
2017-03-01,13463.6,M2SL
2017-04-01,13521.7,M2SL
2017-05-01,13568.9,M2SL
2017-06-01,13580.5,M2SL
2017-07-01,13643.1,M2SL
2017-08-01,13697.7,M2SL
2017-09-01,13745.1,M2SL
2017-10-01,13800.1,M2SL
2017-11-01,13843.5,M2SL
2017-12-01,13881.7,M2SL
2018-01-01,13900.3,M2SL
2018-02-01,13949.3,M2SL
2018-03-01,14012.7,M2SL
2018-04-01,14035.9,M2SL
2018-05-01,14092.4,M2SL
2018-06-01,14137.2,M2SL
2018-07-01,14174.6,M2SL
2018-08-01,14223.2,M2SL
2018-09-01,14245.5,M2SL
2018-10-01,14256.6,M2SL
2018-11-01,14282.8,M2SL
2018-12-01,14386.8,M2SL
2019-01-01,14459.7,M2SL
2019-02-01,14506.3,M2SL
2019-03-01,14557.5,M2SL
2019-04-01,14594.7,M2SL
2019-05-01,14704.4,M2SL
2019-06-01,14802.8,M2SL
2019-07-01,14886.8,M2SL
2019-08-01,14974.4,M2SL
2019-09-01,15047.0,M2SL
2019-10-01,15184.1,M2SL
2019-11-01,15296.0,M2SL
2019-12-01,15347.5,M2SL
2020-01-01,15427.1,M2SL
2020-02-01,15493.4,M2SL
2020-03-01,16033.0,M2SL
2020-04-01,17065.3,M2SL
2020-05-01,17932.9,M2SL
2020-06-01,18184.3,M2SL
2020-07-01,18335.4,M2SL
2020-08-01,18411.2,M2SL
2020-09-01,18602.5,M2SL
2020-10-01,18757.6,M2SL
2020-11-01,18997.0,M2SL
2020-12-01,19115.7,M2SL
2021-01-01,19379.0,M2SL
2021-02-01,19641.8,M2SL
2021-03-01,19873.2,M2SL
2021-04-01,20175.4,M2SL
2021-05-01,20459.0,M2SL
2021-06-01,20477.1,M2SL
2021-07-01,20633.3,M2SL
2021-08-01,20840.7,M2SL
2021-09-01,20981.0,M2SL
2021-10-01,21160.7,M2SL
2021-11-01,21335.9,M2SL
2021-12-01,21498.8,M2SL
2022-01-01,21650.0,M2SL
2022-02-01,21724.8,M2SL
2022-03-01,21786.8,M2SL
2022-04-01,21769.5,M2SL
2022-05-01,21719.5,M2SL
2022-06-01,21651.2,M2SL
2022-07-01,21652.8,M2SL
2022-08-01,21638.2,M2SL
2022-09-01,21536.5,M2SL
2022-10-01,21461.5,M2SL
2022-11-01,21406.5,M2SL
2022-12-01,21291.0,M2SL
2023-01-01,21279.4,M2SL
2023-02-01,21242.9,M2SL
2023-03-01,20946.8,M2SL
2023-04-01,20761.4,M2SL
2023-05-01,20829.7,M2SL
2023-06-01,20799.3,M2SL
2023-07-01,20791.2,M2SL
2023-08-01,20777.2,M2SL
2023-09-01,20747.8,M2SL
2023-10-01,20732.9,M2SL
2023-11-01,20746.5,M2SL
2023-12-01,20777.9,M2SL
2024-01-01,20843.9,M2SL
2024-02-01,20927.4,M2SL
2024-03-01,20973.9,M2SL
2024-04-01,20959.7,M2SL
2024-05-01,21020.7,M2SL
2024-06-01,21068.4,M2SL
2024-07-01,21095.3,M2SL
2024-08-01,21186.8,M2SL
2024-09-01,21269.5,M2SL
2024-10-01,21331.9,M2SL
2024-11-01,21452.2,M2SL
2024-12-01,21485.9,M2SL
2025-01-01,21548.1,M2SL
2025-02-01,21613.5,M2SL
2025-03-01,21693.7,M2SL
2025-04-01,21775.7,M2SL
2025-05-01,21834.0,M2SL
2025-06-01,21938.8,M2SL
2025-07-01,22020.0,M2SL
2025-08-01,22086.9,M2SL
2025-09-01,22170.3,M2SL
2025-10-01,22245.1,M2SL
2025-11-01,22277.4,M2SL
2025-12-01,22353.5,M2SL
2026-01-01,22429.3,M2SL
2026-02-01,22627.0,M2SL
2026-03-01,22686.4,M2SL
2026-04-01,22804.5,M2SL
2016-06-10,2096.07,SP500
2016-06-13,2079.06,SP500
2016-06-14,2075.32,SP500
2016-06-15,2071.5,SP500
2016-06-16,2077.99,SP500
2016-06-17,2071.22,SP500
2016-06-20,2083.25,SP500
2016-06-21,2088.9,SP500
2016-06-22,2085.45,SP500
2016-06-23,2113.32,SP500
2016-06-24,2037.41,SP500
2016-06-27,2000.54,SP500
2016-06-28,2036.09,SP500
2016-06-29,2070.77,SP500
2016-06-30,2098.86,SP500
2016-07-01,2102.95,SP500
2016-07-04,,SP500
2016-07-05,2088.55,SP500
2016-07-06,2099.73,SP500
2016-07-07,2097.9,SP500
2016-07-08,2129.9,SP500
2016-07-11,2137.16,SP500
2016-07-12,2152.14,SP500
2016-07-13,2152.43,SP500
2016-07-14,2163.75,SP500
2016-07-15,2161.74,SP500
2016-07-18,2166.89,SP500
2016-07-19,2163.78,SP500
2016-07-20,2173.02,SP500
2016-07-21,2165.17,SP500
2016-07-22,2175.03,SP500
2016-07-25,2168.48,SP500
2016-07-26,2169.18,SP500
2016-07-27,2166.58,SP500
2016-07-28,2170.06,SP500
2016-07-29,2173.6,SP500
2016-08-01,2170.84,SP500
2016-08-02,2157.03,SP500
2016-08-03,2163.79,SP500
2016-08-04,2164.25,SP500
2016-08-05,2182.87,SP500
2016-08-08,2180.89,SP500
2016-08-09,2181.74,SP500
2016-08-10,2175.49,SP500
2016-08-11,2185.79,SP500
2016-08-12,2184.05,SP500
2016-08-15,2190.15,SP500
2016-08-16,2178.15,SP500
2016-08-17,2182.22,SP500
2016-08-18,2187.02,SP500
2016-08-19,2183.87,SP500
2016-08-22,2182.64,SP500
2016-08-23,2186.9,SP500
2016-08-24,2175.44,SP500
2016-08-25,2172.47,SP500
2016-08-26,2169.04,SP500
2016-08-29,2180.38,SP500
2016-08-30,2176.12,SP500
2016-08-31,2170.95,SP500
2016-09-01,2170.86,SP500
2016-09-02,2179.98,SP500
2016-09-05,,SP500
2016-09-06,2186.48,SP500
2016-09-07,2186.16,SP500
2016-09-08,2181.3,SP500
2016-09-09,2127.81,SP500
2016-09-12,2159.04,SP500
2016-09-13,2127.02,SP500
2016-09-14,2125.77,SP500
2016-09-15,2147.26,SP500
2016-09-16,2139.16,SP500
2016-09-19,2139.12,SP500
2016-09-20,2139.76,SP500
2016-09-21,2163.12,SP500
2016-09-22,2177.18,SP500
2016-09-23,2164.69,SP500
2016-09-26,2146.1,SP500
2016-09-27,2159.93,SP500
2016-09-28,2171.37,SP500
2016-09-29,2151.13,SP500
2016-09-30,2168.27,SP500
2016-10-03,2161.2,SP500
2016-10-04,2150.49,SP500
2016-10-05,2159.73,SP500
2016-10-06,2160.77,SP500
2016-10-07,2153.74,SP500
2016-10-10,2163.66,SP500
2016-10-11,2136.73,SP500
2016-10-12,2139.18,SP500
2016-10-13,2132.55,SP500
2016-10-14,2132.98,SP500
2016-10-17,2126.5,SP500
2016-10-18,2139.6,SP500
2016-10-19,2144.29,SP500
2016-10-20,2141.34,SP500
2016-10-21,2141.16,SP500
2016-10-24,2151.33,SP500
2016-10-25,2143.16,SP500
2016-10-26,2139.43,SP500
2016-10-27,2133.04,SP500
2016-10-28,2126.41,SP500
2016-10-31,2126.15,SP500
2016-11-01,2111.72,SP500
2016-11-02,2097.94,SP500
2016-11-03,2088.66,SP500
2016-11-04,2085.18,SP500
2016-11-07,2131.52,SP500
2016-11-08,2139.56,SP500
2016-11-09,2163.26,SP500
2016-11-10,2167.48,SP500
2016-11-11,2164.45,SP500
2016-11-14,2164.2,SP500
2016-11-15,2180.39,SP500
2016-11-16,2176.94,SP500
2016-11-17,2187.12,SP500
2016-11-18,2181.9,SP500
2016-11-21,2198.18,SP500
2016-11-22,2202.94,SP500
2016-11-23,2204.72,SP500
2016-11-24,,SP500
2016-11-25,2213.35,SP500
2016-11-28,2201.72,SP500
2016-11-29,2204.66,SP500
2016-11-30,2198.81,SP500
2016-12-01,2191.08,SP500
2016-12-02,2191.95,SP500
2016-12-05,2204.71,SP500
2016-12-06,2212.23,SP500
2016-12-07,2241.35,SP500
2016-12-08,2246.19,SP500
2016-12-09,2259.53,SP500
2016-12-12,2256.96,SP500
2016-12-13,2271.72,SP500
2016-12-14,2253.28,SP500
2016-12-15,2262.03,SP500
2016-12-16,2258.07,SP500
2016-12-19,2262.53,SP500
2016-12-20,2270.76,SP500
2016-12-21,2265.18,SP500
2016-12-22,2260.96,SP500
2016-12-23,2263.79,SP500
2016-12-26,,SP500
2016-12-27,2268.88,SP500
2016-12-28,2249.92,SP500
2016-12-29,2249.26,SP500
2016-12-30,2238.83,SP500
2017-01-02,,SP500
2017-01-03,2257.83,SP500
2017-01-04,2270.75,SP500
2017-01-05,2269.0,SP500
2017-01-06,2276.98,SP500
2017-01-09,2268.9,SP500
2017-01-10,2268.9,SP500
2017-01-11,2275.32,SP500
2017-01-12,2270.44,SP500
2017-01-13,2274.64,SP500
2017-01-16,,SP500
2017-01-17,2267.89,SP500
2017-01-18,2271.89,SP500
2017-01-19,2263.69,SP500
2017-01-20,2271.31,SP500
2017-01-23,2265.2,SP500
2017-01-24,2280.07,SP500
2017-01-25,2298.37,SP500
2017-01-26,2296.68,SP500
2017-01-27,2294.69,SP500
2017-01-30,2280.9,SP500
2017-01-31,2278.87,SP500
2017-02-01,2279.55,SP500
2017-02-02,2280.85,SP500
2017-02-03,2297.42,SP500
2017-02-06,2292.56,SP500
2017-02-07,2293.08,SP500
2017-02-08,2294.67,SP500
2017-02-09,2307.87,SP500
2017-02-10,2316.1,SP500
2017-02-13,2328.25,SP500
2017-02-14,2337.58,SP500
2017-02-15,2349.25,SP500
2017-02-16,2347.22,SP500
2017-02-17,2351.16,SP500
2017-02-20,,SP500
2017-02-21,2365.38,SP500
2017-02-22,2362.82,SP500
2017-02-23,2363.81,SP500
2017-02-24,2367.34,SP500
2017-02-27,2369.75,SP500
2017-02-28,2363.64,SP500
2017-03-01,2395.96,SP500
2017-03-02,2381.92,SP500
2017-03-03,2383.12,SP500
2017-03-06,2375.31,SP500
2017-03-07,2368.39,SP500
2017-03-08,2362.98,SP500
2017-03-09,2364.87,SP500
2017-03-10,2372.6,SP500
2017-03-13,2373.47,SP500
2017-03-14,2365.45,SP500
2017-03-15,2385.26,SP500
2017-03-16,2381.38,SP500
2017-03-17,2378.25,SP500
2017-03-20,2373.47,SP500
2017-03-21,2344.02,SP500
2017-03-22,2348.45,SP500
2017-03-23,2345.96,SP500
2017-03-24,2343.98,SP500
2017-03-27,2341.59,SP500
2017-03-28,2358.57,SP500
2017-03-29,2361.13,SP500
2017-03-30,2368.06,SP500
2017-03-31,2362.72,SP500
2017-04-03,2358.84,SP500
2017-04-04,2360.16,SP500
2017-04-05,2352.95,SP500
2017-04-06,2357.49,SP500
2017-04-07,2355.54,SP500
2017-04-10,2357.16,SP500
2017-04-11,2353.78,SP500
2017-04-12,2344.93,SP500
2017-04-13,2328.95,SP500
2017-04-14,,SP500
2017-04-17,2349.01,SP500
2017-04-18,2342.19,SP500
2017-04-19,2338.17,SP500
2017-04-20,2355.84,SP500
2017-04-21,2348.69,SP500
2017-04-24,2374.15,SP500
2017-04-25,2388.61,SP500
2017-04-26,2387.45,SP500
2017-04-27,2388.77,SP500
2017-04-28,2384.2,SP500
2017-05-01,2388.33,SP500
2017-05-02,2391.17,SP500
2017-05-03,2388.13,SP500
2017-05-04,2389.52,SP500
2017-05-05,2399.29,SP500
2017-05-08,2399.38,SP500
2017-05-09,2396.92,SP500
2017-05-10,2399.63,SP500
2017-05-11,2394.44,SP500
2017-05-12,2390.9,SP500
2017-05-15,2402.32,SP500
2017-05-16,2400.67,SP500
2017-05-17,2357.03,SP500
2017-05-18,2365.72,SP500
2017-05-19,2381.73,SP500
2017-05-22,2394.02,SP500
2017-05-23,2398.42,SP500
2017-05-24,2404.39,SP500
2017-05-25,2415.07,SP500
2017-05-26,2415.82,SP500
2017-05-29,,SP500
2017-05-30,2412.91,SP500
2017-05-31,2411.8,SP500
2017-06-01,2430.06,SP500
2017-06-02,2439.07,SP500
2017-06-05,2436.1,SP500
2017-06-06,2429.33,SP500
2017-06-07,2433.14,SP500
2017-06-08,2433.79,SP500
2017-06-09,2431.77,SP500
2017-06-12,2429.39,SP500
2017-06-13,2440.35,SP500
2017-06-14,2437.92,SP500
2017-06-15,2432.46,SP500
2017-06-16,2433.15,SP500
2017-06-19,2453.46,SP500
2017-06-20,2437.03,SP500
2017-06-21,2435.61,SP500
2017-06-22,2434.5,SP500
2017-06-23,2438.3,SP500
2017-06-26,2439.07,SP500
2017-06-27,2419.38,SP500
2017-06-28,2440.69,SP500
2017-06-29,2419.7,SP500
2017-06-30,2423.41,SP500
2017-07-03,2429.01,SP500
2017-07-04,,SP500
2017-07-05,2432.54,SP500
2017-07-06,2409.75,SP500
2017-07-07,2425.18,SP500
2017-07-10,2427.43,SP500
2017-07-11,2425.53,SP500
2017-07-12,2443.25,SP500
2017-07-13,2447.83,SP500
2017-07-14,2459.27,SP500
2017-07-17,2459.14,SP500
2017-07-18,2460.61,SP500
2017-07-19,2473.83,SP500
2017-07-20,2473.45,SP500
2017-07-21,2472.54,SP500
2017-07-24,2469.91,SP500
2017-07-25,2477.13,SP500
2017-07-26,2477.83,SP500
2017-07-27,2475.42,SP500
2017-07-28,2472.1,SP500
2017-07-31,2470.3,SP500
2017-08-01,2476.35,SP500
2017-08-02,2477.57,SP500
2017-08-03,2472.16,SP500
2017-08-04,2476.83,SP500
2017-08-07,2480.91,SP500
2017-08-08,2474.92,SP500
2017-08-09,2474.02,SP500
2017-08-10,2438.21,SP500
2017-08-11,2441.32,SP500
2017-08-14,2465.84,SP500
2017-08-15,2464.61,SP500
2017-08-16,2468.11,SP500
2017-08-17,2430.01,SP500
2017-08-18,2425.55,SP500
2017-08-21,2428.37,SP500
2017-08-22,2452.51,SP500
2017-08-23,2444.04,SP500
2017-08-24,2438.97,SP500
2017-08-25,2443.05,SP500
2017-08-28,2444.24,SP500
2017-08-29,2446.3,SP500
2017-08-30,2457.59,SP500
2017-08-31,2471.65,SP500
2017-09-01,2476.55,SP500
2017-09-04,,SP500
2017-09-05,2457.85,SP500
2017-09-06,2465.54,SP500
2017-09-07,2465.1,SP500
2017-09-08,2461.43,SP500
2017-09-11,2488.11,SP500
2017-09-12,2496.48,SP500
2017-09-13,2498.37,SP500
2017-09-14,2495.62,SP500
2017-09-15,2500.23,SP500
2017-09-18,2503.87,SP500
2017-09-19,2506.65,SP500
2017-09-20,2508.24,SP500
2017-09-21,2500.6,SP500
2017-09-22,2502.22,SP500
2017-09-25,2496.66,SP500
2017-09-26,2496.84,SP500
2017-09-27,2507.04,SP500
2017-09-28,2510.06,SP500
2017-09-29,2519.36,SP500
2017-10-02,2529.12,SP500
2017-10-03,2534.58,SP500
2017-10-04,2537.74,SP500
2017-10-05,2552.07,SP500
2017-10-06,2549.33,SP500
2017-10-09,2544.73,SP500
2017-10-10,2550.64,SP500
2017-10-11,2555.24,SP500
2017-10-12,2550.93,SP500
2017-10-13,2553.17,SP500
2017-10-16,2557.64,SP500
2017-10-17,2559.36,SP500
2017-10-18,2561.26,SP500
2017-10-19,2562.1,SP500
2017-10-20,2575.21,SP500
2017-10-23,2564.98,SP500
2017-10-24,2569.13,SP500
2017-10-25,2557.15,SP500
2017-10-26,2560.4,SP500
2017-10-27,2581.07,SP500
2017-10-30,2572.83,SP500
2017-10-31,2575.26,SP500
2017-11-01,2579.36,SP500
2017-11-02,2579.85,SP500
2017-11-03,2587.84,SP500
2017-11-06,2591.13,SP500
2017-11-07,2590.64,SP500
2017-11-08,2594.38,SP500
2017-11-09,2584.62,SP500
2017-11-10,2582.3,SP500
2017-11-13,2584.84,SP500
2017-11-14,2578.87,SP500
2017-11-15,2564.62,SP500
2017-11-16,2585.64,SP500
2017-11-17,2578.85,SP500
2017-11-20,2582.14,SP500
2017-11-21,2599.03,SP500
2017-11-22,2597.08,SP500
2017-11-23,,SP500
2017-11-24,2602.42,SP500
2017-11-27,2601.42,SP500
2017-11-28,2627.04,SP500
2017-11-29,2626.07,SP500
2017-11-30,2647.58,SP500
2017-12-01,2642.22,SP500
2017-12-04,2639.44,SP500
2017-12-05,2629.57,SP500
2017-12-06,2629.27,SP500
2017-12-07,2636.98,SP500
2017-12-08,2651.5,SP500
2017-12-11,2659.99,SP500
2017-12-12,2664.11,SP500
2017-12-13,2662.85,SP500
2017-12-14,2652.01,SP500
2017-12-15,2675.81,SP500
2017-12-18,2690.16,SP500
2017-12-19,2681.47,SP500
2017-12-20,2679.25,SP500
2017-12-21,2684.57,SP500
2017-12-22,2683.34,SP500
2017-12-25,,SP500
2017-12-26,2680.5,SP500
2017-12-27,2682.62,SP500
2017-12-28,2687.54,SP500
2017-12-29,2673.61,SP500
2018-01-01,,SP500
2018-01-02,2695.81,SP500
2018-01-03,2713.06,SP500
2018-01-04,2723.99,SP500
2018-01-05,2743.15,SP500
2018-01-08,2747.71,SP500
2018-01-09,2751.29,SP500
2018-01-10,2748.23,SP500
2018-01-11,2767.56,SP500
2018-01-12,2786.24,SP500
2018-01-15,,SP500
2018-01-16,2776.42,SP500
2018-01-17,2802.56,SP500
2018-01-18,2798.03,SP500
2018-01-19,2810.3,SP500
2018-01-22,2832.97,SP500
2018-01-23,2839.13,SP500
2018-01-24,2837.54,SP500
2018-01-25,2839.25,SP500
2018-01-26,2872.87,SP500
2018-01-29,2853.53,SP500
2018-01-30,2822.43,SP500
2018-01-31,2823.81,SP500
2018-02-01,2821.98,SP500
2018-02-02,2762.13,SP500
2018-02-05,2648.94,SP500
2018-02-06,2695.14,SP500
2018-02-07,2681.66,SP500
2018-02-08,2581.0,SP500
2018-02-09,2619.55,SP500
2018-02-12,2656.0,SP500
2018-02-13,2662.94,SP500
2018-02-14,2698.63,SP500
2018-02-15,2731.2,SP500
2018-02-16,2732.22,SP500
2018-02-19,,SP500
2018-02-20,2716.26,SP500
2018-02-21,2701.33,SP500
2018-02-22,2703.96,SP500
2018-02-23,2747.3,SP500
2018-02-26,2779.6,SP500
2018-02-27,2744.28,SP500
2018-02-28,2713.83,SP500
2018-03-01,2677.67,SP500
2018-03-02,2691.25,SP500
2018-03-05,2720.94,SP500
2018-03-06,2728.12,SP500
2018-03-07,2726.8,SP500
2018-03-08,2738.97,SP500
2018-03-09,2786.57,SP500
2018-03-12,2783.02,SP500
2018-03-13,2765.31,SP500
2018-03-14,2749.48,SP500
2018-03-15,2747.33,SP500
2018-03-16,2752.01,SP500
2018-03-19,2712.92,SP500
2018-03-20,2716.94,SP500
2018-03-21,2711.93,SP500
2018-03-22,2643.69,SP500
2018-03-23,2588.26,SP500
2018-03-26,2658.55,SP500
2018-03-27,2612.62,SP500
2018-03-28,2605.0,SP500
2018-03-29,2640.87,SP500
2018-03-30,,SP500
2018-04-02,2581.88,SP500
2018-04-03,2614.45,SP500
2018-04-04,2644.69,SP500
2018-04-05,2662.84,SP500
2018-04-06,2604.47,SP500
2018-04-09,2613.16,SP500
2018-04-10,2656.87,SP500
2018-04-11,2642.19,SP500
2018-04-12,2663.99,SP500
2018-04-13,2656.3,SP500
2018-04-16,2677.84,SP500
2018-04-17,2706.39,SP500
2018-04-18,2708.64,SP500
2018-04-19,2693.13,SP500
2018-04-20,2670.14,SP500
2018-04-23,2670.29,SP500
2018-04-24,2634.56,SP500
2018-04-25,2639.4,SP500
2018-04-26,2666.94,SP500
2018-04-27,2669.91,SP500
2018-04-30,2648.05,SP500
2018-05-01,2654.8,SP500
2018-05-02,2635.67,SP500
2018-05-03,2629.73,SP500
2018-05-04,2663.42,SP500
2018-05-07,2672.63,SP500
2018-05-08,2671.92,SP500
2018-05-09,2697.79,SP500
2018-05-10,2723.07,SP500
2018-05-11,2727.72,SP500
2018-05-14,2730.13,SP500
2018-05-15,2711.45,SP500
2018-05-16,2722.46,SP500
2018-05-17,2720.13,SP500
2018-05-18,2712.97,SP500
2018-05-21,2733.01,SP500
2018-05-22,2724.44,SP500
2018-05-23,2733.29,SP500
2018-05-24,2727.76,SP500
2018-05-25,2721.33,SP500
2018-05-28,,SP500
2018-05-29,2689.86,SP500
2018-05-30,2724.01,SP500
2018-05-31,2705.27,SP500
2018-06-01,2734.62,SP500
2018-06-04,2746.87,SP500
2018-06-05,2748.8,SP500
2018-06-06,2772.35,SP500
2018-06-07,2770.37,SP500
2018-06-08,2779.03,SP500
2018-06-11,2782.0,SP500
2018-06-12,2786.85,SP500
2018-06-13,2775.63,SP500
2018-06-14,2782.49,SP500
2018-06-15,2779.66,SP500
2018-06-18,2773.75,SP500
2018-06-19,2762.59,SP500
2018-06-20,2767.32,SP500
2018-06-21,2749.76,SP500
2018-06-22,2754.88,SP500
2018-06-25,2717.07,SP500
2018-06-26,2723.06,SP500
2018-06-27,2699.63,SP500
2018-06-28,2716.31,SP500
2018-06-29,2718.37,SP500
2018-07-02,2726.71,SP500
2018-07-03,2713.22,SP500
2018-07-04,,SP500
2018-07-05,2736.61,SP500
2018-07-06,2759.82,SP500
2018-07-09,2784.17,SP500
2018-07-10,2793.84,SP500
2018-07-11,2774.02,SP500
2018-07-12,2798.29,SP500
2018-07-13,2801.31,SP500
2018-07-16,2798.43,SP500
2018-07-17,2809.55,SP500
2018-07-18,2815.62,SP500
2018-07-19,2804.49,SP500
2018-07-20,2801.83,SP500
2018-07-23,2806.98,SP500
2018-07-24,2820.4,SP500
2018-07-25,2846.07,SP500
2018-07-26,2837.44,SP500
2018-07-27,2818.82,SP500
2018-07-30,2802.6,SP500
2018-07-31,2816.29,SP500
2018-08-01,2813.36,SP500
2018-08-02,2827.22,SP500
2018-08-03,2840.35,SP500
2018-08-06,2850.4,SP500
2018-08-07,2858.45,SP500
2018-08-08,2857.7,SP500
2018-08-09,2853.58,SP500
2018-08-10,2833.28,SP500
2018-08-13,2821.93,SP500
2018-08-14,2839.96,SP500
2018-08-15,2818.37,SP500
2018-08-16,2840.69,SP500
2018-08-17,2850.13,SP500
2018-08-20,2857.05,SP500
2018-08-21,2862.96,SP500
2018-08-22,2861.82,SP500
2018-08-23,2856.98,SP500
2018-08-24,2874.69,SP500
2018-08-27,2896.74,SP500
2018-08-28,2897.52,SP500
2018-08-29,2914.04,SP500
2018-08-30,2901.13,SP500
2018-08-31,2901.52,SP500
2018-09-03,,SP500
2018-09-04,2896.72,SP500
2018-09-05,2888.6,SP500
2018-09-06,2878.05,SP500
2018-09-07,2871.68,SP500
2018-09-10,2877.13,SP500
2018-09-11,2887.89,SP500
2018-09-12,2888.92,SP500
2018-09-13,2904.18,SP500
2018-09-14,2904.98,SP500
2018-09-17,2888.8,SP500
2018-09-18,2904.31,SP500
2018-09-19,2907.95,SP500
2018-09-20,2930.75,SP500
2018-09-21,2929.67,SP500
2018-09-24,2919.37,SP500
2018-09-25,2915.56,SP500
2018-09-26,2905.97,SP500
2018-09-27,2914.0,SP500
2018-09-28,2913.98,SP500
2018-10-01,2924.59,SP500
2018-10-02,2923.43,SP500
2018-10-03,2925.51,SP500
2018-10-04,2901.61,SP500
2018-10-05,2885.57,SP500
2018-10-08,2884.43,SP500
2018-10-09,2880.34,SP500
2018-10-10,2785.68,SP500
2018-10-11,2728.37,SP500
2018-10-12,2767.13,SP500
2018-10-15,2750.79,SP500
2018-10-16,2809.92,SP500
2018-10-17,2809.21,SP500
2018-10-18,2768.78,SP500
2018-10-19,2767.78,SP500
2018-10-22,2755.88,SP500
2018-10-23,2740.69,SP500
2018-10-24,2656.1,SP500
2018-10-25,2705.57,SP500
2018-10-26,2658.69,SP500
2018-10-29,2641.25,SP500
2018-10-30,2682.63,SP500
2018-10-31,2711.74,SP500
2018-11-01,2740.37,SP500
2018-11-02,2723.06,SP500
2018-11-05,2738.31,SP500
2018-11-06,2755.45,SP500
2018-11-07,2813.89,SP500
2018-11-08,2806.83,SP500
2018-11-09,2781.01,SP500
2018-11-12,2726.22,SP500
2018-11-13,2722.18,SP500
2018-11-14,2701.58,SP500
2018-11-15,2730.2,SP500
2018-11-16,2736.27,SP500
2018-11-19,2690.73,SP500
2018-11-20,2641.89,SP500
2018-11-21,2649.93,SP500
2018-11-22,,SP500
2018-11-23,2632.56,SP500
2018-11-26,2673.45,SP500
2018-11-27,2682.17,SP500
2018-11-28,2743.79,SP500
2018-11-29,2737.76,SP500
2018-11-30,2760.17,SP500
2018-12-03,2790.37,SP500
2018-12-04,2700.06,SP500
2018-12-05,,SP500
2018-12-06,2695.95,SP500
2018-12-07,2633.08,SP500
2018-12-10,2637.72,SP500
2018-12-11,2636.78,SP500
2018-12-12,2651.07,SP500
2018-12-13,2650.54,SP500
2018-12-14,2599.95,SP500
2018-12-17,2545.94,SP500
2018-12-18,2546.16,SP500
2018-12-19,2506.96,SP500
2018-12-20,2467.42,SP500
2018-12-21,2416.62,SP500
2018-12-24,2351.1,SP500
2018-12-25,,SP500
2018-12-26,2467.7,SP500
2018-12-27,2488.83,SP500
2018-12-28,2485.74,SP500
2018-12-31,2506.85,SP500
2019-01-01,,SP500
2019-01-02,2510.03,SP500
2019-01-03,2447.89,SP500
2019-01-04,2531.94,SP500
2019-01-07,2549.69,SP500
2019-01-08,2574.41,SP500
2019-01-09,2584.96,SP500
2019-01-10,2596.64,SP500
2019-01-11,2596.26,SP500
2019-01-14,2582.61,SP500
2019-01-15,2610.3,SP500
2019-01-16,2616.1,SP500
2019-01-17,2635.96,SP500
2019-01-18,2670.71,SP500
2019-01-21,,SP500
2019-01-22,2632.9,SP500
2019-01-23,2638.7,SP500
2019-01-24,2642.33,SP500
2019-01-25,2664.76,SP500
2019-01-28,2643.85,SP500
2019-01-29,2640.0,SP500
2019-01-30,2681.05,SP500
2019-01-31,2704.1,SP500
2019-02-01,2706.53,SP500
2019-02-04,2724.87,SP500
2019-02-05,2737.7,SP500
2019-02-06,2731.61,SP500
2019-02-07,2706.05,SP500
2019-02-08,2707.88,SP500
2019-02-11,2709.8,SP500
2019-02-12,2744.73,SP500
2019-02-13,2753.03,SP500
2019-02-14,2745.73,SP500
2019-02-15,2775.6,SP500
2019-02-18,,SP500
2019-02-19,2779.76,SP500
2019-02-20,2784.7,SP500
2019-02-21,2774.88,SP500
2019-02-22,2792.67,SP500
2019-02-25,2796.11,SP500
2019-02-26,2793.9,SP500
2019-02-27,2792.38,SP500
2019-02-28,2784.49,SP500
2019-03-01,2803.69,SP500
2019-03-04,2792.81,SP500
2019-03-05,2789.65,SP500
2019-03-06,2771.45,SP500
2019-03-07,2748.93,SP500
2019-03-08,2743.07,SP500
2019-03-11,2783.3,SP500
2019-03-12,2791.52,SP500
2019-03-13,2810.92,SP500
2019-03-14,2808.48,SP500
2019-03-15,2822.48,SP500
2019-03-18,2832.94,SP500
2019-03-19,2832.57,SP500
2019-03-20,2824.23,SP500
2019-03-21,2854.88,SP500
2019-03-22,2800.71,SP500
2019-03-25,2798.36,SP500
2019-03-26,2818.46,SP500
2019-03-27,2805.37,SP500
2019-03-28,2815.44,SP500
2019-03-29,2834.4,SP500
2019-04-01,2867.19,SP500
2019-04-02,2867.24,SP500
2019-04-03,2873.4,SP500
2019-04-04,2879.39,SP500
2019-04-05,2892.74,SP500
2019-04-08,2895.77,SP500
2019-04-09,2878.2,SP500
2019-04-10,2888.21,SP500
2019-04-11,2888.32,SP500
2019-04-12,2907.41,SP500
2019-04-15,2905.58,SP500
2019-04-16,2907.06,SP500
2019-04-17,2900.45,SP500
2019-04-18,2905.03,SP500
2019-04-19,,SP500
2019-04-22,2907.97,SP500
2019-04-23,2933.68,SP500
2019-04-24,2927.25,SP500
2019-04-25,2926.17,SP500
2019-04-26,2939.88,SP500
2019-04-29,2943.03,SP500
2019-04-30,2945.83,SP500
2019-05-01,2923.73,SP500
2019-05-02,2917.52,SP500
2019-05-03,2945.64,SP500
2019-05-06,2932.47,SP500
2019-05-07,2884.05,SP500
2019-05-08,2879.42,SP500
2019-05-09,2870.72,SP500
2019-05-10,2881.4,SP500
2019-05-13,2811.87,SP500
2019-05-14,2834.41,SP500
2019-05-15,2850.96,SP500
2019-05-16,2876.32,SP500
2019-05-17,2859.53,SP500
2019-05-20,2840.23,SP500
2019-05-21,2864.36,SP500
2019-05-22,2856.27,SP500
2019-05-23,2822.24,SP500
2019-05-24,2826.06,SP500
2019-05-27,,SP500
2019-05-28,2802.39,SP500
2019-05-29,2783.02,SP500
2019-05-30,2788.86,SP500
2019-05-31,2752.06,SP500
2019-06-03,2744.45,SP500
2019-06-04,2803.27,SP500
2019-06-05,2826.15,SP500
2019-06-06,2843.49,SP500
2019-06-07,2873.34,SP500
2019-06-10,2886.73,SP500
2019-06-11,2885.72,SP500
2019-06-12,2879.84,SP500
2019-06-13,2891.64,SP500
2019-06-14,2886.98,SP500
2019-06-17,2889.67,SP500
2019-06-18,2917.75,SP500
2019-06-19,2926.46,SP500
2019-06-20,2954.18,SP500
2019-06-21,2950.46,SP500
2019-06-24,2945.35,SP500
2019-06-25,2917.38,SP500
2019-06-26,2913.78,SP500
2019-06-27,2924.92,SP500
2019-06-28,2941.76,SP500
2019-07-01,2964.33,SP500
2019-07-02,2973.01,SP500
2019-07-03,2995.82,SP500
2019-07-04,,SP500
2019-07-05,2990.41,SP500
2019-07-08,2975.95,SP500
2019-07-09,2979.63,SP500
2019-07-10,2993.07,SP500
2019-07-11,2999.91,SP500
2019-07-12,3013.77,SP500
2019-07-15,3014.3,SP500
2019-07-16,3004.04,SP500
2019-07-17,2984.42,SP500
2019-07-18,2995.11,SP500
2019-07-19,2976.61,SP500
2019-07-22,2985.03,SP500
2019-07-23,3005.47,SP500
2019-07-24,3019.56,SP500
2019-07-25,3003.67,SP500
2019-07-26,3025.86,SP500
2019-07-29,3020.97,SP500
2019-07-30,3013.18,SP500
2019-07-31,2980.38,SP500
2019-08-01,2953.56,SP500
2019-08-02,2932.05,SP500
2019-08-05,2844.74,SP500
2019-08-06,2881.77,SP500
2019-08-07,2883.98,SP500
2019-08-08,2938.09,SP500
2019-08-09,2918.65,SP500
2019-08-12,2883.75,SP500
2019-08-13,2926.32,SP500
2019-08-14,2840.6,SP500
2019-08-15,2847.6,SP500
2019-08-16,2888.68,SP500
2019-08-19,2923.65,SP500
2019-08-20,2900.51,SP500
2019-08-21,2924.43,SP500
2019-08-22,2922.95,SP500
2019-08-23,2847.11,SP500
2019-08-26,2878.38,SP500
2019-08-27,2869.16,SP500
2019-08-28,2887.94,SP500
2019-08-29,2924.58,SP500
2019-08-30,2926.46,SP500
2019-09-02,,SP500
2019-09-03,2906.27,SP500
2019-09-04,2937.78,SP500
2019-09-05,2976.0,SP500
2019-09-06,2978.71,SP500
2019-09-09,2978.43,SP500
2019-09-10,2979.39,SP500
2019-09-11,3000.93,SP500
2019-09-12,3009.57,SP500
2019-09-13,3007.39,SP500
2019-09-16,2997.96,SP500
2019-09-17,3005.7,SP500
2019-09-18,3006.73,SP500
2019-09-19,3006.79,SP500
2019-09-20,2992.07,SP500
2019-09-23,2991.78,SP500
2019-09-24,2966.6,SP500
2019-09-25,2984.87,SP500
2019-09-26,2977.62,SP500
2019-09-27,2961.79,SP500
2019-09-30,2976.74,SP500
2019-10-01,2940.25,SP500
2019-10-02,2887.61,SP500
2019-10-03,2910.63,SP500
2019-10-04,2952.01,SP500
2019-10-07,2938.79,SP500
2019-10-08,2893.06,SP500
2019-10-09,2919.4,SP500
2019-10-10,2938.13,SP500
2019-10-11,2970.27,SP500
2019-10-14,2966.15,SP500
2019-10-15,2995.68,SP500
2019-10-16,2989.69,SP500
2019-10-17,2997.95,SP500
2019-10-18,2986.2,SP500
2019-10-21,3006.72,SP500
2019-10-22,2995.99,SP500
2019-10-23,3004.52,SP500
2019-10-24,3010.29,SP500
2019-10-25,3022.55,SP500
2019-10-28,3039.42,SP500
2019-10-29,3036.89,SP500
2019-10-30,3046.77,SP500
2019-10-31,3037.56,SP500
2019-11-01,3066.91,SP500
2019-11-04,3078.27,SP500
2019-11-05,3074.62,SP500
2019-11-06,3076.78,SP500
2019-11-07,3085.18,SP500
2019-11-08,3093.08,SP500
2019-11-11,3087.01,SP500
2019-11-12,3091.84,SP500
2019-11-13,3094.04,SP500
2019-11-14,3096.63,SP500
2019-11-15,3120.46,SP500
2019-11-18,3122.03,SP500
2019-11-19,3120.18,SP500
2019-11-20,3108.46,SP500
2019-11-21,3103.54,SP500
2019-11-22,3110.29,SP500
2019-11-25,3133.64,SP500
2019-11-26,3140.52,SP500
2019-11-27,3153.63,SP500
2019-11-28,,SP500
2019-11-29,3140.98,SP500
2019-12-02,3113.87,SP500
2019-12-03,3093.2,SP500
2019-12-04,3112.76,SP500
2019-12-05,3117.43,SP500
2019-12-06,3145.91,SP500
2019-12-09,3135.96,SP500
2019-12-10,3132.52,SP500
2019-12-11,3141.63,SP500
2019-12-12,3168.57,SP500
2019-12-13,3168.8,SP500
2019-12-16,3191.45,SP500
2019-12-17,3192.52,SP500
2019-12-18,3191.14,SP500
2019-12-19,3205.37,SP500
2019-12-20,3221.22,SP500
2019-12-23,3224.01,SP500
2019-12-24,3223.38,SP500
2019-12-25,,SP500
2019-12-26,3239.91,SP500
2019-12-27,3240.02,SP500
2019-12-30,3221.29,SP500
2019-12-31,3230.78,SP500
2020-01-01,,SP500
2020-01-02,3257.85,SP500
2020-01-03,3234.85,SP500
2020-01-06,3246.28,SP500
2020-01-07,3237.18,SP500
2020-01-08,3253.05,SP500
2020-01-09,3274.7,SP500
2020-01-10,3265.35,SP500
2020-01-13,3288.13,SP500
2020-01-14,3283.15,SP500
2020-01-15,3289.29,SP500
2020-01-16,3316.81,SP500
2020-01-17,3329.62,SP500
2020-01-20,,SP500
2020-01-21,3320.79,SP500
2020-01-22,3321.75,SP500
2020-01-23,3325.54,SP500
2020-01-24,3295.47,SP500
2020-01-27,3243.63,SP500
2020-01-28,3276.24,SP500
2020-01-29,3273.4,SP500
2020-01-30,3283.66,SP500
2020-01-31,3225.52,SP500
2020-02-03,3248.92,SP500
2020-02-04,3297.59,SP500
2020-02-05,3334.69,SP500
2020-02-06,3345.78,SP500
2020-02-07,3327.71,SP500
2020-02-10,3352.09,SP500
2020-02-11,3357.75,SP500
2020-02-12,3379.45,SP500
2020-02-13,3373.94,SP500
2020-02-14,3380.16,SP500
2020-02-17,,SP500
2020-02-18,3370.29,SP500
2020-02-19,3386.15,SP500
2020-02-20,3373.23,SP500
2020-02-21,3337.75,SP500
2020-02-24,3225.89,SP500
2020-02-25,3128.21,SP500
2020-02-26,3116.39,SP500
2020-02-27,2978.76,SP500
2020-02-28,2954.22,SP500
2020-03-02,3090.23,SP500
2020-03-03,3003.37,SP500
2020-03-04,3130.12,SP500
2020-03-05,3023.94,SP500
2020-03-06,2972.37,SP500
2020-03-09,2746.56,SP500
2020-03-10,2882.23,SP500
2020-03-11,2741.38,SP500
2020-03-12,2480.64,SP500
2020-03-13,2711.02,SP500
2020-03-16,2386.13,SP500
2020-03-17,2529.19,SP500
2020-03-18,2398.1,SP500
2020-03-19,2409.39,SP500
2020-03-20,2304.92,SP500
2020-03-23,2237.4,SP500
2020-03-24,2447.33,SP500
2020-03-25,2475.56,SP500
2020-03-26,2630.07,SP500
2020-03-27,2541.47,SP500
2020-03-30,2626.65,SP500
2020-03-31,2584.59,SP500
2020-04-01,2470.5,SP500
2020-04-02,2526.9,SP500
2020-04-03,2488.65,SP500
2020-04-06,2663.68,SP500
2020-04-07,2659.41,SP500
2020-04-08,2749.98,SP500
2020-04-09,2789.82,SP500
2020-04-10,,SP500
2020-04-13,2761.63,SP500
2020-04-14,2846.06,SP500
2020-04-15,2783.36,SP500
2020-04-16,2799.55,SP500
2020-04-17,2874.56,SP500
2020-04-20,2823.16,SP500
2020-04-21,2736.56,SP500
2020-04-22,2799.31,SP500
2020-04-23,2797.8,SP500
2020-04-24,2836.74,SP500
2020-04-27,2878.48,SP500
2020-04-28,2863.39,SP500
2020-04-29,2939.51,SP500
2020-04-30,2912.43,SP500
2020-05-01,2830.71,SP500
2020-05-04,2842.74,SP500
2020-05-05,2868.44,SP500
2020-05-06,2848.42,SP500
2020-05-07,2881.19,SP500
2020-05-08,2929.8,SP500
2020-05-11,2930.32,SP500
2020-05-12,2870.12,SP500
2020-05-13,2820.0,SP500
2020-05-14,2852.5,SP500
2020-05-15,2863.7,SP500
2020-05-18,2953.91,SP500
2020-05-19,2922.94,SP500
2020-05-20,2971.61,SP500
2020-05-21,2948.51,SP500
2020-05-22,2955.45,SP500
2020-05-25,,SP500
2020-05-26,2991.77,SP500
2020-05-27,3036.13,SP500
2020-05-28,3029.73,SP500
2020-05-29,3044.31,SP500
2020-06-01,3055.73,SP500
2020-06-02,3080.82,SP500
2020-06-03,3122.87,SP500
2020-06-04,3112.35,SP500
2020-06-05,3193.93,SP500
2020-06-08,3232.39,SP500
2020-06-09,3207.18,SP500
2020-06-10,3190.14,SP500
2020-06-11,3002.1,SP500
2020-06-12,3041.31,SP500
2020-06-15,3066.59,SP500
2020-06-16,3124.74,SP500
2020-06-17,3113.49,SP500
2020-06-18,3115.34,SP500
2020-06-19,3097.74,SP500
2020-06-22,3117.86,SP500
2020-06-23,3131.29,SP500
2020-06-24,3050.33,SP500
2020-06-25,3083.76,SP500
2020-06-26,3009.05,SP500
2020-06-29,3053.24,SP500
2020-06-30,3100.29,SP500
2020-07-01,3115.86,SP500
2020-07-02,3130.01,SP500
2020-07-03,,SP500
2020-07-06,3179.72,SP500
2020-07-07,3145.32,SP500
2020-07-08,3169.94,SP500
2020-07-09,3152.05,SP500
2020-07-10,3185.04,SP500
2020-07-13,3155.22,SP500
2020-07-14,3197.52,SP500
2020-07-15,3226.56,SP500
2020-07-16,3215.57,SP500
2020-07-17,3224.73,SP500
2020-07-20,3251.84,SP500
2020-07-21,3257.3,SP500
2020-07-22,3276.02,SP500
2020-07-23,3235.66,SP500
2020-07-24,3215.63,SP500
2020-07-27,3239.41,SP500
2020-07-28,3218.44,SP500
2020-07-29,3258.44,SP500
2020-07-30,3246.22,SP500
2020-07-31,3271.12,SP500
2020-08-03,3294.61,SP500
2020-08-04,3306.51,SP500
2020-08-05,3327.77,SP500
2020-08-06,3349.16,SP500
2020-08-07,3351.28,SP500
2020-08-10,3360.47,SP500
2020-08-11,3333.69,SP500
2020-08-12,3380.35,SP500
2020-08-13,3373.43,SP500
2020-08-14,3372.85,SP500
2020-08-17,3381.99,SP500
2020-08-18,3389.78,SP500
2020-08-19,3374.85,SP500
2020-08-20,3385.51,SP500
2020-08-21,3397.16,SP500
2020-08-24,3431.28,SP500
2020-08-25,3443.62,SP500
2020-08-26,3478.73,SP500
2020-08-27,3484.55,SP500
2020-08-28,3508.01,SP500
2020-08-31,3500.31,SP500
2020-09-01,3526.65,SP500
2020-09-02,3580.84,SP500
2020-09-03,3455.06,SP500
2020-09-04,3426.96,SP500
2020-09-07,,SP500
2020-09-08,3331.84,SP500
2020-09-09,3398.96,SP500
2020-09-10,3339.19,SP500
2020-09-11,3340.97,SP500
2020-09-14,3383.54,SP500
2020-09-15,3401.2,SP500
2020-09-16,3385.49,SP500
2020-09-17,3357.01,SP500
2020-09-18,3319.47,SP500
2020-09-21,3281.06,SP500
2020-09-22,3315.57,SP500
2020-09-23,3236.92,SP500
2020-09-24,3246.59,SP500
2020-09-25,3298.46,SP500
2020-09-28,3351.6,SP500
2020-09-29,3335.47,SP500
2020-09-30,3363.0,SP500
2020-10-01,3380.8,SP500
2020-10-02,3348.44,SP500
2020-10-05,3408.63,SP500
2020-10-06,3360.95,SP500
2020-10-07,3419.45,SP500
2020-10-08,3446.83,SP500
2020-10-09,3477.13,SP500
2020-10-12,3534.22,SP500
2020-10-13,3511.93,SP500
2020-10-14,3488.67,SP500
2020-10-15,3483.34,SP500
2020-10-16,3483.81,SP500
2020-10-19,3426.92,SP500
2020-10-20,3443.12,SP500
2020-10-21,3435.56,SP500
2020-10-22,3453.49,SP500
2020-10-23,3465.39,SP500
2020-10-26,3400.97,SP500
2020-10-27,3390.68,SP500
2020-10-28,3271.03,SP500
2020-10-29,3310.11,SP500
2020-10-30,3269.96,SP500
2020-11-02,3310.24,SP500
2020-11-03,3369.16,SP500
2020-11-04,3443.44,SP500
2020-11-05,3510.45,SP500
2020-11-06,3509.44,SP500
2020-11-09,3550.5,SP500
2020-11-10,3545.53,SP500
2020-11-11,3572.66,SP500
2020-11-12,3537.01,SP500
2020-11-13,3585.15,SP500
2020-11-16,3626.91,SP500
2020-11-17,3609.53,SP500
2020-11-18,3567.79,SP500
2020-11-19,3581.87,SP500
2020-11-20,3557.54,SP500
2020-11-23,3577.59,SP500
2020-11-24,3635.41,SP500
2020-11-25,3629.65,SP500
2020-11-26,,SP500
2020-11-27,3638.35,SP500
2020-11-30,3621.63,SP500
2020-12-01,3662.45,SP500
2020-12-02,3669.01,SP500
2020-12-03,3666.72,SP500
2020-12-04,3699.12,SP500
2020-12-07,3691.96,SP500
2020-12-08,3702.25,SP500
2020-12-09,3672.82,SP500
2020-12-10,3668.1,SP500
2020-12-11,3663.46,SP500
2020-12-14,3647.49,SP500
2020-12-15,3694.62,SP500
2020-12-16,3701.17,SP500
2020-12-17,3722.48,SP500
2020-12-18,3709.41,SP500
2020-12-21,3694.92,SP500
2020-12-22,3687.26,SP500
2020-12-23,3690.01,SP500
2020-12-24,3703.06,SP500
2020-12-25,,SP500
2020-12-28,3735.36,SP500
2020-12-29,3727.04,SP500
2020-12-30,3732.04,SP500
2020-12-31,3756.07,SP500
2021-01-01,,SP500
2021-01-04,3700.65,SP500
2021-01-05,3726.86,SP500
2021-01-06,3748.14,SP500
2021-01-07,3803.79,SP500
2021-01-08,3824.68,SP500
2021-01-11,3799.61,SP500
2021-01-12,3801.19,SP500
2021-01-13,3809.84,SP500
2021-01-14,3795.54,SP500
2021-01-15,3768.25,SP500
2021-01-18,,SP500
2021-01-19,3798.91,SP500
2021-01-20,3851.85,SP500
2021-01-21,3853.07,SP500
2021-01-22,3841.47,SP500
2021-01-25,3855.36,SP500
2021-01-26,3849.62,SP500
2021-01-27,3750.77,SP500
2021-01-28,3787.38,SP500
2021-01-29,3714.24,SP500
2021-02-01,3773.86,SP500
2021-02-02,3826.31,SP500
2021-02-03,3830.17,SP500
2021-02-04,3871.74,SP500
2021-02-05,3886.83,SP500
2021-02-08,3915.59,SP500
2021-02-09,3911.23,SP500
2021-02-10,3909.88,SP500
2021-02-11,3916.38,SP500
2021-02-12,3934.83,SP500
2021-02-15,,SP500
2021-02-16,3932.59,SP500
2021-02-17,3931.33,SP500
2021-02-18,3913.97,SP500
2021-02-19,3906.71,SP500
2021-02-22,3876.5,SP500
2021-02-23,3881.37,SP500
2021-02-24,3925.43,SP500
2021-02-25,3829.34,SP500
2021-02-26,3811.15,SP500
2021-03-01,3901.82,SP500
2021-03-02,3870.29,SP500
2021-03-03,3819.72,SP500
2021-03-04,3768.47,SP500
2021-03-05,3841.94,SP500
2021-03-08,3821.35,SP500
2021-03-09,3875.44,SP500
2021-03-10,3898.81,SP500
2021-03-11,3939.34,SP500
2021-03-12,3943.34,SP500
2021-03-15,3968.94,SP500
2021-03-16,3962.71,SP500
2021-03-17,3974.12,SP500
2021-03-18,3915.46,SP500
2021-03-19,3913.1,SP500
2021-03-22,3940.59,SP500
2021-03-23,3910.52,SP500
2021-03-24,3889.14,SP500
2021-03-25,3909.52,SP500
2021-03-26,3974.54,SP500
2021-03-29,3971.09,SP500
2021-03-30,3958.55,SP500
2021-03-31,3972.89,SP500
2021-04-01,4019.87,SP500
2021-04-02,,SP500
2021-04-05,4077.91,SP500
2021-04-06,4073.94,SP500
2021-04-07,4079.95,SP500
2021-04-08,4097.17,SP500
2021-04-09,4128.8,SP500
2021-04-12,4127.99,SP500
2021-04-13,4141.59,SP500
2021-04-14,4124.66,SP500
2021-04-15,4170.42,SP500
2021-04-16,4185.47,SP500
2021-04-19,4163.26,SP500
2021-04-20,4134.94,SP500
2021-04-21,4173.42,SP500
2021-04-22,4134.98,SP500
2021-04-23,4180.17,SP500
2021-04-26,4187.62,SP500
2021-04-27,4186.72,SP500
2021-04-28,4183.18,SP500
2021-04-29,4211.47,SP500
2021-04-30,4181.17,SP500
2021-05-03,4192.66,SP500
2021-05-04,4164.66,SP500
2021-05-05,4167.59,SP500
2021-05-06,4201.62,SP500
2021-05-07,4232.6,SP500
2021-05-10,4188.43,SP500
2021-05-11,4152.1,SP500
2021-05-12,4063.04,SP500
2021-05-13,4112.5,SP500
2021-05-14,4173.85,SP500
2021-05-17,4163.29,SP500
2021-05-18,4127.83,SP500
2021-05-19,4115.68,SP500
2021-05-20,4159.12,SP500
2021-05-21,4155.86,SP500
2021-05-24,4197.05,SP500
2021-05-25,4188.13,SP500
2021-05-26,4195.99,SP500
2021-05-27,4200.88,SP500
2021-05-28,4204.11,SP500
2021-05-31,,SP500
2021-06-01,4202.04,SP500
2021-06-02,4208.12,SP500
2021-06-03,4192.85,SP500
2021-06-04,4229.89,SP500
2021-06-07,4226.52,SP500
2021-06-08,4227.26,SP500
2021-06-09,4219.55,SP500
2021-06-10,4239.18,SP500
2021-06-11,4247.44,SP500
2021-06-14,4255.15,SP500
2021-06-15,4246.59,SP500
2021-06-16,4223.7,SP500
2021-06-17,4221.86,SP500
2021-06-18,4166.45,SP500
2021-06-21,4224.79,SP500
2021-06-22,4246.44,SP500
2021-06-23,4241.84,SP500
2021-06-24,4266.49,SP500
2021-06-25,4280.7,SP500
2021-06-28,4290.61,SP500
2021-06-29,4291.8,SP500
2021-06-30,4297.5,SP500
2021-07-01,4319.94,SP500
2021-07-02,4352.34,SP500
2021-07-05,,SP500
2021-07-06,4343.54,SP500
2021-07-07,4358.13,SP500
2021-07-08,4320.82,SP500
2021-07-09,4369.55,SP500
2021-07-12,4384.63,SP500
2021-07-13,4369.21,SP500
2021-07-14,4374.3,SP500
2021-07-15,4360.03,SP500
2021-07-16,4327.16,SP500
2021-07-19,4258.49,SP500
2021-07-20,4323.06,SP500
2021-07-21,4358.69,SP500
2021-07-22,4367.48,SP500
2021-07-23,4411.79,SP500
2021-07-26,4422.3,SP500
2021-07-27,4401.46,SP500
2021-07-28,4400.64,SP500
2021-07-29,4419.15,SP500
2021-07-30,4395.26,SP500
2021-08-02,4387.16,SP500
2021-08-03,4423.15,SP500
2021-08-04,4402.66,SP500
2021-08-05,4429.1,SP500
2021-08-06,4436.52,SP500
2021-08-09,4432.35,SP500
2021-08-10,4436.75,SP500
2021-08-11,4447.7,SP500
2021-08-12,4460.83,SP500
2021-08-13,4468.0,SP500
2021-08-16,4479.71,SP500
2021-08-17,4448.08,SP500
2021-08-18,4400.27,SP500
2021-08-19,4405.8,SP500
2021-08-20,4441.67,SP500
2021-08-23,4479.53,SP500
2021-08-24,4486.23,SP500
2021-08-25,4496.19,SP500
2021-08-26,4470.0,SP500
2021-08-27,4509.37,SP500
2021-08-30,4528.79,SP500
2021-08-31,4522.68,SP500
2021-09-01,4524.09,SP500
2021-09-02,4536.95,SP500
2021-09-03,4535.43,SP500
2021-09-06,,SP500
2021-09-07,4520.03,SP500
2021-09-08,4514.07,SP500
2021-09-09,4493.28,SP500
2021-09-10,4458.58,SP500
2021-09-13,4468.73,SP500
2021-09-14,4443.05,SP500
2021-09-15,4480.7,SP500
2021-09-16,4473.75,SP500
2021-09-17,4432.99,SP500
2021-09-20,4357.73,SP500
2021-09-21,4354.19,SP500
2021-09-22,4395.64,SP500
2021-09-23,4448.98,SP500
2021-09-24,4455.48,SP500
2021-09-27,4443.11,SP500
2021-09-28,4352.63,SP500
2021-09-29,4359.46,SP500
2021-09-30,4307.54,SP500
2021-10-01,4357.04,SP500
2021-10-04,4300.46,SP500
2021-10-05,4345.72,SP500
2021-10-06,4363.55,SP500
2021-10-07,4399.76,SP500
2021-10-08,4391.34,SP500
2021-10-11,4361.19,SP500
2021-10-12,4350.65,SP500
2021-10-13,4363.8,SP500
2021-10-14,4438.26,SP500
2021-10-15,4471.37,SP500
2021-10-18,4486.46,SP500
2021-10-19,4519.63,SP500
2021-10-20,4536.19,SP500
2021-10-21,4549.78,SP500
2021-10-22,4544.9,SP500
2021-10-25,4566.48,SP500
2021-10-26,4574.79,SP500
2021-10-27,4551.68,SP500
2021-10-28,4596.42,SP500
2021-10-29,4605.38,SP500
2021-11-01,4613.67,SP500
2021-11-02,4630.65,SP500
2021-11-03,4660.57,SP500
2021-11-04,4680.06,SP500
2021-11-05,4697.53,SP500
2021-11-08,4701.7,SP500
2021-11-09,4685.25,SP500
2021-11-10,4646.71,SP500
2021-11-11,4649.27,SP500
2021-11-12,4682.85,SP500
2021-11-15,4682.8,SP500
2021-11-16,4700.9,SP500
2021-11-17,4688.67,SP500
2021-11-18,4704.54,SP500
2021-11-19,4697.96,SP500
2021-11-22,4682.94,SP500
2021-11-23,4690.7,SP500
2021-11-24,4701.46,SP500
2021-11-25,,SP500
2021-11-26,4594.62,SP500
2021-11-29,4655.27,SP500
2021-11-30,4567.0,SP500
2021-12-01,4513.04,SP500
2021-12-02,4577.1,SP500
2021-12-03,4538.43,SP500
2021-12-06,4591.67,SP500
2021-12-07,4686.75,SP500
2021-12-08,4701.21,SP500
2021-12-09,4667.45,SP500
2021-12-10,4712.02,SP500
2021-12-13,4668.97,SP500
2021-12-14,4634.09,SP500
2021-12-15,4709.85,SP500
2021-12-16,4668.67,SP500
2021-12-17,4620.64,SP500
2021-12-20,4568.02,SP500
2021-12-21,4649.23,SP500
2021-12-22,4696.56,SP500
2021-12-23,4725.79,SP500
2021-12-24,,SP500
2021-12-27,4791.19,SP500
2021-12-28,4786.35,SP500
2021-12-29,4793.06,SP500
2021-12-30,4778.73,SP500
2021-12-31,4766.18,SP500
2022-01-03,4796.56,SP500
2022-01-04,4793.54,SP500
2022-01-05,4700.58,SP500
2022-01-06,4696.05,SP500
2022-01-07,4677.03,SP500
2022-01-10,4670.29,SP500
2022-01-11,4713.07,SP500
2022-01-12,4726.35,SP500
2022-01-13,4659.03,SP500
2022-01-14,4662.85,SP500
2022-01-17,,SP500
2022-01-18,4577.11,SP500
2022-01-19,4532.76,SP500
2022-01-20,4482.73,SP500
2022-01-21,4397.94,SP500
2022-01-24,4410.13,SP500
2022-01-25,4356.45,SP500
2022-01-26,4349.93,SP500
2022-01-27,4326.51,SP500
2022-01-28,4431.85,SP500
2022-01-31,4515.55,SP500
2022-02-01,4546.54,SP500
2022-02-02,4589.38,SP500
2022-02-03,4477.44,SP500
2022-02-04,4500.53,SP500
2022-02-07,4483.87,SP500
2022-02-08,4521.54,SP500
2022-02-09,4587.18,SP500
2022-02-10,4504.08,SP500
2022-02-11,4418.64,SP500
2022-02-14,4401.67,SP500
2022-02-15,4471.07,SP500
2022-02-16,4475.01,SP500
2022-02-17,4380.26,SP500
2022-02-18,4348.87,SP500
2022-02-21,,SP500
2022-02-22,4304.76,SP500
2022-02-23,4225.5,SP500
2022-02-24,4288.7,SP500
2022-02-25,4384.65,SP500
2022-02-28,4373.94,SP500
2022-03-01,4306.26,SP500
2022-03-02,4386.54,SP500
2022-03-03,4363.49,SP500
2022-03-04,4328.87,SP500
2022-03-07,4201.09,SP500
2022-03-08,4170.7,SP500
2022-03-09,4277.88,SP500
2022-03-10,4259.52,SP500
2022-03-11,4204.31,SP500
2022-03-14,4173.11,SP500
2022-03-15,4262.45,SP500
2022-03-16,4357.86,SP500
2022-03-17,4411.67,SP500
2022-03-18,4463.12,SP500
2022-03-21,4461.18,SP500
2022-03-22,4511.61,SP500
2022-03-23,4456.24,SP500
2022-03-24,4520.16,SP500
2022-03-25,4543.06,SP500
2022-03-28,4575.52,SP500
2022-03-29,4631.6,SP500
2022-03-30,4602.45,SP500
2022-03-31,4530.41,SP500
2022-04-01,4545.86,SP500
2022-04-04,4582.64,SP500
2022-04-05,4525.12,SP500
2022-04-06,4481.15,SP500
2022-04-07,4500.21,SP500
2022-04-08,4488.28,SP500
2022-04-11,4412.53,SP500
2022-04-12,4397.45,SP500
2022-04-13,4446.59,SP500
2022-04-14,4392.59,SP500
2022-04-15,,SP500
2022-04-18,4391.69,SP500
2022-04-19,4462.21,SP500
2022-04-20,4459.45,SP500
2022-04-21,4393.66,SP500
2022-04-22,4271.78,SP500
2022-04-25,4296.12,SP500
2022-04-26,4175.2,SP500
2022-04-27,4183.96,SP500
2022-04-28,4287.5,SP500
2022-04-29,4131.93,SP500
2022-05-02,4155.38,SP500
2022-05-03,4175.48,SP500
2022-05-04,4300.17,SP500
2022-05-05,4146.87,SP500
2022-05-06,4123.34,SP500
2022-05-09,3991.24,SP500
2022-05-10,4001.05,SP500
2022-05-11,3935.18,SP500
2022-05-12,3930.08,SP500
2022-05-13,4023.89,SP500
2022-05-16,4008.01,SP500
2022-05-17,4088.85,SP500
2022-05-18,3923.68,SP500
2022-05-19,3900.79,SP500
2022-05-20,3901.36,SP500
2022-05-23,3973.75,SP500
2022-05-24,3941.48,SP500
2022-05-25,3978.73,SP500
2022-05-26,4057.84,SP500
2022-05-27,4158.24,SP500
2022-05-30,,SP500
2022-05-31,4132.15,SP500
2022-06-01,4101.23,SP500
2022-06-02,4176.82,SP500
2022-06-03,4108.54,SP500
2022-06-06,4121.43,SP500
2022-06-07,4160.68,SP500
2022-06-08,4115.77,SP500
2022-06-09,4017.82,SP500
2022-06-10,3900.86,SP500
2022-06-13,3749.63,SP500
2022-06-14,3735.48,SP500
2022-06-15,3789.99,SP500
2022-06-16,3666.77,SP500
2022-06-17,3674.84,SP500
2022-06-20,,SP500
2022-06-21,3764.79,SP500
2022-06-22,3759.89,SP500
2022-06-23,3795.73,SP500
2022-06-24,3911.74,SP500
2022-06-27,3900.11,SP500
2022-06-28,3821.55,SP500
2022-06-29,3818.83,SP500
2022-06-30,3785.38,SP500
2022-07-01,3825.33,SP500
2022-07-04,,SP500
2022-07-05,3831.39,SP500
2022-07-06,3845.08,SP500
2022-07-07,3902.62,SP500
2022-07-08,3899.38,SP500
2022-07-11,3854.43,SP500
2022-07-12,3818.8,SP500
2022-07-13,3801.78,SP500
2022-07-14,3790.38,SP500
2022-07-15,3863.16,SP500
2022-07-18,3830.85,SP500
2022-07-19,3936.69,SP500
2022-07-20,3959.9,SP500
2022-07-21,3998.95,SP500
2022-07-22,3961.63,SP500
2022-07-25,3966.84,SP500
2022-07-26,3921.05,SP500
2022-07-27,4023.61,SP500
2022-07-28,4072.43,SP500
2022-07-29,4130.29,SP500
2022-08-01,4118.63,SP500
2022-08-02,4091.19,SP500
2022-08-03,4155.17,SP500
2022-08-04,4151.94,SP500
2022-08-05,4145.19,SP500
2022-08-08,4140.06,SP500
2022-08-09,4122.47,SP500
2022-08-10,4210.24,SP500
2022-08-11,4207.27,SP500
2022-08-12,4280.15,SP500
2022-08-15,4297.14,SP500
2022-08-16,4305.2,SP500
2022-08-17,4274.04,SP500
2022-08-18,4283.74,SP500
2022-08-19,4228.48,SP500
2022-08-22,4137.99,SP500
2022-08-23,4128.73,SP500
2022-08-24,4140.77,SP500
2022-08-25,4199.12,SP500
2022-08-26,4057.66,SP500
2022-08-29,4030.61,SP500
2022-08-30,3986.16,SP500
2022-08-31,3955.0,SP500
2022-09-01,3966.85,SP500
2022-09-02,3924.26,SP500
2022-09-05,,SP500
2022-09-06,3908.19,SP500
2022-09-07,3979.87,SP500
2022-09-08,4006.18,SP500
2022-09-09,4067.36,SP500
2022-09-12,4110.41,SP500
2022-09-13,3932.69,SP500
2022-09-14,3946.01,SP500
2022-09-15,3901.35,SP500
2022-09-16,3873.33,SP500
2022-09-19,3899.89,SP500
2022-09-20,3855.93,SP500
2022-09-21,3789.93,SP500
2022-09-22,3757.99,SP500
2022-09-23,3693.23,SP500
2022-09-26,3655.04,SP500
2022-09-27,3647.29,SP500
2022-09-28,3719.04,SP500
2022-09-29,3640.47,SP500
2022-09-30,3585.62,SP500
2022-10-03,3678.43,SP500
2022-10-04,3790.93,SP500
2022-10-05,3783.28,SP500
2022-10-06,3744.52,SP500
2022-10-07,3639.66,SP500
2022-10-10,3612.39,SP500
2022-10-11,3588.84,SP500
2022-10-12,3577.03,SP500
2022-10-13,3669.91,SP500
2022-10-14,3583.07,SP500
2022-10-17,3677.95,SP500
2022-10-18,3719.98,SP500
2022-10-19,3695.16,SP500
2022-10-20,3665.78,SP500
2022-10-21,3752.75,SP500
2022-10-24,3797.34,SP500
2022-10-25,3859.11,SP500
2022-10-26,3830.6,SP500
2022-10-27,3807.3,SP500
2022-10-28,3901.06,SP500
2022-10-31,3871.98,SP500
2022-11-01,3856.1,SP500
2022-11-02,3759.69,SP500
2022-11-03,3719.89,SP500
2022-11-04,3770.55,SP500
2022-11-07,3806.8,SP500
2022-11-08,3828.11,SP500
2022-11-09,3748.57,SP500
2022-11-10,3956.37,SP500
2022-11-11,3992.93,SP500
2022-11-14,3957.25,SP500
2022-11-15,3991.73,SP500
2022-11-16,3958.79,SP500
2022-11-17,3946.56,SP500
2022-11-18,3965.34,SP500
2022-11-21,3949.94,SP500
2022-11-22,4003.58,SP500
2022-11-23,4027.26,SP500
2022-11-24,,SP500
2022-11-25,4026.12,SP500
2022-11-28,3963.94,SP500
2022-11-29,3957.63,SP500
2022-11-30,4080.11,SP500
2022-12-01,4076.57,SP500
2022-12-02,4071.7,SP500
2022-12-05,3998.84,SP500
2022-12-06,3941.26,SP500
2022-12-07,3933.92,SP500
2022-12-08,3963.51,SP500
2022-12-09,3934.38,SP500
2022-12-12,3990.56,SP500
2022-12-13,4019.65,SP500
2022-12-14,3995.32,SP500
2022-12-15,3895.75,SP500
2022-12-16,3852.36,SP500
2022-12-19,3817.66,SP500
2022-12-20,3821.62,SP500
2022-12-21,3878.44,SP500
2022-12-22,3822.39,SP500
2022-12-23,3844.82,SP500
2022-12-26,,SP500
2022-12-27,3829.25,SP500
2022-12-28,3783.22,SP500
2022-12-29,3849.28,SP500
2022-12-30,3839.5,SP500
2023-01-02,,SP500
2023-01-03,3824.14,SP500
2023-01-04,3852.97,SP500
2023-01-05,3808.1,SP500
2023-01-06,3895.08,SP500
2023-01-09,3892.09,SP500
2023-01-10,3919.25,SP500
2023-01-11,3969.61,SP500
2023-01-12,3983.17,SP500
2023-01-13,3999.09,SP500
2023-01-16,,SP500
2023-01-17,3990.97,SP500
2023-01-18,3928.86,SP500
2023-01-19,3898.85,SP500
2023-01-20,3972.61,SP500
2023-01-23,4019.81,SP500
2023-01-24,4016.95,SP500
2023-01-25,4016.22,SP500
2023-01-26,4060.43,SP500
2023-01-27,4070.56,SP500
2023-01-30,4017.77,SP500
2023-01-31,4076.6,SP500
2023-02-01,4119.21,SP500
2023-02-02,4179.76,SP500
2023-02-03,4136.48,SP500
2023-02-06,4111.08,SP500
2023-02-07,4164.0,SP500
2023-02-08,4117.86,SP500
2023-02-09,4081.5,SP500
2023-02-10,4090.46,SP500
2023-02-13,4137.29,SP500
2023-02-14,4136.13,SP500
2023-02-15,4147.6,SP500
2023-02-16,4090.41,SP500
2023-02-17,4079.09,SP500
2023-02-20,,SP500
2023-02-21,3997.34,SP500
2023-02-22,3991.05,SP500
2023-02-23,4012.32,SP500
2023-02-24,3970.04,SP500
2023-02-27,3982.24,SP500
2023-02-28,3970.15,SP500
2023-03-01,3951.39,SP500
2023-03-02,3981.35,SP500
2023-03-03,4045.64,SP500
2023-03-06,4048.42,SP500
2023-03-07,3986.37,SP500
2023-03-08,3992.01,SP500
2023-03-09,3918.32,SP500
2023-03-10,3861.59,SP500
2023-03-13,3855.76,SP500
2023-03-14,3919.29,SP500
2023-03-15,3891.93,SP500
2023-03-16,3960.28,SP500
2023-03-17,3916.64,SP500
2023-03-20,3951.57,SP500
2023-03-21,4002.87,SP500
2023-03-22,3936.97,SP500
2023-03-23,3948.72,SP500
2023-03-24,3970.99,SP500
2023-03-27,3977.53,SP500
2023-03-28,3971.27,SP500
2023-03-29,4027.81,SP500
2023-03-30,4050.83,SP500
2023-03-31,4109.31,SP500
2023-04-03,4124.51,SP500
2023-04-04,4100.6,SP500
2023-04-05,4090.38,SP500
2023-04-06,4105.02,SP500
2023-04-07,,SP500
2023-04-10,4109.11,SP500
2023-04-11,4108.94,SP500
2023-04-12,4091.95,SP500
2023-04-13,4146.22,SP500
2023-04-14,4137.64,SP500
2023-04-17,4151.32,SP500
2023-04-18,4154.87,SP500
2023-04-19,4154.52,SP500
2023-04-20,4129.79,SP500
2023-04-21,4133.52,SP500
2023-04-24,4137.04,SP500
2023-04-25,4071.63,SP500
2023-04-26,4055.99,SP500
2023-04-27,4135.35,SP500
2023-04-28,4169.48,SP500
2023-05-01,4167.87,SP500
2023-05-02,4119.58,SP500
2023-05-03,4090.75,SP500
2023-05-04,4061.22,SP500
2023-05-05,4136.25,SP500
2023-05-08,4138.12,SP500
2023-05-09,4119.17,SP500
2023-05-10,4137.64,SP500
2023-05-11,4130.62,SP500
2023-05-12,4124.08,SP500
2023-05-15,4136.28,SP500
2023-05-16,4109.9,SP500
2023-05-17,4158.77,SP500
2023-05-18,4198.05,SP500
2023-05-19,4191.98,SP500
2023-05-22,4192.63,SP500
2023-05-23,4145.58,SP500
2023-05-24,4115.24,SP500
2023-05-25,4151.28,SP500
2023-05-26,4205.45,SP500
2023-05-29,,SP500
2023-05-30,4205.52,SP500
2023-05-31,4179.83,SP500
2023-06-01,4221.02,SP500
2023-06-02,4282.37,SP500
2023-06-05,4273.79,SP500
2023-06-06,4283.85,SP500
2023-06-07,4267.52,SP500
2023-06-08,4293.93,SP500
2023-06-09,4298.86,SP500
2023-06-12,4338.93,SP500
2023-06-13,4369.01,SP500
2023-06-14,4372.59,SP500
2023-06-15,4425.84,SP500
2023-06-16,4409.59,SP500
2023-06-19,,SP500
2023-06-20,4388.71,SP500
2023-06-21,4365.69,SP500
2023-06-22,4381.89,SP500
2023-06-23,4348.33,SP500
2023-06-26,4328.82,SP500
2023-06-27,4378.41,SP500
2023-06-28,4376.86,SP500
2023-06-29,4396.44,SP500
2023-06-30,4450.38,SP500
2023-07-03,4455.59,SP500
2023-07-04,,SP500
2023-07-05,4446.82,SP500
2023-07-06,4411.59,SP500
2023-07-07,4398.95,SP500
2023-07-10,4409.53,SP500
2023-07-11,4439.26,SP500
2023-07-12,4472.16,SP500
2023-07-13,4510.04,SP500
2023-07-14,4505.42,SP500
2023-07-17,4522.79,SP500
2023-07-18,4554.98,SP500
2023-07-19,4565.72,SP500
2023-07-20,4534.87,SP500
2023-07-21,4536.34,SP500
2023-07-24,4554.64,SP500
2023-07-25,4567.46,SP500
2023-07-26,4566.75,SP500
2023-07-27,4537.41,SP500
2023-07-28,4582.23,SP500
2023-07-31,4588.96,SP500
2023-08-01,4576.73,SP500
2023-08-02,4513.39,SP500
2023-08-03,4501.89,SP500
2023-08-04,4478.03,SP500
2023-08-07,4518.44,SP500
2023-08-08,4499.38,SP500
2023-08-09,4467.71,SP500
2023-08-10,4468.83,SP500
2023-08-11,4464.05,SP500
2023-08-14,4489.72,SP500
2023-08-15,4437.86,SP500
2023-08-16,4404.33,SP500
2023-08-17,4370.36,SP500
2023-08-18,4369.71,SP500
2023-08-21,4399.77,SP500
2023-08-22,4387.55,SP500
2023-08-23,4436.01,SP500
2023-08-24,4376.31,SP500
2023-08-25,4405.71,SP500
2023-08-28,4433.31,SP500
2023-08-29,4497.63,SP500
2023-08-30,4514.87,SP500
2023-08-31,4507.66,SP500
2023-09-01,4515.77,SP500
2023-09-04,,SP500
2023-09-05,4496.83,SP500
2023-09-06,4465.48,SP500
2023-09-07,4451.14,SP500
2023-09-08,4457.49,SP500
2023-09-11,4487.46,SP500
2023-09-12,4461.9,SP500
2023-09-13,4467.44,SP500
2023-09-14,4505.1,SP500
2023-09-15,4450.32,SP500
2023-09-18,4453.53,SP500
2023-09-19,4443.95,SP500
2023-09-20,4402.2,SP500
2023-09-21,4330.0,SP500
2023-09-22,4320.06,SP500
2023-09-25,4337.44,SP500
2023-09-26,4273.53,SP500
2023-09-27,4274.51,SP500
2023-09-28,4299.7,SP500
2023-09-29,4288.05,SP500
2023-10-02,4288.39,SP500
2023-10-03,4229.45,SP500
2023-10-04,4263.75,SP500
2023-10-05,4258.19,SP500
2023-10-06,4308.5,SP500
2023-10-09,4335.66,SP500
2023-10-10,4358.24,SP500
2023-10-11,4376.95,SP500
2023-10-12,4349.61,SP500
2023-10-13,4327.78,SP500
2023-10-16,4373.63,SP500
2023-10-17,4373.2,SP500
2023-10-18,4314.6,SP500
2023-10-19,4278.0,SP500
2023-10-20,4224.16,SP500
2023-10-23,4217.04,SP500
2023-10-24,4247.68,SP500
2023-10-25,4186.77,SP500
2023-10-26,4137.23,SP500
2023-10-27,4117.37,SP500
2023-10-30,4166.82,SP500
2023-10-31,4193.8,SP500
2023-11-01,4237.86,SP500
2023-11-02,4317.78,SP500
2023-11-03,4358.34,SP500
2023-11-06,4365.98,SP500
2023-11-07,4378.38,SP500
2023-11-08,4382.78,SP500
2023-11-09,4347.35,SP500
2023-11-10,4415.24,SP500
2023-11-13,4411.55,SP500
2023-11-14,4495.7,SP500
2023-11-15,4502.88,SP500
2023-11-16,4508.24,SP500
2023-11-17,4514.02,SP500
2023-11-20,4547.38,SP500
2023-11-21,4538.19,SP500
2023-11-22,4556.62,SP500
2023-11-23,,SP500
2023-11-24,4559.34,SP500
2023-11-27,4550.43,SP500
2023-11-28,4554.89,SP500
2023-11-29,4550.58,SP500
2023-11-30,4567.8,SP500
2023-12-01,4594.63,SP500
2023-12-04,4569.78,SP500
2023-12-05,4567.18,SP500
2023-12-06,4549.34,SP500
2023-12-07,4585.59,SP500
2023-12-08,4604.37,SP500
2023-12-11,4622.44,SP500
2023-12-12,4643.7,SP500
2023-12-13,4707.09,SP500
2023-12-14,4719.55,SP500
2023-12-15,4719.19,SP500
2023-12-18,4740.56,SP500
2023-12-19,4768.37,SP500
2023-12-20,4698.35,SP500
2023-12-21,4746.75,SP500
2023-12-22,4754.63,SP500
2023-12-25,,SP500
2023-12-26,4774.75,SP500
2023-12-27,4781.58,SP500
2023-12-28,4783.35,SP500
2023-12-29,4769.83,SP500
2024-01-01,,SP500
2024-01-02,4742.83,SP500
2024-01-03,4704.81,SP500
2024-01-04,4688.68,SP500
2024-01-05,4697.24,SP500
2024-01-08,4763.54,SP500
2024-01-09,4756.5,SP500
2024-01-10,4783.45,SP500
2024-01-11,4780.24,SP500
2024-01-12,4783.83,SP500
2024-01-15,,SP500
2024-01-16,4765.98,SP500
2024-01-17,4739.21,SP500
2024-01-18,4780.94,SP500
2024-01-19,4839.81,SP500
2024-01-22,4850.43,SP500
2024-01-23,4864.6,SP500
2024-01-24,4868.55,SP500
2024-01-25,4894.16,SP500
2024-01-26,4890.97,SP500
2024-01-29,4927.93,SP500
2024-01-30,4924.97,SP500
2024-01-31,4845.65,SP500
2024-02-01,4906.19,SP500
2024-02-02,4958.61,SP500
2024-02-05,4942.81,SP500
2024-02-06,4954.23,SP500
2024-02-07,4995.06,SP500
2024-02-08,4997.91,SP500
2024-02-09,5026.61,SP500
2024-02-12,5021.84,SP500
2024-02-13,4953.17,SP500
2024-02-14,5000.62,SP500
2024-02-15,5029.73,SP500
2024-02-16,5005.57,SP500
2024-02-19,,SP500
2024-02-20,4975.51,SP500
2024-02-21,4981.8,SP500
2024-02-22,5087.03,SP500
2024-02-23,5088.8,SP500
2024-02-26,5069.53,SP500
2024-02-27,5078.18,SP500
2024-02-28,5069.76,SP500
2024-02-29,5096.27,SP500
2024-03-01,5137.08,SP500
2024-03-04,5130.95,SP500
2024-03-05,5078.65,SP500
2024-03-06,5104.76,SP500
2024-03-07,5157.36,SP500
2024-03-08,5123.69,SP500
2024-03-11,5117.94,SP500
2024-03-12,5175.27,SP500
2024-03-13,5165.31,SP500
2024-03-14,5150.48,SP500
2024-03-15,5117.09,SP500
2024-03-18,5149.42,SP500
2024-03-19,5178.51,SP500
2024-03-20,5224.62,SP500
2024-03-21,5241.53,SP500
2024-03-22,5234.18,SP500
2024-03-25,5218.19,SP500
2024-03-26,5203.58,SP500
2024-03-27,5248.49,SP500
2024-03-28,5254.35,SP500
2024-03-29,,SP500
2024-04-01,5243.77,SP500
2024-04-02,5205.81,SP500
2024-04-03,5211.49,SP500
2024-04-04,5147.21,SP500
2024-04-05,5204.34,SP500
2024-04-08,5202.39,SP500
2024-04-09,5209.91,SP500
2024-04-10,5160.64,SP500
2024-04-11,5199.06,SP500
2024-04-12,5123.41,SP500
2024-04-15,5061.82,SP500
2024-04-16,5051.41,SP500
2024-04-17,5022.21,SP500
2024-04-18,5011.12,SP500
2024-04-19,4967.23,SP500
2024-04-22,5010.6,SP500
2024-04-23,5070.55,SP500
2024-04-24,5071.63,SP500
2024-04-25,5048.42,SP500
2024-04-26,5099.96,SP500
2024-04-29,5116.17,SP500
2024-04-30,5035.69,SP500
2024-05-01,5018.39,SP500
2024-05-02,5064.2,SP500
2024-05-03,5127.79,SP500
2024-05-06,5180.74,SP500
2024-05-07,5187.7,SP500
2024-05-08,5187.67,SP500
2024-05-09,5214.08,SP500
2024-05-10,5222.68,SP500
2024-05-13,5221.42,SP500
2024-05-14,5246.68,SP500
2024-05-15,5308.15,SP500
2024-05-16,5297.1,SP500
2024-05-17,5303.27,SP500
2024-05-20,5308.13,SP500
2024-05-21,5321.41,SP500
2024-05-22,5307.01,SP500
2024-05-23,5267.84,SP500
2024-05-24,5304.72,SP500
2024-05-27,,SP500
2024-05-28,5306.04,SP500
2024-05-29,5266.95,SP500
2024-05-30,5235.48,SP500
2024-05-31,5277.51,SP500
2024-06-03,5283.4,SP500
2024-06-04,5291.34,SP500
2024-06-05,5354.03,SP500
2024-06-06,5352.96,SP500
2024-06-07,5346.99,SP500
2024-06-10,5360.79,SP500
2024-06-11,5375.32,SP500
2024-06-12,5421.03,SP500
2024-06-13,5433.74,SP500
2024-06-14,5431.6,SP500
2024-06-17,5473.23,SP500
2024-06-18,5487.03,SP500
2024-06-19,,SP500
2024-06-20,5473.17,SP500
2024-06-21,5464.62,SP500
2024-06-24,5447.87,SP500
2024-06-25,5469.3,SP500
2024-06-26,5477.9,SP500
2024-06-27,5482.87,SP500
2024-06-28,5460.48,SP500
2024-07-01,5475.09,SP500
2024-07-02,5509.01,SP500
2024-07-03,5537.02,SP500
2024-07-04,,SP500
2024-07-05,5567.19,SP500
2024-07-08,5572.85,SP500
2024-07-09,5576.98,SP500
2024-07-10,5633.91,SP500
2024-07-11,5584.54,SP500
2024-07-12,5615.35,SP500
2024-07-15,5631.22,SP500
2024-07-16,5667.2,SP500
2024-07-17,5588.27,SP500
2024-07-18,5544.59,SP500
2024-07-19,5505.0,SP500
2024-07-22,5564.41,SP500
2024-07-23,5555.74,SP500
2024-07-24,5427.13,SP500
2024-07-25,5399.22,SP500
2024-07-26,5459.1,SP500
2024-07-29,5463.54,SP500
2024-07-30,5436.44,SP500
2024-07-31,5522.3,SP500
2024-08-01,5446.68,SP500
2024-08-02,5346.56,SP500
2024-08-05,5186.33,SP500
2024-08-06,5240.03,SP500
2024-08-07,5199.5,SP500
2024-08-08,5319.31,SP500
2024-08-09,5344.16,SP500
2024-08-12,5344.39,SP500
2024-08-13,5434.43,SP500
2024-08-14,5455.21,SP500
2024-08-15,5543.22,SP500
2024-08-16,5554.25,SP500
2024-08-19,5608.25,SP500
2024-08-20,5597.12,SP500
2024-08-21,5620.85,SP500
2024-08-22,5570.64,SP500
2024-08-23,5634.61,SP500
2024-08-26,5616.84,SP500
2024-08-27,5625.8,SP500
2024-08-28,5592.18,SP500
2024-08-29,5591.96,SP500
2024-08-30,5648.4,SP500
2024-09-02,,SP500
2024-09-03,5528.93,SP500
2024-09-04,5520.07,SP500
2024-09-05,5503.41,SP500
2024-09-06,5408.42,SP500
2024-09-09,5471.05,SP500
2024-09-10,5495.52,SP500
2024-09-11,5554.13,SP500
2024-09-12,5595.76,SP500
2024-09-13,5626.02,SP500
2024-09-16,5633.09,SP500
2024-09-17,5634.58,SP500
2024-09-18,5618.26,SP500
2024-09-19,5713.64,SP500
2024-09-20,5702.55,SP500
2024-09-23,5718.57,SP500
2024-09-24,5732.93,SP500
2024-09-25,5722.26,SP500
2024-09-26,5745.37,SP500
2024-09-27,5738.17,SP500
2024-09-30,5762.48,SP500
2024-10-01,5708.75,SP500
2024-10-02,5709.54,SP500
2024-10-03,5699.94,SP500
2024-10-04,5751.07,SP500
2024-10-07,5695.94,SP500
2024-10-08,5751.13,SP500
2024-10-09,5792.04,SP500
2024-10-10,5780.05,SP500
2024-10-11,5815.03,SP500
2024-10-14,5859.85,SP500
2024-10-15,5815.26,SP500
2024-10-16,5842.47,SP500
2024-10-17,5841.47,SP500
2024-10-18,5864.67,SP500
2024-10-21,5853.98,SP500
2024-10-22,5851.2,SP500
2024-10-23,5797.42,SP500
2024-10-24,5809.86,SP500
2024-10-25,5808.12,SP500
2024-10-28,5823.52,SP500
2024-10-29,5832.92,SP500
2024-10-30,5813.67,SP500
2024-10-31,5705.45,SP500
2024-11-01,5728.8,SP500
2024-11-04,5712.69,SP500
2024-11-05,5782.76,SP500
2024-11-06,5929.04,SP500
2024-11-07,5973.1,SP500
2024-11-08,5995.54,SP500
2024-11-11,6001.35,SP500
2024-11-12,5983.99,SP500
2024-11-13,5985.38,SP500
2024-11-14,5949.17,SP500
2024-11-15,5870.62,SP500
2024-11-18,5893.62,SP500
2024-11-19,5916.98,SP500
2024-11-20,5917.11,SP500
2024-11-21,5948.71,SP500
2024-11-22,5969.34,SP500
2024-11-25,5987.37,SP500
2024-11-26,6021.63,SP500
2024-11-27,5998.74,SP500
2024-11-28,,SP500
2024-11-29,6032.38,SP500
2024-12-02,6047.15,SP500
2024-12-03,6049.88,SP500
2024-12-04,6086.49,SP500
2024-12-05,6075.11,SP500
2024-12-06,6090.27,SP500
2024-12-09,6052.85,SP500
2024-12-10,6034.91,SP500
2024-12-11,6084.19,SP500
2024-12-12,6051.25,SP500
2024-12-13,6051.09,SP500
2024-12-16,6074.08,SP500
2024-12-17,6050.61,SP500
2024-12-18,5872.16,SP500
2024-12-19,5867.08,SP500
2024-12-20,5930.85,SP500
2024-12-23,5974.07,SP500
2024-12-24,6040.04,SP500
2024-12-25,,SP500
2024-12-26,6037.59,SP500
2024-12-27,5970.84,SP500
2024-12-30,5906.94,SP500
2024-12-31,5881.63,SP500
2025-01-01,,SP500
2025-01-02,5868.55,SP500
2025-01-03,5942.47,SP500
2025-01-06,5975.38,SP500
2025-01-07,5909.03,SP500
2025-01-08,5918.25,SP500
2025-01-09,,SP500
2025-01-10,5827.04,SP500
2025-01-13,5836.22,SP500
2025-01-14,5842.91,SP500
2025-01-15,5949.91,SP500
2025-01-16,5937.34,SP500
2025-01-17,5996.66,SP500
2025-01-20,,SP500
2025-01-21,6049.24,SP500
2025-01-22,6086.37,SP500
2025-01-23,6118.71,SP500
2025-01-24,6101.24,SP500
2025-01-27,6012.28,SP500
2025-01-28,6067.7,SP500
2025-01-29,6039.31,SP500
2025-01-30,6071.17,SP500
2025-01-31,6040.53,SP500
2025-02-03,5994.57,SP500
2025-02-04,6037.88,SP500
2025-02-05,6061.48,SP500
2025-02-06,6083.57,SP500
2025-02-07,6025.99,SP500
2025-02-10,6066.44,SP500
2025-02-11,6068.5,SP500
2025-02-12,6051.97,SP500
2025-02-13,6115.07,SP500
2025-02-14,6114.63,SP500
2025-02-17,,SP500
2025-02-18,6129.58,SP500
2025-02-19,6144.15,SP500
2025-02-20,6117.52,SP500
2025-02-21,6013.13,SP500
2025-02-24,5983.25,SP500
2025-02-25,5955.25,SP500
2025-02-26,5956.06,SP500
2025-02-27,5861.57,SP500
2025-02-28,5954.5,SP500
2025-03-03,5849.72,SP500
2025-03-04,5778.15,SP500
2025-03-05,5842.63,SP500
2025-03-06,5738.52,SP500
2025-03-07,5770.2,SP500
2025-03-10,5614.56,SP500
2025-03-11,5572.07,SP500
2025-03-12,5599.3,SP500
2025-03-13,5521.52,SP500
2025-03-14,5638.94,SP500
2025-03-17,5675.12,SP500
2025-03-18,5614.66,SP500
2025-03-19,5675.29,SP500
2025-03-20,5662.89,SP500
2025-03-21,5667.56,SP500
2025-03-24,5767.57,SP500
2025-03-25,5776.65,SP500
2025-03-26,5712.2,SP500
2025-03-27,5693.31,SP500
2025-03-28,5580.94,SP500
2025-03-31,5611.85,SP500
2025-04-01,5633.07,SP500
2025-04-02,5670.97,SP500
2025-04-03,5396.52,SP500
2025-04-04,5074.08,SP500
2025-04-07,5062.25,SP500
2025-04-08,4982.77,SP500
2025-04-09,5456.9,SP500
2025-04-10,5268.05,SP500
2025-04-11,5363.36,SP500
2025-04-14,5405.97,SP500
2025-04-15,5396.63,SP500
2025-04-16,5275.7,SP500
2025-04-17,5282.7,SP500
2025-04-18,,SP500
2025-04-21,5158.2,SP500
2025-04-22,5287.76,SP500
2025-04-23,5375.86,SP500
2025-04-24,5484.77,SP500
2025-04-25,5525.21,SP500
2025-04-28,5528.75,SP500
2025-04-29,5560.83,SP500
2025-04-30,5569.06,SP500
2025-05-01,5604.14,SP500
2025-05-02,5686.67,SP500
2025-05-05,5650.38,SP500
2025-05-06,5606.91,SP500
2025-05-07,5631.28,SP500
2025-05-08,5663.94,SP500
2025-05-09,5659.91,SP500
2025-05-12,5844.19,SP500
2025-05-13,5886.55,SP500
2025-05-14,5892.58,SP500
2025-05-15,5916.93,SP500
2025-05-16,5958.38,SP500
2025-05-19,5963.6,SP500
2025-05-20,5940.46,SP500
2025-05-21,5844.61,SP500
2025-05-22,5842.01,SP500
2025-05-23,5802.82,SP500
2025-05-26,,SP500
2025-05-27,5921.54,SP500
2025-05-28,5888.55,SP500
2025-05-29,5912.17,SP500
2025-05-30,5911.69,SP500
2025-06-02,5935.94,SP500
2025-06-03,5970.37,SP500
2025-06-04,5970.81,SP500
2025-06-05,5939.3,SP500
2025-06-06,6000.36,SP500
2025-06-09,6005.88,SP500
2025-06-10,6038.81,SP500
2025-06-11,6022.24,SP500
2025-06-12,6045.26,SP500
2025-06-13,5976.97,SP500
2025-06-16,6033.11,SP500
2025-06-17,5982.72,SP500
2025-06-18,5980.87,SP500
2025-06-19,,SP500
2025-06-20,5967.84,SP500
2025-06-23,6025.17,SP500
2025-06-24,6092.18,SP500
2025-06-25,6092.16,SP500
2025-06-26,6141.02,SP500
2025-06-27,6173.07,SP500
2025-06-30,6204.95,SP500
2025-07-01,6198.01,SP500
2025-07-02,6227.42,SP500
2025-07-03,6279.35,SP500
2025-07-04,,SP500
2025-07-07,6229.98,SP500
2025-07-08,6225.52,SP500
2025-07-09,6263.26,SP500
2025-07-10,6280.46,SP500
2025-07-11,6259.75,SP500
2025-07-14,6268.56,SP500
2025-07-15,6243.76,SP500
2025-07-16,6263.7,SP500
2025-07-17,6297.36,SP500
2025-07-18,6296.79,SP500
2025-07-21,6305.6,SP500
2025-07-22,6309.62,SP500
2025-07-23,6358.91,SP500
2025-07-24,6363.35,SP500
2025-07-25,6388.64,SP500
2025-07-28,6389.77,SP500
2025-07-29,6370.86,SP500
2025-07-30,6362.9,SP500
2025-07-31,6339.39,SP500
2025-08-01,6238.01,SP500
2025-08-04,6329.94,SP500
2025-08-05,6299.19,SP500
2025-08-06,6345.06,SP500
2025-08-07,6340.0,SP500
2025-08-08,6389.45,SP500
2025-08-11,6373.45,SP500
2025-08-12,6445.76,SP500
2025-08-13,6466.58,SP500
2025-08-14,6468.54,SP500
2025-08-15,6449.8,SP500
2025-08-18,6449.15,SP500
2025-08-19,6411.37,SP500
2025-08-20,6395.78,SP500
2025-08-21,6370.17,SP500
2025-08-22,6466.91,SP500
2025-08-25,6439.32,SP500
2025-08-26,6465.94,SP500
2025-08-27,6481.4,SP500
2025-08-28,6501.86,SP500
2025-08-29,6460.26,SP500
2025-09-01,,SP500
2025-09-02,6415.54,SP500
2025-09-03,6448.26,SP500
2025-09-04,6502.08,SP500
2025-09-05,6481.5,SP500
2025-09-08,6495.15,SP500
2025-09-09,6512.61,SP500
2025-09-10,6532.04,SP500
2025-09-11,6587.47,SP500
2025-09-12,6584.29,SP500
2025-09-15,6615.28,SP500
2025-09-16,6606.76,SP500
2025-09-17,6600.35,SP500
2025-09-18,6631.96,SP500
2025-09-19,6664.36,SP500
2025-09-22,6693.75,SP500
2025-09-23,6656.92,SP500
2025-09-24,6637.97,SP500
2025-09-25,6604.72,SP500
2025-09-26,6643.7,SP500
2025-09-29,6661.21,SP500
2025-09-30,6688.46,SP500
2025-10-01,6711.2,SP500
2025-10-02,6715.35,SP500
2025-10-03,6715.79,SP500
2025-10-06,6740.28,SP500
2025-10-07,6714.59,SP500
2025-10-08,6753.72,SP500
2025-10-09,6735.11,SP500
2025-10-10,6552.51,SP500
2025-10-13,6654.72,SP500
2025-10-14,6644.31,SP500
2025-10-15,6671.06,SP500
2025-10-16,6629.07,SP500
2025-10-17,6664.01,SP500
2025-10-20,6735.13,SP500
2025-10-21,6735.35,SP500
2025-10-22,6699.4,SP500
2025-10-23,6738.44,SP500
2025-10-24,6791.69,SP500
2025-10-27,6875.16,SP500
2025-10-28,6890.89,SP500
2025-10-29,6890.59,SP500
2025-10-30,6822.34,SP500
2025-10-31,6840.2,SP500
2025-11-03,6851.97,SP500
2025-11-04,6771.55,SP500
2025-11-05,6796.29,SP500
2025-11-06,6720.32,SP500
2025-11-07,6728.8,SP500
2025-11-10,6832.43,SP500
2025-11-11,6846.61,SP500
2025-11-12,6850.92,SP500
2025-11-13,6737.49,SP500
2025-11-14,6734.11,SP500
2025-11-17,6672.41,SP500
2025-11-18,6617.32,SP500
2025-11-19,6642.16,SP500
2025-11-20,6538.76,SP500
2025-11-21,6602.99,SP500
2025-11-24,6705.12,SP500
2025-11-25,6765.88,SP500
2025-11-26,6812.61,SP500
2025-11-27,,SP500
2025-11-28,6849.09,SP500
2025-12-01,6812.63,SP500
2025-12-02,6829.37,SP500
2025-12-03,6849.72,SP500
2025-12-04,6857.12,SP500
2025-12-05,6870.4,SP500
2025-12-08,6846.51,SP500
2025-12-09,6840.51,SP500
2025-12-10,6886.68,SP500
2025-12-11,6901.0,SP500
2025-12-12,6827.41,SP500
2025-12-15,6816.51,SP500
2025-12-16,6800.26,SP500
2025-12-17,6721.43,SP500
2025-12-18,6774.76,SP500
2025-12-19,6834.5,SP500
2025-12-22,6878.49,SP500
2025-12-23,6909.79,SP500
2025-12-24,6932.05,SP500
2025-12-25,,SP500
2025-12-26,6929.94,SP500
2025-12-29,6905.74,SP500
2025-12-30,6896.24,SP500
2025-12-31,6845.5,SP500
2026-01-01,,SP500
2026-01-02,6858.47,SP500
2026-01-05,6902.05,SP500
2026-01-06,6944.82,SP500
2026-01-07,6920.93,SP500
2026-01-08,6921.46,SP500
2026-01-09,6966.28,SP500
2026-01-12,6977.27,SP500
2026-01-13,6963.74,SP500
2026-01-14,6926.6,SP500
2026-01-15,6944.47,SP500
2026-01-16,6940.01,SP500
2026-01-19,,SP500
2026-01-20,6796.86,SP500
2026-01-21,6875.62,SP500
2026-01-22,6913.35,SP500
2026-01-23,6915.61,SP500
2026-01-26,6950.23,SP500
2026-01-27,6978.6,SP500
2026-01-28,6978.03,SP500
2026-01-29,6969.01,SP500
2026-01-30,6939.03,SP500
2026-02-02,6976.44,SP500
2026-02-03,6917.81,SP500
2026-02-04,6882.72,SP500
2026-02-05,6798.4,SP500
2026-02-06,6932.3,SP500
2026-02-09,6964.82,SP500
2026-02-10,6941.81,SP500
2026-02-11,6941.47,SP500
2026-02-12,6832.76,SP500
2026-02-13,6836.17,SP500
2026-02-16,,SP500
2026-02-17,6843.22,SP500
2026-02-18,6881.31,SP500
2026-02-19,6861.89,SP500
2026-02-20,6909.51,SP500
2026-02-23,6837.75,SP500
2026-02-24,6890.07,SP500
2026-02-25,6946.13,SP500
2026-02-26,6908.86,SP500
2026-02-27,6878.88,SP500
2026-03-02,6881.62,SP500
2026-03-03,6816.63,SP500
2026-03-04,6869.5,SP500
2026-03-05,6830.71,SP500
2026-03-06,6740.02,SP500
2026-03-09,6795.99,SP500
2026-03-10,6781.48,SP500
2026-03-11,6775.8,SP500
2026-03-12,6672.62,SP500
2026-03-13,6632.19,SP500
2026-03-16,6699.38,SP500
2026-03-17,6716.09,SP500
2026-03-18,6624.7,SP500
2026-03-19,6606.49,SP500
2026-03-20,6506.48,SP500
2026-03-23,6581.0,SP500
2026-03-24,6556.37,SP500
2026-03-25,6591.9,SP500
2026-03-26,6477.16,SP500
2026-03-27,6368.85,SP500
2026-03-30,6343.72,SP500
2026-03-31,6528.52,SP500
2026-04-01,6575.32,SP500
2026-04-02,6582.69,SP500
2026-04-03,,SP500
2026-04-06,6611.83,SP500
2026-04-07,6616.85,SP500
2026-04-08,6782.81,SP500
2026-04-09,6824.66,SP500
2026-04-10,6816.89,SP500
2026-04-13,6886.24,SP500
2026-04-14,6967.38,SP500
2026-04-15,7022.95,SP500
2026-04-16,7041.28,SP500
2026-04-17,7126.06,SP500
2026-04-20,7109.14,SP500
2026-04-21,7064.01,SP500
2026-04-22,7137.9,SP500
2026-04-23,7108.4,SP500
2026-04-24,7165.08,SP500
2026-04-27,7173.91,SP500
2026-04-28,7138.8,SP500
2026-04-29,7135.95,SP500
2026-04-30,7209.01,SP500
2026-05-01,7230.12,SP500
2026-05-04,7200.75,SP500
2026-05-05,7259.22,SP500
2026-05-06,7365.12,SP500
2026-05-07,7337.11,SP500
2026-05-08,7398.93,SP500
2026-05-11,7412.84,SP500
2026-05-12,7400.96,SP500
2026-05-13,7444.25,SP500
2026-05-14,7501.24,SP500
2026-05-15,7408.5,SP500
2026-05-18,7403.05,SP500
2026-05-19,7353.61,SP500
2026-05-20,7432.97,SP500
2026-05-21,7445.72,SP500
2026-05-22,7473.47,SP500
2026-05-25,,SP500
2026-05-26,7519.12,SP500
2026-05-27,7520.36,SP500
2026-05-28,7563.63,SP500
2026-05-29,7580.06,SP500
2026-06-01,7599.96,SP500
2026-06-02,7609.78,SP500
2026-06-03,7553.68,SP500
2026-06-04,7584.31,SP500
2026-06-05,7383.74,SP500
2026-06-08,7405.73,SP500
2026-06-09,7386.65,SP500
